x,y,z
2.9724,0.0,0.0
2.962,0.2331,0.0
2.9387,0.4654,0.0
2.9229,0.7017,0.0
2.8298,0.9195,0.0
2.7563,1.1417,0.0
2.6743,1.3626,0.0
2.5517,1.5637,0.0
2.4406,1.7732,0.0
2.2734,1.9417,0.0
2.1112,2.1112,0.0
1.9465,2.2791,0.0
1.7477,2.4055,0.0
1.5751,2.5703,0.0
1.3542,2.6577,0.0
1.1418,2.7566,0.0
0.9275,2.8544,0.0
0.6932,2.8875,0.0
0.4693,2.9631,0.0
0.2363,3.0021,0.0
0.0,2.9807,0.0
-0.2367,3.0079,0.0
-0.4681,2.9553,0.0
-0.7019,2.9238,0.0
-0.9235,2.8423,0.0
-1.1421,2.7574,0.0
-1.3513,2.6521,0.0
-1.547,2.5245,0.0
-1.7473,2.4049,0.0
-1.9612,2.2963,0.0
-2.116,2.116,0.0
-2.2722,1.9406,0.0
-2.4387,1.7718,0.0
-2.5551,1.5658,0.0
-2.6899,1.3706,0.0
-2.7549,-2.9871,0.0
-2.868,-2.9904,0.0
-2.9248,-2.9643,0.0
-2.9822,-2.9434,0.0
-2.9908,-2.9978,0.0
-2.9618,-2.9716,0.0
-3.0003,-2.9951,0.0
-2.9492,-2.9948,0.0
-2.8967,-2.9997,0.0
-2.8343,-2.9686,0.0
-2.7462,-2.9528,0.0
-2.6407,-1.3455,0.0
-2.535,-1.5534,0.0
-2.4075,-1.7492,0.0
-2.2695,-1.9384,0.0
-2.1257,-2.1257,0.0
-1.9364,-2.2672,0.0
-1.7646,-2.4287,0.0
-1.5757,-2.5713,0.0
-1.3476,-2.6447,0.0
-1.1527,-2.7829,0.0
-0.9259,-2.8497,0.0
-0.7016,-2.9222,0.0
-0.4688,-2.96,0.0
-0.2342,-2.9757,0.0
-0.0,-2.9662,0.0
0.2329,-2.9599,0.0
0.4647,-2.9343,0.0
0.6936,-2.889,0.0
0.9175,-2.8238,0.0
1.1377,-2.7466,0.0
1.3593,-2.6677,0.0
1.571,-2.5636,0.0
1.7682,-2.4337,0.0
1.9556,-2.2897,0.0
2.0983,-2.0983,0.0
2.2886,-1.9547,0.0
2.404,-1.7466,0.0
2.5279,-1.5491,0.0
2.6531,-1.3518,0.0
2.7675,-1.1463,0.0
2.8182,-0.9157,0.0
2.8912,-0.6941,0.0
2.9476,-0.4669,0.0
3.0005,-0.2361,0.0
2.9848,0.0,0.15
2.973,0.234,0.15
2.929,0.4639,0.15
2.9295,0.7033,0.15
2.8677,0.9318,0.15
2.7746,1.1493,0.15
2.6586,1.3546,0.15
2.5465,1.5605,0.15
2.4098,1.7508,0.15
2.2806,1.9478,0.15
2.1207,2.1207,0.15
1.9344,2.2649,0.15
1.7706,2.4371,0.15
1.5692,2.5606,0.15
1.3497,2.649,0.15
1.1513,2.7795,0.15
0.9272,2.8535,0.15
0.6945,2.8927,0.15
0.4658,2.9411,0.15
0.2358,2.9958,0.15
0.0,2.9647,0.15
-0.2343,2.977,0.15
-0.4721,2.9806,0.15
-0.6946,2.8931,0.15
-0.924,2.8438,0.15
-1.1536,2.7849,0.15
-1.3676,2.6841,0.15
-1.5713,2.5641,0.15
-1.7586,2.4205,0.15
-1.9586,2.2932,0.15
-2.1039,2.1039,0.15
-2.291,1.9567,0.15
-2.4145,1.7542,0.15
-2.5574,1.5672,0.15
-2.67,1.3604,0.15
-2.7503,-2.9593,0.15
-2.8496,-2.9408,0.15
-2.9171,-2.9736,0.15
-2.946,-2.9468,0.15
-2.9715,-2.96,0.15
-3.0016,-2.9421,0.15
-2.9624,-2.9601,0.15
-2.9337,-2.9616,0.15
-2.9165,-2.9554,0.15
-2.8645,-2.9861,0.15
-2.7823,-2.9793,0.15
-2.6587,-1.3547,0.15
-2.5295,-1.5501,0.15
-2.4205,-1.7586,0.15
-2.2508,-1.9224,0.15
-2.1062,-2.1062,0.15
-1.9485,-2.2814,0.15
-1.7662,-2.4309,0.15
-1.5518,-2.5323,0.15
-1.3652,-2.6793,0.15
-1.1429,-2.7592,0.15
-0.9185,-2.8268,0.15
-0.7015,-2.9218,0.15
-0.47,-2.9673,0.15
-0.2344,-2.9788,0.15
-0.0,-2.9918,0.15
0.2352,-2.9879,0.15
0.469,-2.9609,0.15
0.7017,-2.9228,0.15
0.9289,-2.8589,0.15
1.1373,-2.7457,0.15
1.3443,-2.6384,0.15
1.5499,-2.5291,0.15
1.7507,-2.4096,0.15
1.9449,-2.2772,0.15
2.1338,-2.1338,0.15
2.2698,-1.9386,0.15
2.4126,-1.7528,0.15
2.5523,-1.564,0.15
2.688,-1.3696,0.15
2.7672,-1.1462,0.15
2.8319,-0.9201,0.15
2.9223,-0.7016,0.15
2.9823,-0.4723,0.15
2.9983,-0.236,0.15
2.9702,0.0,0.3
2.9783,0.2344,0.3
2.931,0.4642,0.3
2.8857,0.6928,0.3
2.8405,0.9229,0.3
2.7817,1.1522,0.3
2.6748,1.3629,0.3
2.5451,1.5596,0.3
2.4409,1.7734,0.3
2.2588,1.9292,0.3
2.1035,2.1035,0.3
1.9329,2.2632,0.3
1.7599,2.4224,0.3
1.5744,2.5692,0.3
1.3542,2.6577,0.3
1.1517,2.7804,0.3
0.932,2.8684,0.3
0.6977,2.906,0.3
0.4714,2.9763,0.3
0.2364,3.0039,0.3
0.0,2.9884,0.3
-0.233,2.9609,0.3
-0.4637,2.9278,0.3
-0.6943,2.892,0.3
-0.9232,2.8412,0.3
-1.133,2.7354,0.3
-1.3527,2.6549,0.3
-1.562,2.549,0.3
-1.7516,2.4109,0.3
-1.9509,2.2842,0.3
-2.1171,2.1171,0.3
-2.275,1.943,0.3
-2.4253,1.7621,0.3
-2.5535,1.5648,0.3
-2.6594,1.355,0.3
-2.7437,-2.9647,0.3
-2.8177,-2.9978,0.3
-2.898,-2.9862,0.3
-2.9682,-2.9905,0.3
-2.977,-2.9583,0.3
-2.9849,-2.9517,0.3
-2.9577,-2.9897,0.3
-2.9397,-2.9781,0.3
-2.9107,-2.9881,0.3
-2.8469,-2.9579,0.3
-2.7707,-2.9511,0.3
-2.6416,-1.346,0.3
-2.5584,-1.5678,0.3
-2.4297,-1.7653,0.3
-2.2883,-1.9544,0.3
-2.0993,-2.0993,0.3
-1.9256,-2.2546,0.3
-1.7665,-2.4314,0.3
-1.5668,-2.5568,0.3
-1.3483,-2.6461,0.3
-1.1527,-2.7828,0.3
-0.9279,-2.8559,0.3
-0.6996,-2.9139,0.3
-0.4702,-2.9685,0.3
-0.2351,-2.9873,0.3
-0.0,-2.9803,0.3
0.2325,-2.9539,0.3
0.4662,-2.9437,0.3
0.6997,-2.9145,0.3
0.9181,-2.8257,0.3
1.1368,-2.7445,0.3
1.3468,-2.6432,0.3
1.5621,-2.5491,0.3
1.7738,-2.4415,0.3
1.9507,-2.284,0.3
2.0935,-2.0935,0.3
2.2679,-1.9369,0.3
2.4277,-1.7638,0.3
2.5286,-1.5496,0.3
2.6797,-1.3654,0.3
2.7476,-1.1381,0.3
2.8403,-0.9229,0.3
2.9243,-0.7021,0.3
2.9752,-0.4712,0.3
2.9555,-0.2326,0.3
3.0543,0.0,0.45
3.0426,0.2395,0.45
3.0106,0.4768,0.45
2.9406,0.706,0.45
2.8727,0.9334,0.45
2.7758,1.1498,0.45
2.6958,1.3736,0.45
2.5748,1.5778,0.45
2.4362,1.77,0.45
2.3256,1.9862,0.45
2.1599,2.1599,0.45
1.981,2.3195,0.45
1.7748,2.4428,0.45
1.5723,2.5657,0.45
1.3744,2.6974,0.45
1.1504,2.7772,0.45
0.9341,2.875,0.45
0.7092,2.9542,0.45
0.4726,2.9836,0.45
0.2371,3.0125,0.45
0.0,3.0213,0.45
-0.2394,3.0421,0.45
-0.4699,2.9668,0.45
-0.7121,2.9663,0.45
-0.9389,2.8896,0.45
-1.1613,2.8036,0.45
-1.3816,2.7116,0.45
-1.569,2.5603,0.45
-1.7948,2.4703,0.45
-1.9607,2.2957,0.45
-2.1395,2.1395,0.45
-2.3059,1.9694,0.45
-2.4722,1.7962,0.45
-2.571,1.5755,0.45
-2.7026,1.377,0.45
-2.8282,-2.9873,0.45
-2.8918,-2.9902,0.45
-2.9519,-2.9739,0.45
-2.9983,-2.9983,0.45
-3.0046,-2.946,0.45
-3.0125,-2.982,0.45
-3.0516,-2.9847,0.45
-2.9991,-2.9742,0.45
-2.919,-2.9614,0.45
-2.8835,-2.9438,0.45
-2.8274,-2.9956,0.45
-2.706,-1.3788,0.45
-2.5769,-1.5791,0.45
-2.4349,-1.769,0.45
-2.3244,-1.9852,0.45
-2.1264,-2.1264,0.45
-1.969,-2.3054,0.45
-1.7726,-2.4397,0.45
-1.5864,-2.5887,0.45
-1.3684,-2.6857,0.45
-1.1683,-2.8206,0.45
-0.9357,-2.8797,0.45
-0.7036,-2.9306,0.45
-0.4771,-3.0122,0.45
-0.2361,-3.0005,0.45
-0.0,-3.046,0.45
0.2367,-3.0073,0.45
0.4775,-3.0146,0.45
0.7043,-2.9338,0.45
0.9397,-2.892,0.45
1.1641,-2.8105,0.45
1.3765,-2.7015,0.45
1.5957,-2.6039,0.45
1.7835,-2.4548,0.45
1.9586,-2.2932,0.45
2.1448,-2.1448,0.45
2.3139,-1.9762,0.45
2.4489,-1.7792,0.45
2.5862,-1.5848,0.45
2.6784,-1.3647,0.45
2.7871,-1.1545,0.45
2.8986,-0.9418,0.45
2.9383,-0.7054,0.45
2.976,-0.4713,0.45
3.0399,-0.2392,0.45
2.9253,0.0,0.6
2.9177,0.2296,0.6
2.8982,0.459,0.6
2.8451,0.6831,0.6
2.7966,0.9087,0.6
2.7153,1.1247,0.6
2.6537,1.3521,0.6
2.5053,1.5352,0.6
2.3927,1.7384,0.6
2.2361,1.9098,0.6
2.0976,2.0976,0.6
1.9028,2.2278,0.6
1.7302,2.3815,0.6
1.5317,2.4995,0.6
1.3353,2.6207,0.6
1.1245,2.7149,0.6
0.9116,2.8057,0.6
0.6956,2.8972,0.6
0.4575,2.8886,0.6
0.2304,2.9278,0.6
0.0,2.9595,0.6
-0.2333,2.9639,0.6
-0.4608,2.9095,0.6
-0.6874,2.8631,0.6
-0.9091,2.798,0.6
-1.1272,2.7213,0.6
-1.3417,2.6332,0.6
-1.5517,2.5321,0.6
-1.7188,2.3658,0.6
-1.9052,2.2307,0.6
-2.0763,2.0763,0.6
-2.251,1.9225,0.6
-2.4016,1.7449,0.6
-2.4958,1.5295,0.6
-2.6044,1.327,0.6
-2.7068,-2.9738,0.6
-2.8194,-2.9416,0.6
-2.8638,-2.9746,0.6
-2.9389,-2.9539,0.6
-2.968,-2.9842,0.6
-2.9657,-2.9515,0.6
-2.9303,-2.9854,0.6
-2.9421,-2.9868,0.6
-2.8612,-2.9939,0.6
-2.8299,-2.9627,0.6
-2.7139,-2.9735,0.6
-2.6282,-1.3391,0.6
-2.4931,-1.5278,0.6
-2.4008,-1.7443,0.6
-2.2262,-1.9013,0.6
-2.0831,-2.0831,0.6
-1.9271,-2.2563,0.6
-1.728,-2.3784,0.6
-1.5512,-2.5313,0.6
-1.3516,-2.6526,0.6
-1.1347,-2.7395,0.6
-0.9111,-2.8042,0.6
-0.6954,-2.8964,0.6
-0.4603,-2.906,0.6
-0.234,-2.9735,0.6
-0.0,-2.9593,0.6
0.2318,-2.9459,0.6
0.4654,-2.9386,0.6
0.6838,-2.8484,0.6
0.9086,-2.7963,0.6
1.1364,-2.7434,0.6
1.3289,-2.608,0.6
1.5562,-2.5396,0.6
1.7341,-2.3868,0.6
1.9174,-2.245,0.6
2.1091,-2.1091,0.6
2.2265,-1.9016,0.6
2.3657,-1.7188,0.6
2.521,-1.5449,0.6
2.6383,-1.3443,0.6
2.7483,-1.1384,0.6
2.7909,-0.9068,0.6
2.8937,-0.6947,0.6
2.9259,-0.4634,0.6
2.9486,-0.2321,0.6
2.9699,0.0,0.75
2.926,0.2303,0.75
2.9256,0.4634,0.75
2.8992,0.696,0.75
2.7797,0.9032,0.75
2.7234,1.1281,0.75
2.6537,1.3521,0.75
2.5061,1.5357,0.75
2.4046,1.747,0.75
2.2592,1.9296,0.75
2.0954,2.0954,0.75
1.9366,2.2674,0.75
1.7424,2.3982,0.75
1.53,2.4967,0.75
1.3495,2.6485,0.75
1.1354,2.7412,0.75
0.9101,2.801,0.75
0.6835,2.8468,0.75
0.4596,2.9019,0.75
0.2317,2.9444,0.75
0.0,2.937,0.75
-0.2339,2.972,0.75
-0.4586,2.8954,0.75
-0.686,2.8572,0.75
-0.9052,2.786,0.75
-1.1354,2.741,0.75
-1.3491,2.6478,0.75
-1.5346,2.5042,0.75
-1.7313,2.3829,0.75
-1.9323,2.2624,0.75
-2.0915,2.0915,0.75
-2.2318,1.9061,0.75
-2.4123,1.7526,0.75
-2.5308,1.5508,0.75
-2.6199,1.3349,0.75
-2.7244,-2.97,0.75
-2.8152,-2.9724,0.75
-2.8499,-2.9803,0.75
-2.8936,-2.9699,0.75
-2.9497,-2.9639,0.75
-2.9262,-2.9667,0.75
-2.9597,-2.9656,0.75
-2.906,-2.9529,0.75
-2.8645,-2.9524,0.75
-2.7795,-2.9947,0.75
-2.7249,-2.995,0.75
-2.6139,-1.3319,0.75
-2.5391,-1.556,0.75
-2.4016,-1.7449,0.75
-2.2355,-1.9093,0.75
-2.071,-2.071,0.75
-1.9262,-2.2552,0.75
-1.7425,-2.3983,0.75
-1.5322,-2.5002,0.75
-1.3417,-2.6332,0.75
-1.1329,-2.7351,0.75
-0.9046,-2.784,0.75
-0.6837,-2.8477,0.75
-0.4573,-2.8875,0.75
-0.2332,-2.963,0.75
-0.0,-2.9398,0.75
0.2308,-2.933,0.75
0.4575,-2.8885,0.75
0.6912,-2.8791,0.75
0.9076,-2.7932,0.75
1.1306,-2.7296,0.75
1.3361,-2.6222,0.75
1.5376,-2.5092,0.75
1.719,-2.366,0.75
1.9103,-2.2367,0.75
2.1049,-2.1049,0.75
2.2649,-1.9344,0.75
2.4083,-1.7497,0.75
2.5349,-1.5534,0.75
2.6468,-1.3486,0.75
2.7344,-1.1326,0.75
2.8135,-0.9141,0.75
2.8831,-0.6922,0.75
2.9429,-0.4661,0.75
2.9491,-0.2321,0.75
3.0194,0.0,0.9
3.0171,0.2375,0.9
2.9707,0.4705,0.9
2.8947,0.695,0.9
2.8647,0.9308,0.9
2.7683,1.1467,0.9
2.6583,1.3545,0.9
2.5396,1.5563,0.9
2.4333,1.7679,0.9
2.3063,1.9698,0.9
2.1278,2.1278,0.9
1.9651,2.3008,0.9
1.7552,2.4158,0.9
1.5651,2.5541,0.9
1.377,2.7025,0.9
1.1546,2.7874,0.9
0.933,2.8716,0.9
0.6988,2.9108,0.9
0.4718,2.9787,0.9
0.2351,2.9871,0.9
0.0,2.9877,0.9
-0.2342,2.976,0.9
-0.4672,2.9495,0.9
-0.696,2.8989,0.9
-0.9268,2.8524,0.9
-1.1587,2.7973,0.9
-1.3658,2.6805,0.9
-1.5665,2.5563,0.9
-1.7717,2.4386,0.9
-1.9685,2.3048,0.9
-2.1152,2.1152,0.9
-2.3047,1.9684,0.9
-2.4551,1.7837,0.9
-2.5552,1.5658,0.9
-2.6548,1.3527,0.9
-2.787,-2.9449,0.9
-2.8511,-2.9812,0.9
-2.9073,-2.9925,0.9
-2.9785,-2.9826,0.9
-3.0224,-2.9755,0.9
-2.9835,-2.96,0.9
-3.0253,-2.9922,0.9
-2.9966,-2.9603,0.9
-2.9383,-2.9433,0.9
-2.8614,-2.9679,0.9
-2.7571,-2.9753,0.9
-2.6809,-1.366,0.9
-2.5508,-1.5631,0.9
-2.4285,-1.7644,0.9
-2.2803,-1.9475,0.9
-2.1397,-2.1397,0.9
-1.9461,-2.2785,0.9
-1.7807,-2.4509,0.9
-1.562,-2.5489,0.9
-1.3687,-2.6862,0.9
-1.1502,-2.7769,0.9
-0.9251,-2.8473,0.9
-0.7056,-2.939,0.9
-0.4748,-2.9977,0.9
-0.2341,-2.9742,0.9
-0.0,-3.0244,0.9
0.2338,-2.9707,0.9
0.4688,-2.9601,0.9
0.7081,-2.9493,0.9
0.9374,-2.8852,0.9
1.1601,-2.8006,0.9
1.3606,-2.6704,0.9
1.578,-2.5751,0.9
1.7836,-2.4549,0.9
1.9351,-2.2657,0.9
2.1393,-2.1393,0.9
2.2958,-1.9608,0.9
2.4527,-1.782,0.9
2.5603,-1.569,0.9
2.6858,-1.3685,0.9
2.7915,-1.1563,0.9
2.8584,-0.9288,0.9
2.9354,-0.7047,0.9
2.9519,-0.4675,0.9
2.9692,-0.2337,0.9
3.0011,0.0,1.05
2.9588,0.2329,1.05
2.9584,0.4686,1.05
2.9173,0.7004,1.05
2.8503,0.9261,1.05
2.7485,1.1385,1.05
2.6368,1.3435,1.05
2.5396,1.5563,1.05
2.4175,1.7564,1.05
2.2701,1.9388,1.05
2.0817,2.0817,1.05
1.9129,2.2397,1.05
1.7304,2.3817,1.05
1.545,2.5212,1.05
1.3464,2.6424,1.05
1.1344,2.7387,1.05
0.9232,2.8414,1.05
0.6975,2.9053,1.05
0.4629,2.9226,1.05
0.2325,2.9538,1.05
0.0,2.9955,1.05
-0.2341,2.9743,1.05
-0.4605,2.9077,1.05
-0.6914,2.88,1.05
-0.9244,2.845,1.05
-1.1382,2.7478,1.05
-1.3411,2.6321,1.05
-1.5502,2.5297,1.05
-1.7531,2.413,1.05
-1.9176,2.2452,1.05
-2.0911,2.0911,1.05
-2.2755,1.9435,1.05
-2.399,1.743,1.05
-2.5296,1.5501,1.05
-2.6743,1.3626,1.05
-2.7712,-2.9818,1.05
-2.798,-2.9897,1.05
-2.9176,-2.9579,1.05
-2.9195,-2.9457,1.05
-2.9854,-2.9573,1.05
-2.9431,-2.9683,1.05
-2.9462,-2.9847,1.05
-2.9291,-2.9759,1.05
-2.9123,-2.9775,1.05
-2.8075,-2.9907,1.05
-2.7438,-2.9833,1.05
-2.6662,-1.3585,1.05
-2.5407,-1.5569,1.05
-2.4157,-1.7551,1.05
-2.2452,-1.9176,1.05
-2.1044,-2.1044,1.05
-1.9376,-2.2686,1.05
-1.731,-2.3825,1.05
-1.5497,-2.5289,1.05
-1.3538,-2.6571,1.05
-1.1294,-2.7266,1.05
-0.9269,-2.8526,1.05
-0.6898,-2.8731,1.05
-0.4613,-2.9128,1.05
-0.2341,-2.9741,1.05
-0.0,-3.0011,1.05
0.2345,-2.9792,1.05
0.4652,-2.9373,1.05
0.6914,-2.8799,1.05
0.9131,-2.8103,1.05
1.1273,-2.7216,1.05
1.3417,-2.6333,1.05
1.5569,-2.5406,1.05
1.738,-2.3921,1.05
1.9492,-2.2822,1.05
2.087,-2.087,1.05
2.2483,-1.9202,1.05
2.3999,-1.7436,1.05
2.5573,-1.5671,1.05
2.6396,-1.3449,1.05
2.7283,-1.1301,1.05
2.8394,-0.9226,1.05
2.8658,-0.688,1.05
2.9337,-0.4647,1.05
2.9458,-0.2318,1.05
3.0439,0.0,1.2
3.0385,0.2391,1.2
3.0371,0.481,1.2
2.9723,0.7136,1.2
2.9265,0.9509,1.2
2.8117,1.1646,1.2
2.7353,1.3937,1.2
2.5952,1.5903,1.2
2.4547,1.7835,1.2
2.3384,1.9972,1.2
2.1602,2.1602,1.2
1.9654,2.3011,1.2
1.7938,2.4689,1.2
1.5984,2.6083,1.2
1.3737,2.696,1.2
1.1659,2.8147,1.2
0.9407,2.8952,1.2
0.707,2.9449,1.2
0.4785,3.0211,1.2
0.2391,3.0374,1.2
0.0,3.0533,1.2
-0.2393,3.0403,1.2
-0.4778,3.0169,1.2
-0.7154,2.9797,1.2
-0.9415,2.8975,1.2
-1.1769,2.8414,1.2
-1.3945,2.7369,1.2
-1.5909,2.5962,1.2
-1.778,2.4472,1.2
-1.9789,2.3169,1.2
-2.1499,2.1499,1.2
-2.3351,1.9944,1.2
-2.4565,1.7848,1.2
-2.576,1.5786,1.2
-2.6991,1.3753,1.2
-2.8366,-2.9927,1.2
-2.9218,-2.9742,1.2
-2.9658,-2.9547,1.2
-3.0318,-2.9932,1.2
-3.0435,-2.9887,1.2
-3.0749,-2.9537,1.2
-3.0235,-2.9792,1.2
-3.0383,-2.9425,1.2
-2.979,-2.9977,1.2
-2.8824,-2.9638,1.2
-2.7993,-2.969,1.2
-2.689,-1.3701,1.2
-2.5965,-1.5911,1.2
-2.4644,-1.7905,1.2
-2.3324,-1.9921,1.2
-2.1485,-2.1485,1.2
-1.9948,-2.3357,1.2
-1.7823,-2.4531,1.2
-1.5772,-2.5738,1.2
-1.3823,-2.7129,1.2
-1.1586,-2.7972,1.2
-0.9502,-2.9244,1.2
-0.716,-2.9822,1.2
-0.4808,-3.0359,1.2
-0.2378,-3.0211,1.2
-0.0,-3.0701,1.2
0.2411,-3.063,1.2
0.4747,-2.9972,1.2
0.7159,-2.9818,1.2
0.9393,-2.8909,1.2
1.1591,-2.7982,1.2
1.3884,-2.7249,1.2
1.5872,-2.59,1.2
1.7843,-2.4559,1.2
1.9849,-2.324,1.2
2.1613,-2.1613,1.2
2.2953,-1.9603,1.2
2.4427,-1.7747,1.2
2.6003,-1.5935,1.2
2.6935,-1.3724,1.2
2.7939,-1.1573,1.2
2.9232,-0.9498,1.2
2.9898,-0.7178,1.2
3.0226,-0.4787,1.2
3.0635,-0.2411,1.2
3.0446,0.0,1.35
2.98,0.2345,1.35
2.9743,0.4711,1.35
2.9277,0.7029,1.35
2.8621,0.9299,1.35
2.7764,1.15,1.35
2.6803,1.3657,1.35
2.5866,1.5851,1.35
2.4642,1.7904,1.35
2.3149,1.9771,1.35
2.1301,2.1301,1.35
1.9647,2.3004,1.35
1.765,2.4294,1.35
1.5714,2.5643,1.35
1.3818,2.7119,1.35
1.1562,2.7913,1.35
0.9253,2.8477,1.35
0.7045,2.9345,1.35
0.475,2.999,1.35
0.2377,3.0205,1.35
0.0,2.9957,1.35
-0.2363,3.003,1.35
-0.4706,2.9712,1.35
-0.7009,2.9193,1.35
-0.9282,2.8567,1.35
-1.1631,2.8079,1.35
-1.372,2.6928,1.35
-1.5869,2.5896,1.35
-1.7709,2.4374,1.35
-1.974,2.3113,1.35
-2.1138,2.1138,1.35
-2.2884,1.9545,1.35
-2.4274,1.7636,1.35
-2.5623,1.5702,1.35
-2.7025,1.377,1.35
-2.7714,-2.9473,1.35
-2.8758,-2.9475,1.35
-2.9077,-2.9963,1.35
-2.9542,-2.9408,1.35
-3.0079,-2.9964,1.35
-3.0063,-2.9788,1.35
-2.9953,-2.9811,1.35
-2.9664,-2.9851,1.35
-2.9316,-2.9932,1.35
-2.8768,-2.9516,1.35
-2.7712,-2.9618,1.35
-2.6999,-1.3757,1.35
-2.5647,-1.5717,1.35
-2.4368,-1.7704,1.35
-2.2792,-1.9466,1.35
-2.1397,-2.1397,1.35
-1.9793,-2.3175,1.35
-1.7843,-2.4559,1.35
-1.5685,-2.5595,1.35
-1.3686,-2.6861,1.35
-1.1555,-2.7897,1.35
-0.9289,-2.8587,1.35
-0.7113,-2.9626,1.35
-0.4758,-3.0042,1.35
-0.2366,-3.0065,1.35
-0.0,-3.0026,1.35
0.2381,-3.0248,1.35
0.4725,-2.9829,1.35
0.7078,-2.9481,1.35
0.9399,-2.8926,1.35
1.1661,-2.8153,1.35
1.3784,-2.7052,1.35
1.5682,-2.559,1.35
1.7764,-2.445,1.35
1.9692,-2.3056,1.35
2.121,-2.121,1.35
2.318,-1.9797,1.35
2.4314,-1.7665,1.35
2.5919,-1.5883,1.35
2.664,-1.3574,1.35
2.7663,-1.1458,1.35
2.8436,-0.9239,1.35
2.9115,-0.699,1.35
2.9566,-0.4683,1.35
2.9845,-0.2349,1.35
3.0476,0.0,1.5
3.0308,0.2385,1.5
3.004,0.4758,1.5
2.9551,0.7095,1.5
2.8558,0.9279,1.5
2.7859,1.154,1.5
2.6687,1.3598,1.5
2.5606,1.5691,1.5
2.4304,1.7658,1.5
2.2965,1.9614,1.5
2.1551,2.1551,1.5
1.9572,2.2916,1.5
1.7831,2.4543,1.5
1.5842,2.5851,1.5
1.3669,2.6826,1.5
1.1461,2.7669,1.5
0.9287,2.8582,1.5
0.7014,2.9213,1.5
0.4729,2.986,1.5
0.2363,3.002,1.5
0.0,3.0314,1.5
-0.2377,3.0197,1.5
-0.4691,2.962,1.5
-0.7106,2.9598,1.5
-0.9324,2.8696,1.5
-1.15,2.7763,1.5
-1.3594,2.668,1.5
-1.5785,2.576,1.5
-1.763,2.4266,1.5
-1.9727,2.3097,1.5
-2.1245,2.1245,1.5
-2.2832,1.95,1.5
-2.4415,1.7739,1.5
-2.5553,1.5659,1.5
-2.7148,1.3833,1.5
-2.812,-2.9952,1.5
-2.8597,-2.95,1.5
-2.9544,-2.9679,1.5
-2.9956,-2.9736,1.5
-3.0195,-2.9628,1.5
-3.037,-2.9417,1.5
-3.0141,-2.9922,1.5
-3.0011,-2.9416,1.5
-2.941,-2.944,1.5
-2.8888,-2.955,1.5
-2.8085,-2.9635,1.5
-2.672,-1.3614,1.5
-2.5583,-1.5677,1.5
-2.463,-1.7895,1.5
-2.3047,-1.9684,1.5
-2.1232,-2.1232,1.5
-1.9525,-2.2861,1.5
-1.7897,-2.4633,1.5
-1.5674,-2.5578,1.5
-1.3744,-2.6975,1.5
-1.1626,-2.8067,1.5
-0.9301,-2.8625,1.5
-0.6988,-2.9106,1.5
-0.4717,-2.9783,1.5
-0.2379,-3.0232,1.5
-0.0,-3.045,1.5
0.2376,-3.0189,1.5
0.4688,-2.9598,1.5
0.7013,-2.9212,1.5
0.9341,-2.8749,1.5
1.1509,-2.7785,1.5
1.3621,-2.6733,1.5
1.5683,-2.5593,1.5
1.7864,-2.4587,1.5
1.957,-2.2913,1.5
2.152,-2.152,1.5
2.319,-1.9806,1.5
2.4375,-1.771,1.5
2.5858,-1.5846,1.5
2.6774,-1.3642,1.5
2.78,-1.1515,1.5
2.8585,-0.9288,1.5
2.9392,-0.7056,1.5
2.9615,-0.4691,1.5
3.0313,-0.2386,1.5
2.9973,0.0,1.65
2.9972,0.2359,1.65
2.9683,0.4701,1.65
2.9623,0.7112,1.65
2.8948,0.9406,1.65
2.7742,1.1491,1.65
2.6972,1.3743,1.65
2.5877,1.5857,1.65
2.4441,1.7758,1.65
2.2863,1.9527,1.65
2.1502,2.1502,1.65
1.9423,2.2741,1.65
1.7904,2.4643,1.65
1.5858,2.5878,1.65
1.3743,2.6972,1.65
1.1504,2.7773,1.65
0.9256,2.8486,1.65
0.7034,2.9299,1.65
0.4725,2.9834,1.65
0.2373,3.0149,1.65
0.0,3.0007,1.65
-0.2363,3.0029,1.65
-0.4692,2.9623,1.65
-0.6983,2.9086,1.65
-0.9334,2.8727,1.65
-1.1552,2.7889,1.65
-1.3739,2.6964,1.65
-1.5758,2.5714,1.65
-1.7808,2.4511,1.65
-1.9785,2.3165,1.65
-2.1311,2.1311,1.65
-2.3001,1.9645,1.65
-2.444,1.7757,1.65
-2.5741,1.5774,1.65
-2.6641,1.3574,1.65
-2.7669,-2.9653,1.65
-2.877,-2.9779,1.65
-2.9273,-2.9938,1.65
-2.9932,-2.9614,1.65
-2.9877,-2.9903,1.65
-3.0045,-2.9829,1.65
-3.0143,-2.9522,1.65
-2.9866,-2.9526,1.65
-2.9252,-2.977,1.65
-2.8817,-2.9497,1.65
-2.8129,-2.9568,1.65
-2.6734,-1.3622,1.65
-2.5794,-1.5807,1.65
-2.4229,-1.7603,1.65
-2.2819,-1.9489,1.65
-2.1327,-2.1327,1.65
-1.966,-2.3019,1.65
-1.7648,-2.429,1.65
-1.5756,-2.5711,1.65
-1.3655,-2.6799,1.65
-1.1466,-2.7681,1.65
-0.9404,-2.8943,1.65
-0.7096,-2.9555,1.65
-0.4751,-2.9995,1.65
-0.2353,-2.9892,1.65
-0.0,-3.0395,1.65
0.239,-3.0362,1.65
0.4684,-2.9571,1.65
0.7014,-2.9216,1.65
0.9293,-2.8602,1.65
1.1487,-2.7733,1.65
1.3726,-2.6939,1.65
1.5851,-2.5867,1.65
1.7781,-2.4473,1.65
1.9767,-2.3144,1.65
2.1398,-2.1398,1.65
2.3069,-1.9703,1.65
2.4406,-1.7732,1.65
2.5873,-1.5855,1.65
2.6715,-1.3612,1.65
2.788,-1.1548,1.65
2.8579,-0.9286,1.65
2.929,-0.7032,1.65
2.9755,-0.4713,1.65
2.9851,-0.2349,1.65
2.9843,0.0,1.8
2.9934,0.2356,1.8
2.9666,0.4699,1.8
2.9152,0.6999,1.8
2.8761,0.9345,1.8
2.7748,1.1493,1.8
2.6837,1.3674,1.8
2.5815,1.5819,1.8
2.4254,1.7622,1.8
2.2989,1.9635,1.8
2.1186,2.1186,1.8
1.9305,2.2604,1.8
1.7545,2.4149,1.8
1.5604,2.5463,1.8
1.3667,2.6823,1.8
1.1411,2.7548,1.8
0.9303,2.8631,1.8
0.6981,2.9076,1.8
0.4709,2.9734,1.8
0.2374,3.0166,1.8
0.0,3.011,1.8
-0.2364,3.004,1.8
-0.4703,2.9696,1.8
-0.7017,2.9228,1.8
-0.9271,2.8534,1.8
-1.1545,2.7871,1.8
-1.3603,2.6697,1.8
-1.5653,2.5543,1.8
-1.7751,2.4432,1.8
-1.9589,2.2936,1.8
-2.1016,2.1016,1.8
-2.2739,1.9421,1.8
-2.4196,1.7579,1.8
-2.5474,1.561,1.8
-2.6541,1.3524,1.8
-2.7715,-2.9724,1.8
-2.8617,-2.9766,1.8
-2.9353,-2.9556,1.8
-2.9902,-2.9983,1.8
-3.0116,-2.9419,1.8
-3.0022,-2.9686,1.8
-3.0166,-2.981,1.8
-2.9835,-2.9722,1.8
-2.9391,-2.9557,1.8
-2.853,-2.9906,1.8
-2.7612,-2.962,1.8
-2.6652,-1.358,1.8
-2.5435,-1.5587,1.8
-2.417,-1.7561,1.8
-2.2814,-1.9485,1.8
-2.1258,-2.1258,1.8
-1.9583,-2.2929,1.8
-1.7478,-2.4056,1.8
-1.5713,-2.5642,1.8
-1.3514,-2.6523,1.8
-1.1493,-2.7747,1.8
-0.9223,-2.8384,1.8
-0.7037,-2.9311,1.8
-0.4693,-2.9631,1.8
-0.2337,-2.9693,1.8
-0.0,-3.0015,1.8
0.2353,-2.9893,1.8
0.4715,-2.9771,1.8
0.7063,-2.9419,1.8
0.9368,-2.883,1.8
1.1594,-2.799,1.8
1.3506,-2.6507,1.8
1.5692,-2.5606,1.8
1.7604,-2.423,1.8
1.9616,-2.2967,1.8
2.1119,-2.1119,1.8
2.3014,-1.9656,1.8
2.4106,-1.7514,1.8
2.5409,-1.5571,1.8
2.6614,-1.356,1.8
2.7645,-1.1451,1.8
2.8722,-0.9332,1.8
2.9117,-0.699,1.8
2.9685,-0.4702,1.8
3.0135,-0.2372,1.8
2.9596,0.0,1.95
2.9587,0.2329,1.95
2.9363,0.4651,1.95
2.8518,0.6846,1.95
2.8074,0.9122,1.95
2.7424,1.1359,1.95
2.6172,1.3335,1.95
2.4985,1.5311,1.95
2.4087,1.75,1.95
2.2338,1.9078,1.95
2.0933,2.0933,1.95
1.916,2.2433,1.95
1.7373,2.3912,1.95
1.5572,2.5411,1.95
1.3513,2.6521,1.95
1.1376,2.7465,1.95
0.921,2.8344,1.95
0.6961,2.8994,1.95
0.4655,2.9391,1.95
0.2302,2.9246,1.95
0.0,2.9643,1.95
-0.2306,2.9304,1.95
-0.4668,2.947,1.95
-0.6946,2.8932,1.95
-0.9203,2.8324,1.95
-1.1336,2.7369,1.95
-1.3409,2.6318,1.95
-1.541,2.5146,1.95
-1.755,2.4156,1.95
-1.9372,2.2682,1.95
-2.0778,2.0778,1.95
-2.2313,1.9057,1.95
-2.402,1.7451,1.95
-2.5126,1.5397,1.95
-2.6388,1.3445,1.95
-2.7407,-2.9738,1.95
-2.7923,-2.9697,1.95
-2.9014,-2.9723,1.95
-2.9027,-2.9918,1.95
-2.9783,-2.9588,1.95
-2.9492,-2.9694,1.95
-2.9735,-2.9742,1.95
-2.9062,-2.95,1.95
-2.8831,-2.9706,1.95
-2.7969,-2.9615,1.95
-2.7367,-2.9838,1.95
-2.6637,-1.3572,1.95
-2.5227,-1.5459,1.95
-2.4007,-1.7442,1.95
-2.2551,-1.9261,1.95
-2.0784,-2.0784,1.95
-1.9042,-2.2295,1.95
-1.7529,-2.4126,1.95
-1.5415,-2.5155,1.95
-1.3422,-2.6342,1.95
-1.1261,-2.7186,1.95
-0.9162,-2.8199,1.95
-0.6943,-2.8922,1.95
-0.4619,-2.9163,1.95
-0.232,-2.9473,1.95
-0.0,-2.9415,1.95
0.2327,-2.9567,1.95
0.4612,-2.9118,1.95
0.6949,-2.8947,1.95
0.9214,-2.8357,1.95
1.1211,-2.7067,1.95
1.3461,-2.6418,1.95
1.5414,-2.5153,1.95
1.7309,-2.3824,1.95
1.912,-2.2387,1.95
2.0845,-2.0845,1.95
2.2318,-1.9062,1.95
2.3764,-1.7265,1.95
2.5006,-1.5323,1.95
2.6278,-1.3389,1.95
2.7579,-1.1424,1.95
2.8056,-0.9116,1.95
2.898,-0.6957,1.95
2.9043,-0.46,1.95
2.9632,-0.2332,1.95
3.0279,0.0,2.1
3.041,0.2393,2.1
3.0212,0.4785,2.1
2.9322,0.704,2.1
2.8695,0.9323,2.1
2.8097,1.1638,2.1
2.7005,1.376,2.1
2.59,1.5871,2.1
2.4655,1.7913,2.1
2.3284,1.9886,2.1
2.1427,2.1427,2.1
1.9911,2.3312,2.1
1.782,2.4528,2.1
1.5964,2.6051,2.1
1.3932,2.7342,2.1
1.1564,2.7917,2.1
0.9494,2.9219,2.1
0.7039,2.9321,2.1
0.4725,2.9831,2.1
0.2394,3.0425,2.1
0.0,3.0517,2.1
-0.2409,3.0609,2.1
-0.4779,3.0175,2.1
-0.7065,2.9427,2.1
-0.9418,2.8986,2.1
-1.1761,2.8394,2.1
-1.3913,2.7306,2.1
-1.5979,2.6076,2.1
-1.7812,2.4516,2.1
-1.9755,2.313,2.1
-2.1568,2.1568,2.1
-2.2986,1.9632,2.1
-2.459,1.7866,2.1
-2.5939,1.5896,2.1
-2.7072,1.3794,2.1
-2.8287,-2.9843,2.1
-2.8958,-2.9433,2.1
-2.9671,-2.9688,2.1
-3.0215,-2.9581,2.1
-3.039,-2.9776,2.1
-3.0501,-2.9445,2.1
-3.0311,-2.9602,2.1
-2.9939,-2.9687,2.1
-2.9496,-2.9817,2.1
-2.8793,-2.9895,2.1
-2.7912,-2.997,2.1
-2.7378,-1.395,2.1
-2.6054,-1.5966,2.1
-2.4489,-1.7792,2.1
-2.3134,-1.9758,2.1
-2.1679,-2.1679,2.1
-1.9631,-2.2985,2.1
-1.7786,-2.448,2.1
-1.5785,-2.5759,2.1
-1.3815,-2.7114,2.1
-1.1645,-2.8113,2.1
-0.9328,-2.8708,2.1
-0.7118,-2.9648,2.1
-0.4772,-3.0128,2.1
-0.2398,-3.047,2.1
-0.0,-3.0518,2.1
0.2367,-3.0081,2.1
0.4723,-2.9817,2.1
0.7108,-2.9607,2.1
0.9361,-2.881,2.1
1.161,-2.8028,2.1
1.3876,-2.7233,2.1
1.5975,-2.6069,2.1
1.7841,-2.4556,2.1
1.9904,-2.3305,2.1
2.1373,-2.1373,2.1
2.2984,-1.963,2.1
2.4478,-1.7785,2.1
2.6165,-1.6034,2.1
2.7163,-1.384,2.1
2.8222,-1.169,2.1
2.8681,-0.9319,2.1
2.9644,-0.7117,2.1
3.0292,-0.4798,2.1
3.0364,-0.239,2.1
3.0119,0.0,2.25
2.9997,0.2361,2.25
3.0034,0.4757,2.25
2.9532,0.709,2.25
2.8463,0.9248,2.25
2.7823,1.1525,2.25
2.6714,1.3611,2.25
2.5604,1.569,2.25
2.4377,1.7711,2.25
2.288,1.9541,2.25
2.1539,2.1539,2.25
1.9773,2.3151,2.25
1.7803,2.4503,2.25
1.5731,2.5671,2.25
1.3685,2.6857,2.25
1.165,2.8126,2.25
0.926,2.8498,2.25
0.7039,2.9321,2.25
0.4688,2.96,2.25
0.2376,3.0189,2.25
0.0,3.0212,2.25
-0.2373,3.0154,2.25
-0.4689,2.9606,2.25
-0.7033,2.9293,2.25
-0.9278,2.8554,2.25
-1.1662,2.8155,2.25
-1.3707,2.6901,2.25
-1.565,2.5538,2.25
-1.7647,2.429,2.25
-1.9611,2.2961,2.25
-2.1287,2.1287,2.25
-2.3024,1.9664,2.25
-2.4651,1.791,2.25
-2.5728,1.5766,2.25
-2.6966,1.374,2.25
-2.778,-2.9485,2.25
-2.8782,-2.9407,2.25
-2.9374,-2.945,2.25
-2.9645,-2.9461,2.25
-3.0142,-2.993,2.25
-3.0271,-2.9814,2.25
-2.982,-2.996,2.25
-2.9548,-2.9745,2.25
-2.9568,-2.9643,2.25
-2.8824,-2.9926,2.25
-2.7986,-2.9736,2.25
-2.6719,-1.3614,2.25
-2.5736,-1.5771,2.25
-2.4606,-1.7877,2.25
-2.3051,-1.9688,2.25
-2.1486,-2.1486,2.25
-1.9427,-2.2746,2.25
-1.7674,-2.4326,2.25
-1.5942,-2.6016,2.25
-1.3593,-2.6678,2.25
-1.1487,-2.7733,2.25
-0.9317,-2.8676,2.25
-0.6992,-2.9124,2.25
-0.47,-2.9674,2.25
-0.2389,-3.0358,2.25
-0.0,-3.0297,2.25
0.2378,-3.0216,2.25
0.475,-2.9987,2.25
0.7105,-2.9595,2.25
0.9266,-2.8517,2.25
1.1506,-2.7777,2.25
1.3585,-2.6661,2.25
1.5735,-2.5676,2.25
1.7818,-2.4525,2.25
1.9566,-2.2909,2.25
2.1408,-2.1408,2.25
2.3201,-1.9815,2.25
2.4417,-1.774,2.25
2.5805,-1.5813,2.25
2.6944,-1.3729,2.25
2.7889,-1.1552,2.25
2.8512,-0.9264,2.25
2.9315,-0.7038,2.25
3.0021,-0.4755,2.25
3.0266,-0.2382,2.25
3.0616,0.0,2.4
3.0493,0.24,2.4
2.9939,0.4742,2.4
2.9821,0.7159,2.4
2.8805,0.9359,2.4
2.7969,1.1585,2.4
2.6889,1.3701,2.4
2.5772,1.5793,2.4
2.4671,1.7924,2.4
2.3228,1.9838,2.4
2.1292,2.1292,2.4
1.9842,2.3232,2.4
1.8007,2.4784,2.4
1.5889,2.5928,2.4
1.3686,2.6861,2.4
1.1632,2.8082,2.4
0.9353,2.8785,2.4
0.7105,2.9595,2.4
0.4706,2.9713,2.4
0.2362,3.0009,2.4
0.0,3.0302,2.4
-0.2373,3.0156,2.4
-0.4777,3.0161,2.4
-0.7031,2.9287,2.4
-0.932,2.8683,2.4
-1.1661,2.8152,2.4
-1.3847,2.7177,2.4
-1.6012,2.613,2.4
-1.792,2.4664,2.4
-1.9611,2.2961,2.4
-2.1386,2.1386,2.4
-2.321,1.9823,2.4
-2.4578,1.7857,2.4
-2.5652,1.572,2.4
-2.7098,1.3807,2.4
-2.8017,-2.9576,2.4
-2.862,-2.9665,2.4
-2.9781,-2.9678,2.4
-2.9941,-2.9887,2.4
-3.0065,-2.9739,2.4
-3.0325,-2.9657,2.4
-3.0042,-2.979,2.4
-3.0204,-2.9935,2.4
-2.9379,-2.9497,2.4
-2.8741,-2.9764,2.4
-2.8126,-2.9445,2.4
-2.7284,-1.3902,2.4
-2.586,-1.5847,2.4
-2.4578,-1.7857,2.4
-2.311,-1.9738,2.4
-2.1398,-2.1398,2.4
-1.9807,-2.3191,2.4
-1.7693,-2.4353,2.4
-1.592,-2.598,2.4
-1.3664,-2.6817,2.4
-1.1583,-2.7964,2.4
-0.9353,-2.8786,2.4
-0.7129,-2.9694,2.4
-0.4724,-2.9829,2.4
-0.2379,-3.0229,2.4
-0.0,-3.0351,2.4
0.2362,-3.0018,2.4
0.4766,-3.0092,2.4
0.7047,-2.9353,2.4
0.9312,-2.8659,2.4
1.1732,-2.8322,2.4
1.3907,-2.7295,2.4
1.5868,-2.5893,2.4
1.7765,-2.4451,2.4
1.9702,-2.3068,2.4
2.1481,-2.1481,2.4
2.3232,-1.9842,2.4
2.4448,-1.7763,2.4
2.5722,-1.5763,2.4
2.7283,-1.3902,2.4
2.827,-1.171,2.4
2.9057,-0.9441,2.4
2.9648,-0.7118,2.4
2.9997,-0.4751,2.4
3.0452,-0.2397,2.4
3.0599,0.0,2.55
3.0042,0.2364,2.55
2.9849,0.4728,2.55
2.9399,0.7058,2.55
2.8972,0.9414,2.55
2.7799,1.1515,2.55
2.7237,1.3878,2.55
2.6092,1.5989,2.55
2.4448,1.7763,2.55
2.2983,1.9629,2.55
2.1614,2.1614,2.55
1.9712,2.308,2.55
1.7749,2.4429,2.55
1.5861,2.5882,2.55
1.3684,2.6857,2.55
1.1674,2.8183,2.55
0.9394,2.891,2.55
0.7083,2.9502,2.55
0.4792,3.0254,2.55
0.24,3.0489,2.55
0.0,3.02,2.55
-0.2377,3.0206,2.55
-0.4748,2.9976,2.55
-0.7033,2.9296,2.55
-0.9326,2.8702,2.55
-1.1584,2.7966,2.55
-1.3857,2.7197,2.55
-1.5855,2.5873,2.55
-1.776,2.4445,2.55
-1.98,2.3183,2.55
-2.1631,2.1631,2.55
-2.3071,1.9705,2.55
-2.4518,1.7814,2.55
-2.5785,1.5801,2.55
-2.7085,1.38,2.55
-2.7861,-2.996,2.55
-2.8987,-2.9915,2.55
-2.9655,-2.9633,2.55
-3.0155,-2.9794,2.55
-3.0538,-2.9964,2.55
-3.0122,-2.9689,2.55
-3.0127,-2.9975,2.55
-2.9991,-2.9466,2.55
-2.9486,-2.9746,2.55
-2.9066,-2.9482,2.55
-2.7893,-2.9581,2.55
-2.7152,-1.3835,2.55
-2.5792,-1.5806,2.55
-2.4368,-1.7705,2.55
-2.324,-1.9848,2.55
-2.1358,-2.1358,2.55
-1.9706,-2.3073,2.55
-1.7836,-2.4549,2.55
-1.5944,-2.6018,2.55
-1.3811,-2.7106,2.55
-1.1677,-2.8192,2.55
-0.9472,-2.9151,2.55
-0.7112,-2.9626,2.55
-0.4707,-2.9716,2.55
-0.2406,-3.0572,2.55
-0.0,-3.0308,2.55
0.2378,-3.0216,2.55
0.4733,-2.9885,2.55
0.7141,-2.9742,2.55
0.9363,-2.8818,2.55
1.1519,-2.7811,2.55
1.3771,-2.7028,2.55
1.5781,-2.5752,2.55
1.7827,-2.4537,2.55
1.9539,-2.2877,2.55
2.1608,-2.1608,2.55
2.3282,-1.9884,2.55
2.4633,-1.7897,2.55
2.5849,-1.584,2.55
2.6871,-1.3691,2.55
2.7897,-1.1555,2.55
2.8965,-0.9411,2.55
2.9283,-0.703,2.55
2.9964,-0.4746,2.55
3.0519,-0.2402,2.55
3.0684,0.0,2.7
3.0413,0.2394,2.7
3.0019,0.4754,2.7
2.9624,0.7112,2.7
2.9119,0.9461,2.7
2.7969,1.1585,2.7
2.7386,1.3954,2.7
2.6118,1.6005,2.7
2.4577,1.7856,2.7
2.3344,1.9938,2.7
2.1445,2.1445,2.7
1.9646,2.3003,2.7
1.7852,2.4571,2.7
1.5881,2.5916,2.7
1.3722,2.693,2.7
1.1744,2.8352,2.7
0.9493,2.9217,2.7
0.7186,2.9933,2.7
0.4747,2.9972,2.7
0.2398,3.0465,2.7
0.0,3.0457,2.7
-0.2389,3.0359,2.7
-0.4779,3.0175,2.7
-0.7154,2.98,2.7
-0.9367,2.8828,2.7
-1.1676,2.8187,2.7
-1.3941,2.7361,2.7
-1.599,2.6094,2.7
-1.8077,2.4881,2.7
-1.9622,2.2975,2.7
-2.1491,2.1491,2.7
-2.3027,1.9667,2.7
-2.4541,1.783,2.7
-2.5982,1.5922,2.7
-2.7171,1.3844,2.7
-2.8213,-2.9424,2.7
-2.9074,-2.9672,2.7
-2.9381,-2.9471,2.7
-2.9999,-2.9666,2.7
-3.0192,-2.9574,2.7
-3.0315,-2.9587,2.7
-3.056,-2.9645,2.7
-2.9968,-2.9502,2.7
-2.99,-2.9981,2.7
-2.9166,-2.9531,2.7
-2.8331,-2.9684,2.7
-2.6973,-1.3743,2.7
-2.5921,-1.5884,2.7
-2.4754,-1.7985,2.7
-2.3258,-1.9864,2.7
-2.1383,-2.1383,2.7
-1.9614,-2.2966,2.7
-1.7783,-2.4476,2.7
-1.6017,-2.6137,2.7
-1.371,-2.6908,2.7
-1.157,-2.7933,2.7
-0.9345,-2.8761,2.7
-0.7053,-2.9379,2.7
-0.4732,-2.9874,2.7
-0.2406,-3.0572,2.7
-0.0,-3.0774,2.7
0.2407,-3.0578,2.7
0.4743,-2.9944,2.7
0.7095,-2.9553,2.7
0.9356,-2.8794,2.7
1.1755,-2.8379,2.7
1.3784,-2.7052,2.7
1.5842,-2.5852,2.7
1.7804,-2.4505,2.7
1.9877,-2.3273,2.7
2.1613,-2.1613,2.7
2.3394,-1.998,2.7
2.4835,-1.8044,2.7
2.5977,-1.5919,2.7
2.7248,-1.3884,2.7
2.7901,-1.1557,2.7
2.9172,-0.9479,2.7
2.9421,-0.7063,2.7
3.0298,-0.4799,2.7
3.0425,-0.2394,2.7
3.0545,0.0,2.85
3.0205,0.2377,2.85
2.9977,0.4748,2.85
2.9676,0.7125,2.85
2.8726,0.9334,2.85
2.7803,1.1516,2.85
2.7322,1.3921,2.85
2.5703,1.5751,2.85
2.4745,1.7978,2.85
2.2963,1.9612,2.85
2.15,2.15,2.85
1.98,2.3183,2.85
1.7817,2.4523,2.85
1.5817,2.5811,2.85
1.3819,2.7121,2.85
1.1668,2.817,2.85
0.93,2.8622,2.85
0.7056,2.9389,2.85
0.4768,3.0107,2.85
0.2389,3.0353,2.85
0.0,3.0497,2.85
-0.2372,3.0139,2.85
-0.4795,3.0274,2.85
-0.7109,2.9611,2.85
-0.9317,2.8676,2.85
-1.156,2.7909,2.85
-1.3896,2.7273,2.85
-1.5872,2.5901,2.85
-1.7865,2.459,2.85
-1.9673,2.3034,2.85
-2.1488,2.1488,2.85
-2.3,1.9644,2.85
-2.4825,1.8036,2.85
-2.5937,1.5894,2.85
-2.7173,1.3846,2.85
-2.7942,-2.9872,2.85
-2.9118,-2.9848,2.85
-2.9616,-2.9741,2.85
-3.0011,-2.9759,2.85
-3.0577,-2.9995,2.85
-3.0167,-2.9862,2.85
-3.033,-2.9591,2.85
-3.0023,-2.9847,2.85
-2.9779,-2.9471,2.85
-2.9164,-2.9444,2.85
-2.828,-2.9573,2.85
-2.7319,-1.392,2.85
-2.5757,-1.5784,2.85
-2.4415,-1.7739,2.85
-2.3259,-1.9865,2.85
-2.168,-2.168,2.85
-1.9752,-2.3126,2.85
-1.788,-2.461,2.85
-1.5918,-2.5976,2.85
-1.3849,-2.7181,2.85
-1.1619,-2.8051,2.85
-0.932,-2.8685,2.85
-0.7049,-2.9361,2.85
-0.4749,-2.9984,2.85
-0.2366,-3.0063,2.85
-0.0,-3.0128,2.85
0.2389,-3.0358,2.85
0.4796,-3.0281,2.85
0.7082,-2.9497,2.85
0.9446,-2.9072,2.85
1.1642,-2.8107,2.85
1.378,-2.7045,2.85
1.5903,-2.5951,2.85
1.8039,-2.4829,2.85
1.9589,-2.2936,2.85
2.1518,-2.1518,2.85
2.3005,-1.9648,2.85
2.4632,-1.7896,2.85
2.6044,-1.596,2.85
2.6986,-1.375,2.85
2.7942,-1.1574,2.85
2.8817,-0.9363,2.85
2.9273,-0.7028,2.85
3.0107,-0.4768,2.85
3.0125,-0.2371,2.85
2.9493,0.0,3.0
2.96,0.233,3.0
2.9508,0.4674,3.0
2.9047,0.6973,3.0
2.8107,0.9132,3.0
2.7289,1.1303,3.0
2.6658,1.3583,3.0
2.5475,1.5611,3.0
2.3831,1.7315,3.0
2.2371,1.9107,3.0
2.0924,2.0924,3.0
1.9367,2.2676,3.0
1.7392,2.3938,3.0
1.5423,2.5168,3.0
1.3323,2.6148,3.0
1.1306,2.7295,3.0
0.9079,2.7944,3.0
0.6895,2.8718,3.0
0.4592,2.8995,3.0
0.2311,2.9361,3.0
0.0,2.9642,3.0
-0.232,2.9476,3.0
-0.4675,2.9518,3.0
-0.692,2.8825,3.0
-0.9102,2.8013,3.0
-1.1272,2.7212,3.0
-1.3428,2.6353,3.0
-1.5589,2.5438,3.0
-1.7313,2.3829,3.0
-1.9422,2.274,3.0
-2.096,2.096,3.0
-2.2382,1.9116,3.0
-2.3993,1.7432,3.0
-2.5156,1.5415,3.0
-2.666,1.3584,3.0
-2.7268,-2.9479,3.0
-2.8212,-2.9507,3.0
-2.9097,-2.9739,3.0
-2.9541,-2.988,3.0
-2.9342,-2.9548,3.0
-2.9686,-2.9932,3.0
-2.956,-2.986,3.0
-2.916,-2.9428,3.0
-2.9101,-2.9568,3.0
-2.8007,-2.986,3.0
-2.7528,-2.9683,3.0
-2.6397,-1.345,3.0
-2.5184,-1.5433,3.0
-2.4196,-1.758,3.0
-2.2428,-1.9155,3.0
-2.0921,-2.0921,3.0
-1.9099,-2.2362,3.0
-1.757,-2.4183,3.0
-1.5544,-2.5365,3.0
-1.3366,-2.6233,3.0
-1.1411,-2.7548,3.0
-0.9244,-2.845,3.0
-0.6915,-2.8802,3.0
-0.4655,-2.9392,3.0
-0.2328,-2.9581,3.0
-0.0,-2.9823,3.0
0.2346,-2.9803,3.0
0.4594,-2.9005,3.0
0.688,-2.8655,3.0
0.9085,-2.7961,3.0
1.1262,-2.719,3.0
1.3354,-2.6209,3.0
1.5519,-2.5325,3.0
1.7294,-2.3803,3.0
1.9427,-2.2746,3.0
2.0879,-2.0879,3.0
2.2597,-1.93,3.0
2.3766,-1.7267,3.0
2.5306,-1.5508,3.0
2.6322,-1.3412,3.0
2.7647,-1.1452,3.0
2.8281,-0.9189,3.0
2.8915,-0.6942,3.0
2.9072,-0.4605,3.0
2.9362,-0.2311,3.0
3.0331,0.0,3.15
3.0353,0.2389,3.15
2.9674,0.47,3.15
2.9551,0.7095,3.15
2.8883,0.9385,3.15
2.8145,1.1658,3.15
2.7086,1.3801,3.15
2.5693,1.5745,3.15
2.4406,1.7732,3.15
2.3045,1.9682,3.15
2.1601,2.1601,3.15
1.9693,2.3058,3.15
1.7714,2.4381,3.15
1.5966,2.6054,3.15
1.3628,2.6747,3.15
1.1636,2.8092,3.15
0.9409,2.8958,3.15
0.7005,2.918,3.15
0.4715,2.9769,3.15
0.2392,3.0396,3.15
0.0,3.0492,3.15
-0.2392,3.0394,3.15
-0.4734,2.989,3.15
-0.703,2.928,3.15
-0.9429,2.902,3.15
-1.158,2.7956,3.15
-1.3883,2.7247,3.15
-1.569,2.5604,3.15
-1.7666,2.4315,3.15
-1.9651,2.3009,3.15
-2.1562,2.1562,3.15
-2.3052,1.9688,3.15
-2.4396,1.7725,3.15
-2.5821,1.5823,3.15
-2.6886,1.3699,3.15
-2.8234,-2.9766,3.15
-2.8669,-2.9632,3.15
-2.9421,-2.9485,3.15
-2.9658,-2.946,3.15
-3.0069,-2.9756,3.15
-3.0495,-2.9946,3.15
-3.0179,-2.9651,3.15
-2.9945,-2.9919,3.15
-2.9579,-2.9674,3.15
-2.8919,-2.9957,3.15
-2.8248,-2.9582,3.15
-2.7007,-1.3761,3.15
-2.586,-1.5847,3.15
-2.4423,-1.7744,3.15
-2.2969,-1.9617,3.15
-2.1409,-2.1409,3.15
-1.9771,-2.3149,3.15
-1.7676,-2.4329,3.15
-1.5673,-2.5577,3.15
-1.384,-2.7162,3.15
-1.1665,-2.8163,3.15
-0.9282,-2.8566,3.15
-0.7086,-2.9517,3.15
-0.4727,-2.9846,3.15
-0.2371,-3.0123,3.15
-0.0,-3.0415,3.15
0.2378,-3.0217,3.15
0.4719,-2.9792,3.15
0.7141,-2.9744,3.15
0.9391,-2.8904,3.15
1.1523,-2.782,3.15
1.3798,-2.7079,3.15
1.5684,-2.5593,3.15
1.7769,-2.4457,3.15
1.955,-2.289,3.15
2.1237,-2.1237,3.15
2.3094,-1.9724,3.15
2.4669,-1.7923,3.15
2.5665,-1.5727,3.15
2.7125,-1.3821,3.15
2.7936,-1.1571,3.15
2.8882,-0.9384,3.15
2.9209,-0.7012,3.15
2.9858,-0.4729,3.15
3.0318,-0.2386,3.15
2.9443,0.0,3.3
2.9646,0.2333,3.3
2.9424,0.466,3.3
2.89,0.6938,3.3
2.8269,0.9185,3.3
2.7286,1.1302,3.3
2.655,1.3528,3.3
2.5169,1.5424,3.3
2.3879,1.7349,3.3
2.2374,1.9109,3.3
2.0938,2.0938,3.3
1.9168,2.2443,3.3
1.7352,2.3883,3.3
1.5536,2.5353,3.3
1.3542,2.6577,3.3
1.1282,2.7238,3.3
0.9087,2.7968,3.3
0.6978,2.9067,3.3
0.4599,2.9038,3.3
0.2328,2.9586,3.3
0.0,2.9386,3.3
-0.232,2.9473,3.3
-0.4677,2.9531,3.3
-0.6933,2.888,3.3
-0.9195,2.8299,3.3
-1.1381,2.7476,3.3
-1.3499,2.6493,3.3
-1.5513,2.5314,3.3
-1.7533,2.4132,3.3
-1.9344,2.2649,3.3
-2.0738,2.0738,3.3
-2.2434,1.9161,3.3
-2.3815,1.7303,3.3
-2.5115,1.539,3.3
-2.6136,1.3317,3.3
-2.7136,-2.9724,3.3
-2.8433,-2.9739,3.3
-2.8516,-2.9484,3.3
-2.9278,-2.9665,3.3
-2.9476,-2.9997,3.3
-2.9342,-2.978,3.3
-2.9769,-2.9994,3.3
-2.918,-2.9976,3.3
-2.8894,-2.9895,3.3
-2.8001,-2.9944,3.3
-2.7077,-2.9781,3.3
-2.6451,-1.3477,3.3
-2.5054,-1.5353,3.3
-2.4176,-1.7565,3.3
-2.2697,-1.9385,3.3
-2.1103,-2.1103,3.3
-1.9193,-2.2472,3.3
-1.7335,-2.386,3.3
-1.5521,-2.5329,3.3
-1.3358,-2.6217,3.3
-1.1396,-2.7513,3.3
-0.9223,-2.8385,3.3
-0.6866,-2.8598,3.3
-0.4629,-2.9224,3.3
-0.2332,-2.963,3.3
-0.0,-2.9702,3.3
0.2302,-2.9247,3.3
0.4588,-2.8967,3.3
0.6882,-2.8667,3.3
0.9088,-2.7969,3.3
1.1436,-2.7609,3.3
1.3459,-2.6414,3.3
1.562,-2.5489,3.3
1.7315,-2.3833,3.3
1.9185,-2.2463,3.3
2.1084,-2.1084,3.3
2.2572,-1.9279,3.3
2.3978,-1.7421,3.3
2.5094,-1.5378,3.3
2.6175,-1.3337,3.3
2.7623,-1.1442,3.3
2.8004,-0.9099,3.3
2.8898,-0.6938,3.3
2.9341,-0.4647,3.3
2.9476,-0.232,3.3
3.0394,0.0,3.45
2.9813,0.2346,3.45
2.9935,0.4741,3.45
2.9388,0.7055,3.45
2.8555,0.9278,3.45
2.7837,1.1531,3.45
2.7015,1.3765,3.45
2.596,1.5908,3.45
2.4607,1.7878,3.45
2.2836,1.9503,3.45
2.1233,2.1233,3.45
1.94,2.2715,3.45
1.7775,2.4466,3.45
1.5766,2.5727,3.45
1.3766,2.7017,3.45
1.1604,2.8014,3.45
0.9255,2.8484,3.45
0.7034,2.9299,3.45
0.4713,2.9754,3.45
0.2357,2.9949,3.45
0.0,3.021,3.45
-0.2351,2.9877,3.45
-0.4742,2.9939,3.45
-0.6978,2.9065,3.45
-0.9409,2.8957,3.45
-1.1578,2.7952,3.45
-1.3751,2.6989,3.45
-1.5842,2.5851,3.45
-1.7699,2.436,3.45
-1.9589,2.2936,3.45
-2.1406,2.1406,3.45
-2.3119,1.9746,3.45
-2.4585,1.7862,3.45
-2.5691,1.5744,3.45
-2.6865,1.3689,3.45
-2.7692,-2.954,3.45
-2.865,-2.9766,3.45
-2.916,-2.9604,3.45
-2.9769,-2.9923,3.45
-2.9913,-2.9781,3.45
-3.0215,-2.9404,3.45
-3.0029,-2.9677,3.45
-2.9493,-2.9966,3.45
-2.9602,-2.9839,3.45
-2.8711,-2.941,3.45
-2.7939,-2.9897,3.45
-2.7104,-1.381,3.45
-2.5718,-1.576,3.45
-2.4592,-1.7867,3.45
-2.313,-1.9755,3.45
-2.1342,-2.1342,3.45
-1.9729,-2.3099,3.45
-1.7803,-2.4504,3.45
-1.5633,-2.5511,3.45
-1.3579,-2.665,3.45
-1.1495,-2.7753,3.45
-0.9383,-2.8878,3.45
-0.6984,-2.9089,3.45
-0.4754,-3.0018,3.45
-0.2358,-2.9956,3.45
-0.0,-3.0268,3.45
0.2377,-3.02,3.45
0.4704,-2.9697,3.45
0.7079,-2.9488,3.45
0.9324,-2.8695,3.45
1.153,-2.7836,3.45
1.3786,-2.7057,3.45
1.583,-2.5832,3.45
1.7845,-2.4561,3.45
1.9507,-2.284,3.45
2.1143,-2.1143,3.45
2.2889,-1.9549,3.45
2.4491,-1.7794,3.45
2.5729,-1.5767,3.45
2.6673,-1.3591,3.45
2.8073,-1.1628,3.45
2.8857,-0.9376,3.45
2.9578,-0.7101,3.45
2.983,-0.4725,3.45
2.9806,-0.2346,3.45
2.9555,0.0,3.6
2.9372,0.2312,3.6
2.9405,0.4657,3.6
2.846,0.6833,3.6
2.8147,0.9146,3.6
2.7247,1.1286,3.6
2.6549,1.3527,3.6
2.5254,1.5476,3.6
2.38,1.7291,3.6
2.2681,1.9371,3.6
2.0946,2.0946,3.6
1.9351,2.2657,3.6
1.7531,2.4129,3.6
1.5547,2.537,3.6
1.3275,2.6054,3.6
1.1279,2.723,3.6
0.9168,2.8215,3.6
0.6857,2.8562,3.6
0.458,2.8918,3.6
0.2336,2.9681,3.6
0.0,2.9823,3.6
-0.2301,2.9232,3.6
-0.4575,2.8883,3.6
-0.6941,2.8911,3.6
-0.9126,2.8086,3.6
-1.1367,2.7443,3.6
-1.3505,2.6504,3.6
-1.5551,2.5377,3.6
-1.7275,2.3778,3.6
-1.9344,2.2649,3.6
-2.101,2.101,3.6
-2.248,1.92,3.6
-2.3731,1.7242,3.6
-2.5352,1.5536,3.6
-2.6471,1.3488,3.6
-2.7535,-2.959,3.6
-2.8092,-2.9809,3.6
-2.8752,-2.9736,3.6
-2.9405,-2.9803,3.6
-2.9456,-2.9561,3.6
-2.9793,-2.9726,3.6
-2.9208,-2.9409,3.6
-2.9187,-2.9974,3.6
-2.8712,-2.9575,3.6
-2.8192,-2.9759,3.6
-2.7029,-2.9655,3.6
-2.611,-1.3304,3.6
-2.5053,-1.5353,3.6
-2.4075,-1.7491,3.6
-2.2618,-1.9318,3.6
-2.1042,-2.1042,3.6
-1.9121,-2.2388,3.6
-1.7479,-2.4058,3.6
-1.5394,-2.5121,3.6
-1.3416,-2.633,3.6
-1.1331,-2.7356,3.6
-0.909,-2.7977,3.6
-0.6858,-2.8568,3.6
-0.4648,-2.9346,3.6
-0.233,-2.961,3.6
-0.0,-2.9421,3.6
0.2307,-2.9311,3.6
0.4665,-2.9457,3.6
0.6886,-2.8683,3.6
0.9186,-2.8271,3.6
1.1273,-2.7214,3.6
1.3361,-2.6223,3.6
1.5327,-2.5011,3.6
1.7513,-2.4104,3.6
1.9285,-2.258,3.6
2.0833,-2.0833,3.6
2.2496,-1.9214,3.6
2.3669,-1.7196,3.6
2.5122,-1.5395,3.6
2.6266,-1.3383,3.6
2.7183,-1.1259,3.6
2.8305,-0.9197,3.6
2.8853,-0.6927,3.6
2.9217,-0.4627,3.6
2.9305,-0.2306,3.6
2.9934,0.0,3.75
2.9839,0.2348,3.75
2.9641,0.4695,3.75
2.949,0.708,3.75
2.8734,0.9336,3.75
2.7814,1.1521,3.75
2.7013,1.3764,3.75
2.5682,1.5738,3.75
2.4381,1.7714,3.75
2.2877,1.9539,3.75
2.1329,2.1329,3.75
1.9584,2.293,3.75
1.7635,2.4273,3.75
1.5823,2.582,3.75
1.3805,2.7094,3.75
1.1427,2.7588,3.75
0.9411,2.8964,3.75
0.7088,2.9523,3.75
0.4763,3.0069,3.75
0.2362,3.0012,3.75
0.0,2.9968,3.75
-0.2367,3.0073,3.75
-0.4757,3.0037,3.75
-0.6999,2.9154,3.75
-0.9383,2.8876,3.75
-1.1604,2.8014,3.75
-1.3712,2.6912,3.75
-1.5811,2.5801,3.75
-1.7893,2.4627,3.75
-1.9617,2.2969,3.75
-2.1483,2.1483,3.75
-2.3121,1.9747,3.75
-2.4483,1.7788,3.75
-2.5751,1.578,3.75
-2.7097,1.3807,3.75
-2.77,-2.9584,3.75
-2.8649,-2.9533,3.75
-2.9155,-2.9856,3.75
-2.9745,-2.9945,3.75
-3.0345,-2.9956,3.75
-3.027,-2.9623,3.75
-3.0025,-2.9414,3.75
-3.0051,-2.9641,3.75
-2.9256,-2.9838,3.75
-2.8553,-2.9514,3.75
-2.8061,-2.9571,3.75
-2.6787,-1.3649,3.75
-2.583,-1.5829,3.75
-2.4423,-1.7745,3.75
-2.2792,-1.9466,3.75
-2.1234,-2.1234,3.75
-1.9699,-2.3065,3.75
-1.7696,-2.4356,3.75
-1.5837,-2.5844,3.75
-1.3725,-2.6936,3.75
-1.164,-2.8101,3.75
-0.9332,-2.8722,3.75
-0.7048,-2.9355,3.75
-0.4729,-2.9856,3.75
-0.2378,-3.0212,3.75
-0.0,-2.998,3.75
0.2387,-3.0336,3.75
0.4727,-2.9848,3.75
0.7044,-2.9339,3.75
0.9271,-2.8535,3.75
1.1494,-2.7748,3.75
1.3738,-2.6963,3.75
1.5608,-2.547,3.75
1.7717,-2.4385,3.75
1.9565,-2.2907,3.75
2.1538,-2.1538,3.75
2.2874,-1.9536,3.75
2.4638,-1.79,3.75
2.5656,-1.5722,3.75
2.67,-1.3604,3.75
2.7911,-1.1561,3.75
2.8536,-0.9272,3.75
2.923,-0.7017,3.75
2.9889,-0.4734,3.75
3.0183,-0.2375,3.75
2.9991,0.0,3.9
2.9828,0.2348,3.9
2.9543,0.4679,3.9
2.9057,0.6976,3.9
2.8904,0.9392,3.9
2.7737,1.1489,3.9
2.6777,1.3644,3.9
2.5501,1.5627,3.9
2.454,1.7829,3.9
2.2729,1.9412,3.9
2.1345,2.1345,3.9
1.9417,2.2734,3.9
1.7797,2.4495,3.9
1.5881,2.5915,3.9
1.371,2.6907,3.9
1.1442,2.7623,3.9
0.9267,2.8522,3.9
0.7093,2.9543,3.9
0.469,2.9612,3.9
0.2344,2.9782,3.9
0.0,3.0204,3.9
-0.2351,2.9877,3.9
-0.4753,3.0007,3.9
-0.7055,2.9386,3.9
-0.9389,2.8896,3.9
-1.1514,2.7796,3.9
-1.3798,2.708,3.9
-1.5674,2.5577,3.9
-1.7626,2.426,3.9
-1.9564,2.2906,3.9
-2.1477,2.1477,3.9
-2.3084,1.9716,3.9
-2.4259,1.7625,3.9
-2.5889,1.5865,3.9
-2.6646,1.3577,3.9
-2.7738,-2.968,3.9
-2.8368,-2.9506,3.9
-2.9444,-2.9536,3.9
-2.9917,-2.9526,3.9
-3.0065,-2.9421,3.9
-3.0315,-2.9825,3.9
-2.9924,-2.9948,3.9
-2.9962,-2.9925,3.9
-2.9071,-2.9627,3.9
-2.8724,-2.9696,3.9
-2.7738,-2.9897,3.9
-2.6658,-1.3583,3.9
-2.5731,-1.5768,3.9
-2.4409,-1.7734,3.9
-2.2868,-1.9531,3.9
-2.1129,-2.1129,3.9
-1.957,-2.2913,3.9
-1.7736,-2.4411,3.9
-1.5764,-2.5724,3.9
-1.3779,-2.7042,3.9
-1.1544,-2.787,3.9
-0.9284,-2.8573,3.9
-0.704,-2.9326,3.9
-0.4732,-2.9875,3.9
-0.2358,-2.996,3.9
-0.0,-3.0314,3.9
0.2373,-3.0157,3.9
0.4737,-2.9911,3.9
0.697,-2.9031,3.9
0.9333,-2.8725,3.9
1.1495,-2.7751,3.9
1.3698,-2.6883,3.9
1.5594,-2.5447,3.9
1.7674,-2.4326,3.9
1.9565,-2.2907,3.9
2.1334,-2.1334,3.9
2.2817,-1.9487,3.9
2.4138,-1.7537,3.9
2.544,-1.559,3.9
2.6961,-1.3737,3.9
2.8006,-1.16,3.9
2.8822,-0.9365,3.9
2.9249,-0.7022,3.9
2.9662,-0.4698,3.9
3.0241,-0.238,3.9
3.0013,0.0,4.05
2.9901,0.2353,4.05
2.9783,0.4717,4.05
2.9315,0.7038,4.05
2.8639,0.9305,4.05
2.7651,1.1453,4.05
2.6582,1.3544,4.05
2.5462,1.5603,4.05
2.4031,1.746,4.05
2.2897,1.9556,4.05
2.0987,2.0987,4.05
1.9468,2.2794,4.05
1.7418,2.3974,4.05
1.5767,2.573,4.05
1.3567,2.6626,4.05
1.1402,2.7528,4.05
0.9282,2.8567,4.05
0.6965,2.9012,4.05
0.4637,2.9277,4.05
0.2334,2.9659,4.05
0.0,2.9759,4.05
-0.2325,2.954,4.05
-0.4723,2.9823,4.05
-0.7025,2.9261,4.05
-0.9316,2.8673,4.05
-1.1532,2.7841,4.05
-1.3564,2.662,4.05
-1.5611,2.5475,4.05
-1.7482,2.4061,4.05
-1.9556,2.2897,4.05
-2.1114,2.1114,4.05
-2.2637,1.9334,4.05
-2.4186,1.7572,4.05
-2.5659,1.5724,4.05
-2.6502,1.3504,4.05
-2.7899,-2.9758,4.05
-2.8462,-2.9523,4.05
-2.8851,-2.9606,4.05
-2.9505,-2.9791,4.05
-2.9677,-2.9875,4.05
-3.0006,-2.9565,4.05
-2.9659,-2.9577,4.05
-2.9491,-2.9982,4.05
-2.9034,-2.9977,4.05
-2.8278,-2.9865,4.05
-2.757,-2.9548,4.05
-2.6615,-1.3561,4.05
-2.5666,-1.5728,4.05
-2.4394,-1.7724,4.05
-2.2918,-1.9574,4.05
-2.1284,-2.1284,4.05
-1.9422,-2.274,4.05
-1.7546,-2.415,4.05
-1.5722,-2.5656,4.05
-1.3457,-2.6411,4.05
-1.1503,-2.7771,4.05
-0.9311,-2.8657,4.05
-0.6917,-2.8812,4.05
-0.4645,-2.9328,4.05
-0.237,-3.0108,4.05
-0.0,-2.9955,4.05
0.236,-2.999,4.05
0.4663,-2.9443,4.05
0.7038,-2.9314,4.05
0.9161,-2.8195,4.05
1.1421,-2.7573,4.05
1.3502,-2.65,4.05
1.5763,-2.5723,4.05
1.7607,-2.4233,4.05
1.9561,-2.2903,4.05
2.0964,-2.0964,4.05
2.2654,-1.9348,4.05
2.4076,-1.7492,4.05
2.5301,-1.5505,4.05
2.6458,-1.3481,4.05
2.7562,-1.1417,4.05
2.8309,-0.9198,4.05
2.9087,-0.6983,4.05
2.9407,-0.4658,4.05
2.9572,-0.2327,4.05
3.0178,0.0,4.2
3.0372,0.239,4.2
2.9572,0.4684,4.2
2.9484,0.7078,4.2
2.842,0.9234,4.2
2.7984,1.1591,4.2
2.6825,1.3668,4.2
2.5571,1.567,4.2
2.4227,1.7602,4.2
2.2749,1.9429,4.2
2.1343,2.1343,4.2
1.9649,2.3007,4.2
1.7585,2.4204,4.2
1.5787,2.5762,4.2
1.3636,2.6763,4.2
1.1623,2.806,4.2
0.9279,2.8559,4.2
0.7056,2.9389,4.2
0.4722,2.9816,4.2
0.2371,3.0126,4.2
0.0,3.0209,4.2
-0.2383,3.0274,4.2
-0.4674,2.9508,4.2
-0.7018,2.9234,4.2
-0.924,2.8438,4.2
-1.144,2.762,4.2
-1.3691,2.687,4.2
-1.5807,2.5795,4.2
-1.768,2.4334,4.2
-1.9703,2.3069,4.2
-2.1455,2.1455,4.2
-2.2765,1.9443,4.2
-2.4469,1.7778,4.2
-2.5761,1.5786,4.2
-2.69,1.3706,4.2
-2.7753,-2.97,4.2
-2.8445,-2.9733,4.2
-2.94,-2.9891,4.2
-2.9598,-2.9601,4.2
-3.0189,-2.9673,4.2
-3.0088,-2.9664,4.2
-2.9869,-2.9856,4.2
-2.9566,-2.9741,4.2
-2.9289,-2.9654,4.2
-2.8793,-2.9777,4.2
-2.7632,-2.9574,4.2
-2.7,-1.3757,4.2
-2.5958,-1.5907,4.2
-2.4638,-1.79,4.2
-2.2903,-1.9561,4.2
-2.1331,-2.1331,4.2
-1.9755,-2.313,4.2
-1.7629,-2.4264,4.2
-1.5652,-2.5541,4.2
-1.3696,-2.6879,4.2
-1.1568,-2.7928,4.2
-0.9279,-2.8559,4.2
-0.7,-2.9157,4.2
-0.4698,-2.9663,4.2
-0.2386,-3.0315,4.2
-0.0,-3.0381,4.2
0.2347,-2.9824,4.2
0.471,-2.974,4.2
0.7062,-2.9416,4.2
0.9359,-2.8803,4.2
1.156,-2.7909,4.2
1.3593,-2.6677,4.2
1.5784,-2.5757,4.2
1.764,-2.428,4.2
1.9555,-2.2896,4.2
2.1529,-2.1529,4.2
2.3042,-1.968,4.2
2.4248,-1.7617,4.2
2.5498,-1.5625,4.2
2.681,-1.366,4.2
2.7771,-1.1503,4.2
2.8829,-0.9367,4.2
2.9204,-0.7011,4.2
3.0011,-0.4753,4.2
3.0149,-0.2373,4.2
3.0361,0.0,4.35
3.033,0.2387,4.35
3.002,0.4755,4.35
2.971,0.7133,4.35
2.8946,0.9405,4.35
2.8452,1.1785,4.35
2.6955,1.3734,4.35
2.6246,1.6084,4.35
2.4521,1.7816,4.35
2.3301,1.9901,4.35
2.1375,2.1375,4.35
1.9825,2.3212,4.35
1.7932,2.4681,4.35
1.6007,2.6122,4.35
1.3952,2.7382,4.35
1.1614,2.8038,4.35
0.9504,2.9249,4.35
0.7099,2.9568,4.35
0.4744,2.9953,4.35
0.2406,3.0573,4.35
0.0,3.0351,4.35
-0.2398,3.0475,4.35
-0.4758,3.0044,4.35
-0.7129,2.9693,4.35
-0.9374,2.8851,4.35
-1.1615,2.8041,4.35
-1.3794,2.7071,4.35
-1.6045,2.6182,4.35
-1.8068,2.4868,4.35
-1.9746,2.3119,4.35
-2.1741,2.1741,4.35
-2.3185,1.9801,4.35
-2.4538,1.7828,4.35
-2.5907,1.5876,4.35
-2.7132,1.3824,4.35
-2.8262,-2.9825,4.35
-2.8766,-2.9721,4.35
-2.9612,-2.9715,4.35
-3.0036,-2.9734,4.35
-3.0357,-2.9821,4.35
-3.0485,-2.9653,4.35
-3.0219,-2.9718,4.35
-3.0319,-2.9692,4.35
-2.9564,-2.9969,4.35
-2.894,-2.9629,4.35
-2.8102,-2.9416,4.35
-2.7389,-1.3955,4.35
-2.582,-1.5822,4.35
-2.476,-1.7989,4.35
-2.3038,-1.9677,4.35
-2.1361,-2.1361,4.35
-1.9977,-2.339,4.35
-1.7919,-2.4663,4.35
-1.5993,-2.6099,4.35
-1.374,-2.6966,4.35
-1.1738,-2.8337,4.35
-0.9415,-2.8976,4.35
-0.7144,-2.9758,4.35
-0.4772,-3.0131,4.35
-0.239,-3.0371,4.35
-0.0,-3.0366,4.35
0.2412,-3.0642,4.35
0.4814,-3.0394,4.35
0.7138,-2.9732,4.35
0.9502,-2.9245,4.35
1.1696,-2.8236,4.35
1.3741,-2.6968,4.35
1.5997,-2.6105,4.35
1.7992,-2.4764,4.35
1.9762,-2.3138,4.35
2.1463,-2.1463,4.35
2.3204,-1.9818,4.35
2.4644,-1.7905,4.35
2.5954,-1.5905,4.35
2.715,-1.3834,4.35
2.8402,-1.1764,4.35
2.8936,-0.9402,4.35
2.9379,-0.7053,4.35
2.9829,-0.4724,4.35
3.0322,-0.2386,4.35
2.9852,0.0,4.5
2.9829,0.2348,4.5
2.9268,0.4636,4.5
2.9085,0.6983,4.5
2.826,0.9182,4.5
2.7667,1.146,4.5
2.6431,1.3467,4.5
2.549,1.562,4.5
2.4199,1.7582,4.5
2.2393,1.9126,4.5
2.0997,2.0997,4.5
1.9155,2.2428,4.5
1.7547,2.4152,4.5
1.555,2.5375,4.5
1.3416,2.6331,4.5
1.1394,2.7507,4.5
0.9258,2.8494,4.5
0.6894,2.8717,4.5
0.4683,2.9565,4.5
0.2343,2.9765,4.5
0.0,2.9484,4.5
-0.2344,2.9779,4.5
-0.461,2.9104,4.5
-0.6952,2.8955,4.5
-0.9081,2.7947,4.5
-1.1382,2.7478,4.5
-1.3485,2.6467,4.5
-1.5453,2.5218,4.5
-1.7546,2.415,4.5
-1.9363,2.2671,4.5
-2.0901,2.0901,4.5
-2.246,1.9183,4.5
-2.4019,1.7451,4.5
-2.5087,1.5373,4.5
-2.6259,1.3379,4.5
-2.7356,-2.9403,4.5
-2.8485,-2.9974,4.5
-2.8993,-2.9603,4.5
-2.938,-2.9424,4.5
-2.9869,-2.9678,4.5
-2.9776,-2.9491,4.5
-2.9371,-2.9711,4.5
-2.9552,-2.9999,4.5
-2.8775,-2.9808,4.5
-2.8036,-2.9748,4.5
-2.7352,-2.9863,4.5
-2.6684,-1.3596,4.5
-2.5508,-1.5631,4.5
-2.3867,-1.7341,4.5
-2.2643,-1.9339,4.5
-2.1086,-2.1086,4.5
-1.9208,-2.2489,4.5
-1.7445,-2.4011,4.5
-1.5454,-2.5218,4.5
-1.3558,-2.6609,4.5
-1.1402,-2.7527,4.5
-0.9246,-2.8457,4.5
-0.6926,-2.885,4.5
-0.4639,-2.9291,4.5
-0.232,-2.9473,4.5
-0.0,-2.9548,4.5
0.2346,-2.9814,4.5
0.463,-2.9236,4.5
0.6983,-2.9086,4.5
0.9235,-2.8421,4.5
1.1454,-2.7653,4.5
1.3492,-2.6479,4.5
1.5587,-2.5435,4.5
1.7617,-2.4247,4.5
1.9255,-2.2545,4.5
2.0977,-2.0977,4.5
2.2781,-1.9457,4.5
2.3839,-1.732,4.5
2.5276,-1.5489,4.5
2.658,-1.3543,4.5
2.7677,-1.1464,4.5
2.8023,-0.9105,4.5
2.8755,-0.6904,4.5
2.9263,-0.4635,4.5
2.9322,-0.2308,4.5
2.9355,0.0,4.65
2.9505,0.2322,4.65
2.9088,0.4607,4.65
2.8582,0.6862,4.65
2.8136,0.9142,4.65
2.7256,1.129,4.65
2.6296,1.3399,4.65
2.5329,1.5521,4.65
2.3965,1.7411,4.65
2.2549,1.9259,4.65
2.1074,2.1074,4.65
1.8986,2.223,4.65
1.7366,2.3902,4.65
1.5395,2.5122,4.65
1.3465,2.6426,4.65
1.1215,2.7075,4.65
0.9158,2.8186,4.65
0.6903,2.8754,4.65
0.4603,2.906,4.65
0.2334,2.9656,4.65
0.0,2.9628,4.65
-0.2334,2.9658,4.65
-0.4629,2.9226,4.65
-0.6843,2.8503,4.65
-0.9126,2.8087,4.65
-1.1242,2.714,4.65
-1.3483,2.6462,4.65
-1.5521,2.5329,4.65
-1.7285,2.3791,4.65
-1.9334,2.2637,4.65
-2.0718,2.0718,4.65
-2.2474,1.9195,4.65
-2.3981,1.7424,4.65
-2.5358,1.554,4.65
-2.6044,1.327,4.65
-2.7514,-2.9474,4.65
-2.8027,-2.9575,4.65
-2.843,-2.9808,4.65
-2.9292,-2.9431,4.65
-2.9312,-2.988,4.65
-2.9579,-2.9581,4.65
-2.9416,-2.9706,4.65
-2.9033,-2.946,4.65
-2.8624,-2.9701,4.65
-2.7839,-2.9956,4.65
-2.7247,-2.9996,4.65
-2.6364,-1.3433,4.65
-2.5325,-1.5519,4.65
-2.409,-1.7502,4.65
-2.2406,-1.9136,4.65
-2.0767,-2.0767,4.65
-1.9052,-2.2307,4.65
-1.7529,-2.4126,4.65
-1.5417,-2.5159,4.65
-1.3474,-2.6445,4.65
-1.12,-2.704,4.65
-0.9124,-2.808,4.65
-0.6832,-2.8458,4.65
-0.4611,-2.9113,4.65
-0.2327,-2.9563,4.65
-0.0,-2.9777,4.65
0.2325,-2.9545,4.65
0.4654,-2.9384,4.65
0.6873,-2.8626,4.65
0.9085,-2.796,4.65
1.131,-2.7304,4.65
1.3422,-2.6342,4.65
1.5376,-2.5091,4.65
1.7319,-2.3837,4.65
1.9163,-2.2437,4.65
2.0679,-2.0679,4.65
2.2624,-1.9323,4.65
2.3988,-1.7428,4.65
2.524,-1.5467,4.65
2.6105,-1.3301,4.65
2.7201,-1.1267,4.65
2.8005,-0.91,4.65
2.8732,-0.6898,4.65
2.9183,-0.4622,4.65
2.965,-0.2333,4.65
2.9788,0.0,4.8
3.0013,0.2362,4.8
2.9851,0.4728,4.8
2.9407,0.706,4.8
2.8607,0.9295,4.8
2.7497,1.139,4.8
2.6459,1.3482,4.8
2.5434,1.5586,4.8
2.4347,1.7689,4.8
2.2857,1.9522,4.8
2.1007,2.1007,4.8
1.9443,2.2765,4.8
1.755,2.4155,4.8
1.5629,2.5505,4.8
1.3678,2.6845,4.8
1.1486,2.773,4.8
0.9309,2.8649,4.8
0.7002,2.9167,4.8
0.4721,2.9804,4.8
0.2375,3.0177,4.8
0.0,3.0025,4.8
-0.2345,2.9799,4.8
-0.4643,2.9318,4.8
-0.6938,2.8899,4.8
-0.9299,2.8618,4.8
-1.1539,2.7858,4.8
-1.3607,2.6705,4.8
-1.565,2.5538,4.8
-1.7609,2.4237,4.8
-1.9353,2.266,4.8
-2.1388,2.1388,4.8
-2.295,1.9601,4.8
-2.4321,1.767,4.8
-2.5383,1.5555,4.8
-2.6807,1.3659,4.8
-2.7785,-2.9632,4.8
-2.8391,-2.9927,4.8
-2.9221,-2.9544,4.8
-2.965,-2.9401,4.8
-3.0106,-2.9765,4.8
-2.9991,-2.954,4.8
-2.9724,-2.9996,4.8
-2.9463,-2.9486,4.8
-2.9285,-2.9859,4.8
-2.8301,-2.9769,4.8
-2.7877,-2.9448,4.8
-2.6634,-1.3571,4.8
-2.5715,-1.5758,4.8
-2.4228,-1.7603,4.8
-2.2807,-1.9479,4.8
-2.1024,-2.1024,4.8
-1.9376,-2.2686,4.8
-1.7495,-2.408,4.8
-1.5509,-2.5309,4.8
-1.3588,-2.6668,4.8
-1.136,-2.7425,4.8
-0.9339,-2.8741,4.8
-0.7004,-2.9174,4.8
-0.4676,-2.9525,4.8
-0.2339,-2.9725,4.8
-0.0,-2.9805,4.8
0.2349,-2.9842,4.8
0.4659,-2.9415,4.8
0.6935,-2.8885,4.8
0.9197,-2.8304,4.8
1.157,-2.7933,4.8
1.3634,-2.6758,4.8
1.5777,-2.5746,4.8
1.747,-2.4046,4.8
1.9354,-2.266,4.8
2.1287,-2.1287,4.8
2.2636,-1.9333,4.8
2.4073,-1.749,4.8
2.548,-1.5614,4.8
2.6548,-1.3527,4.8
2.7692,-1.147,4.8
2.8486,-0.9256,4.8
2.9059,-0.6977,4.8
2.9621,-0.4691,4.8
2.9722,-0.2339,4.8
3.0438,0.0,4.95
3.0163,0.2374,4.95
2.9841,0.4726,4.95
2.9245,0.7021,4.95
2.8949,0.9406,4.95
2.8119,1.1647,4.95
2.6934,1.3724,4.95
2.5607,1.5692,4.95
2.4307,1.766,4.95
2.2895,1.9554,4.95
2.1428,2.1428,4.95
1.9789,2.317,4.95
1.777,2.4458,4.95
1.5717,2.5647,4.95
1.3755,2.6996,4.95
1.1511,2.7791,4.95
0.9332,2.8722,4.95
0.7035,2.9305,4.95
0.4742,2.9941,4.95
0.2365,3.005,4.95
0.0,3.038,4.95
-0.2368,3.009,4.95
-0.477,3.0116,4.95
-0.7067,2.9436,4.95
-0.9328,2.871,4.95
-1.1599,2.8002,4.95
-1.3766,2.7017,4.95
-1.5758,2.5715,4.95
-1.7625,2.4259,4.95
-1.9528,2.2865,4.95
-2.1211,2.1211,4.95
-2.3075,1.9708,4.95
-2.4507,1.7805,4.95
-2.5977,1.5919,4.95
-2.6791,1.365,4.95
-2.7784,-2.9705,4.95
-2.8796,-2.9632,4.95
-2.9357,-2.9714,4.95
-3.0112,-2.9412,4.95
-2.9875,-2.9693,4.95
-3.003,-2.989,4.95
-3.0111,-2.9865,4.95
-2.9818,-2.9452,4.95
-2.9448,-2.9703,4.95
-2.881,-2.9452,4.95
-2.7974,-2.9783,4.95
-2.6777,-1.3643,4.95
-2.5804,-1.5812,4.95
-2.4315,-1.7666,4.95
-2.3146,-1.9768,4.95
-2.1318,-2.1318,4.95
-1.9702,-2.3068,4.95
-1.7681,-2.4335,4.95
-1.5895,-2.5939,4.95
-1.3832,-2.7146,4.95
-1.1463,-2.7674,4.95
-0.9418,-2.8986,4.95
-0.7044,-2.9341,4.95
-0.4765,-3.0085,4.95
-0.2365,-3.0055,4.95
-0.0,-2.9921,4.95
0.2391,-3.0385,4.95
0.4696,-2.965,4.95
0.7048,-2.9355,4.95
0.9352,-2.8783,4.95
1.1646,-2.8117,4.95
1.3673,-2.6835,4.95
1.5755,-2.571,4.95
1.7646,-2.4288,4.95
1.9794,-2.3175,4.95
2.1542,-2.1542,4.95
2.3046,-1.9683,4.95
2.4201,-1.7583,4.95
2.574,-1.5774,4.95
2.7042,-1.3778,4.95
2.803,-1.161,4.95
2.8465,-0.9249,4.95
2.9444,-0.7069,4.95
2.9636,-0.4694,4.95
2.999,-0.236,4.95
2.9803,0.0,5.1
2.9777,0.2343,5.1
2.9352,0.4649,5.1
2.9241,0.702,5.1
2.8147,0.9146,5.1
2.7742,1.1491,5.1
2.6731,1.362,5.1
2.5627,1.5705,5.1
2.4215,1.7594,5.1
2.2776,1.9452,5.1
2.1025,2.1025,5.1
1.9358,2.2665,5.1
1.752,2.4114,5.1
1.5452,2.5216,5.1
1.3532,2.6558,5.1
1.1418,2.7564,5.1
0.9178,2.8246,5.1
0.7018,2.9232,5.1
0.4663,2.9438,5.1
0.2341,2.974,5.1
0.0,2.9828,5.1
-0.2364,3.0042,5.1
-0.471,2.9735,5.1
-0.6987,2.9105,5.1
-0.9263,2.8508,5.1
-1.1497,2.7756,5.1
-1.3474,2.6445,5.1
-1.5733,2.5674,5.1
-1.7525,2.4121,5.1
-1.9303,2.2601,5.1
-2.0989,2.0989,5.1
-2.2891,1.9551,5.1
-2.4177,1.7566,5.1
-2.5329,1.5522,5.1
-2.6468,1.3486,5.1
-2.7292,-2.9776,5.1
-2.815,-2.9836,5.1
-2.884,-2.9646,5.1
-2.9442,-2.9401,5.1
-2.9752,-2.9862,5.1
-2.9988,-2.9429,5.1
-2.9583,-2.9956,5.1
-2.9399,-2.9562,5.1
-2.893,-2.9638,5.1
-2.8396,-2.9547,5.1
-2.78,-2.9885,5.1
-2.6526,-1.3515,5.1
-2.5374,-1.5549,5.1
-2.398,-1.7423,5.1
-2.2595,-1.9298,5.1
-2.0996,-2.0996,5.1
-1.9353,-2.266,5.1
-1.7704,-2.4367,5.1
-1.5614,-2.5479,5.1
-1.3545,-2.6583,5.1
-1.1404,-2.7531,5.1
-0.9159,-2.8189,5.1
-0.699,-2.9116,5.1
-0.4711,-2.9744,5.1
-0.2349,-2.9844,5.1
-0.0,-2.9801,5.1
0.2357,-2.9947,5.1
0.4641,-2.9304,5.1
0.6945,-2.8928,5.1
0.9178,-2.8248,5.1
1.1505,-2.7776,5.1
1.3479,-2.6454,5.1
1.5507,-2.5305,5.1
1.7569,-2.4182,5.1
1.949,-2.282,5.1
2.1215,-2.1215,5.1
2.2639,-1.9336,5.1
2.3978,-1.7421,5.1
2.5678,-1.5736,5.1
2.6634,-1.3571,5.1
2.7298,-1.1307,5.1
2.8245,-0.9177,5.1
2.8924,-0.6944,5.1
2.9322,-0.4644,5.1
2.9888,-0.2352,5.1
3.0431,0.0,5.25
2.988,0.2352,5.25
2.9675,0.47,5.25
2.9105,0.6987,5.25
2.8814,0.9362,5.25
2.8005,1.16,5.25
2.683,1.367,5.25
2.5636,1.5709,5.25
2.4548,1.7835,5.25
2.2804,1.9477,5.25
2.1115,2.1115,5.25
1.9467,2.2792,5.25
1.7694,2.4354,5.25
1.5653,2.5543,5.25
1.3739,2.6964,5.25
1.1566,2.7922,5.25
0.9262,2.8507,5.25
0.7009,2.9195,5.25
0.4697,2.9654,5.25
0.2383,3.0273,5.25
0.0,3.0184,5.25
-0.236,2.9981,5.25
-0.4732,2.9878,5.25
-0.7101,2.9579,5.25
-0.9357,2.8799,5.25
-1.1471,2.7694,5.25
-1.3641,2.6772,5.25
-1.5728,2.5665,5.25
-1.77,2.4362,5.25
-1.9676,2.3037,5.25
-2.1141,2.1141,5.25
-2.2874,1.9537,5.25
-2.4585,1.7862,5.25
-2.5943,1.5898,5.25
-2.7067,1.3791,5.25
-2.8034,-2.9586,5.25
-2.8761,-2.9901,5.25
-2.9516,-2.9658,5.25
-2.9886,-2.9796,5.25
-2.9816,-2.978,5.25
-3.001,-2.9873,5.25
-3.0339,-2.9778,5.25
-3.002,-2.9488,5.25
-2.9111,-2.9443,5.25
-2.8476,-2.9425,5.25
-2.7708,-2.9429,5.25
-2.7034,-1.3775,5.25
-2.56,-1.5688,5.25
-2.4456,-1.7769,5.25
-2.2794,-1.9468,5.25
-2.137,-2.137,5.25
-1.9471,-2.2798,5.25
-1.7602,-2.4227,5.25
-1.5679,-2.5586,5.25
-1.3773,-2.7031,5.25
-1.1573,-2.7939,5.25
-0.933,-2.8714,5.25
-0.7008,-2.919,5.25
-0.4737,-2.991,5.25
-0.2388,-3.0346,5.25
-0.0,-3.0125,5.25
0.2364,-3.0034,5.25
0.4726,-2.9838,5.25
0.7071,-2.9451,5.25
0.9354,-2.8788,5.25
1.159,-2.7981,5.25
1.379,-2.7064,5.25
1.5629,-2.5505,5.25
1.7885,-2.4617,5.25
1.9441,-2.2762,5.25
2.1153,-2.1153,5.25
2.3078,-1.9711,5.25
2.4394,-1.7723,5.25
2.5645,-1.5715,5.25
2.6674,-1.3591,5.25
2.8026,-1.1609,5.25
2.8693,-0.9323,5.25
2.9121,-0.6991,5.25
2.9571,-0.4684,5.25
2.9806,-0.2346,5.25
2.9863,0.0,5.4
2.9369,0.2311,5.4
2.9179,0.4621,5.4
2.8686,0.6887,5.4
2.8146,0.9145,5.4
2.7283,1.1301,5.4
2.6247,1.3374,5.4
2.5214,1.5451,5.4
2.425,1.7619,5.4
2.2357,1.9094,5.4
2.0835,2.0835,5.4
1.9334,2.2638,5.4
1.7424,2.3982,5.4
1.544,2.5195,5.4
1.3442,2.6382,5.4
1.1327,2.7347,5.4
0.9094,2.7987,5.4
0.6905,2.876,5.4
0.4602,2.9056,5.4
0.2314,2.9396,5.4
0.0,2.9949,5.4
-0.2325,2.9541,5.4
-0.4602,2.9058,5.4
-0.689,2.8701,5.4
-0.9106,2.8025,5.4
-1.1361,2.7427,5.4
-1.3407,2.6313,5.4
-1.5653,2.5543,5.4
-1.7394,2.394,5.4
-1.9178,2.2455,5.4
-2.1019,2.1019,5.4
-2.2728,1.9412,5.4
-2.4031,1.7459,5.4
-2.522,1.5455,5.4
-2.6534,1.352,5.4
-2.7699,-2.9671,5.4
-2.8414,-2.9625,5.4
-2.8908,-2.9827,5.4
-2.9371,-2.973,5.4
-2.9519,-2.9683,5.4
-2.982,-2.9758,5.4
-2.9779,-2.9999,5.4
-2.9544,-2.9668,5.4
-2.8807,-2.9723,5.4
-2.8419,-2.9451,5.4
-2.7187,-2.9994,5.4
-2.6271,-1.3386,5.4
-2.5309,-1.5509,5.4
-2.4127,-1.753,5.4
-2.2401,-1.9132,5.4
-2.0835,-2.0835,5.4
-1.91,-2.2364,5.4
-1.7405,-2.3956,5.4
-1.5496,-2.5287,5.4
-1.3543,-2.6579,5.4
-1.1367,-2.7444,5.4
-0.9228,-2.8401,5.4
-0.6937,-2.8894,5.4
-0.4621,-2.9173,5.4
-0.2319,-2.9467,5.4
-0.0,-2.9731,5.4
0.2314,-2.9406,5.4
0.4657,-2.9402,5.4
0.6938,-2.89,5.4
0.922,-2.8375,5.4
1.1349,-2.7398,5.4
1.3599,-2.669,5.4
1.5651,-2.5539,5.4
1.7523,-2.4119,5.4
1.9153,-2.2426,5.4
2.1196,-2.1196,5.4
2.2617,-1.9316,5.4
2.3842,-1.7322,5.4
2.5199,-1.5442,5.4
2.6615,-1.3561,5.4
2.7258,-1.1291,5.4
2.7982,-0.9092,5.4
2.8736,-0.6899,5.4
2.936,-0.465,5.4
2.9567,-0.2327,5.4
3.0204,0.0,5.55
3.038,0.2391,5.55
3.013,0.4772,5.55
2.9578,0.7101,5.55
2.8616,0.9298,5.55
2.8119,1.1647,5.55
2.7119,1.3818,5.55
2.5625,1.5703,5.55
2.4571,1.7852,5.55
2.3151,1.9773,5.55
2.1364,2.1364,5.55
1.9817,2.3203,5.55
1.7896,2.4631,5.55
1.576,2.5718,5.55
1.3635,2.6761,5.55
1.1664,2.816,5.55
0.9359,2.8805,5.55
0.7086,2.9514,5.55
0.4716,2.9774,5.55
0.2381,3.0254,5.55
0.0,3.0073,5.55
-0.2374,3.0159,5.55
-0.4758,3.0043,5.55
-0.7122,2.9664,5.55
-0.9446,2.9072,5.55
-1.171,2.8272,5.55
-1.3884,2.725,5.55
-1.5709,2.5636,5.55
-1.7928,2.4675,5.55
-1.9607,2.2957,5.55
-2.1274,2.1274,5.55
-2.3109,1.9737,5.55
-2.4629,1.7894,5.55
-2.5638,1.5711,5.55
-2.6955,1.3734,5.55
-2.7965,-2.9901,5.55
-2.9087,-2.955,5.55
-2.9736,-2.9404,5.55
-3.0097,-2.9897,5.55
-3.0321,-2.9777,5.55
-3.0385,-2.9492,5.55
-3.052,-2.9658,5.55
-3.0068,-2.9661,5.55
-2.942,-2.9491,5.55
-2.8854,-2.9402,5.55
-2.7878,-2.9962,5.55
-2.6903,-1.3708,5.55
-2.6048,-1.5962,5.55
-2.4568,-1.785,5.55
-2.2991,-1.9636,5.55
-2.1343,-2.1343,5.55
-1.9577,-2.2922,5.55
-1.7837,-2.4551,5.55
-1.5747,-2.5697,5.55
-1.3874,-2.7229,5.55
-1.1681,-2.8201,5.55
-0.9425,-2.9006,5.55
-0.7066,-2.943,5.55
-0.4757,-3.0034,5.55
-0.2356,-2.9941,5.55
-0.0,-3.051,5.55
0.2373,-3.0148,5.55
0.4732,-2.988,5.55
0.7023,-2.9253,5.55
0.9448,-2.9077,5.55
1.1658,-2.8144,5.55
1.3638,-2.6765,5.55
1.5978,-2.6074,5.55
1.7748,-2.4428,5.55
1.9877,-2.3273,5.55
2.1506,-2.1506,5.55
2.2918,-1.9574,5.55
2.4288,-1.7646,5.55
2.5754,-1.5782,5.55
2.7153,-1.3835,5.55
2.8182,-1.1673,5.55
2.9032,-0.9433,5.55
2.9445,-0.7069,5.55
3.0126,-0.4772,5.55
3.0102,-0.2369,5.55
3.0179,0.0,5.7
2.9659,0.2334,5.7
2.9536,0.4678,5.7
2.9153,0.6999,5.7
2.8765,0.9346,5.7
2.7554,1.1413,5.7
2.6605,1.3556,5.7
2.5505,1.5629,5.7
2.4244,1.7614,5.7
2.3054,1.969,5.7
2.1447,2.1447,5.7
1.9395,2.2708,5.7
1.7635,2.4272,5.7
1.5679,2.5585,5.7
1.3649,2.6789,5.7
1.1549,2.7882,5.7
0.9203,2.8324,5.7
0.6983,2.9088,5.7
0.4679,2.9541,5.7
0.2358,2.996,5.7
0.0,3.0267,5.7
-0.2359,2.9976,5.7
-0.4737,2.991,5.7
-0.7074,2.9463,5.7
-0.9343,2.8754,5.7
-1.1465,2.7678,5.7
-1.351,2.6515,5.7
-1.5801,2.5785,5.7
-1.7718,2.4386,5.7
-1.9443,2.2765,5.7
-2.1096,2.1096,5.7
-2.2636,1.9333,5.7
-2.4116,1.7521,5.7
-2.5765,1.5789,5.7
-2.7004,1.3759,5.7
-2.7919,-2.944,5.7
-2.874,-2.9425,5.7
-2.9038,-2.9494,5.7
-2.9803,-2.9409,5.7
-3.0098,-2.9707,5.7
-3.0275,-2.9973,5.7
-2.9962,-2.9583,5.7
-2.9424,-2.9846,5.7
-2.9152,-2.9401,5.7
-2.8837,-2.9865,5.7
-2.7526,-2.9901,5.7
-2.6666,-1.3587,5.7
-2.5582,-1.5676,5.7
-2.4196,-1.7579,5.7
-2.2761,-1.9439,5.7
-2.109,-2.109,5.7
-1.9488,-2.2817,5.7
-1.7813,-2.4518,5.7
-1.5815,-2.5808,5.7
-1.3651,-2.6792,5.7
-1.1428,-2.759,5.7
-0.9373,-2.8847,5.7
-0.7006,-2.9181,5.7
-0.4724,-2.9825,5.7
-0.2378,-3.0214,5.7
-0.0,-3.0183,5.7
0.2371,-3.0131,5.7
0.4713,-2.9759,5.7
0.6986,-2.91,5.7
0.9295,-2.8608,5.7
1.1503,-2.777,5.7
1.356,-2.6613,5.7
1.5748,-2.5698,5.7
1.7634,-2.4271,5.7
1.932,-2.262,5.7
2.1188,-2.1188,5.7
2.2724,-1.9408,5.7
2.4361,-1.7699,5.7
2.5741,-1.5774,5.7
2.6804,-1.3657,5.7
2.7963,-1.1582,5.7
2.8463,-0.9248,5.7
2.9046,-0.6973,5.7
2.9772,-0.4715,5.7
2.9756,-0.2342,5.7
2.9794,0.0,5.85
2.9555,0.2326,5.85
2.9552,0.4681,5.85
2.9394,0.7057,5.85
2.8585,0.9288,5.85
2.7498,1.139,5.85
2.6888,1.37,5.85
2.5594,1.5684,5.85
2.4317,1.7667,5.85
2.2768,1.9446,5.85
2.0996,2.0996,5.85
1.9548,2.2887,5.85
1.7535,2.4135,5.85
1.5774,2.5741,5.85
1.3578,2.6648,5.85
1.1362,2.7431,5.85
0.9236,2.8426,5.85
0.6972,2.9042,5.85
0.4637,2.9278,5.85
0.2337,2.9695,5.85
0.0,3.0219,5.85
-0.2326,2.9559,5.85
-0.4666,2.9458,5.85
-0.6937,2.8894,5.85
-0.9324,2.8696,5.85
-1.1403,2.7529,5.85
-1.3619,2.673,5.85
-1.5595,2.5449,5.85
-1.7672,2.4324,5.85
-1.9281,2.2576,5.85
-2.0958,2.0958,5.85
-2.257,1.9277,5.85
-2.4148,1.7545,5.85
-2.5428,1.5582,5.85
-2.6583,1.3545,5.85
-2.7403,-2.9556,5.85
-2.8284,-2.9709,5.85
-2.9177,-2.9566,5.85
-2.9633,-2.9729,5.85
-2.9986,-2.9676,5.85
-3.0112,-2.9879,5.85
-2.9725,-2.9876,5.85
-2.9496,-2.9869,5.85
-2.8822,-2.9888,5.85
-2.8631,-2.9999,5.85
-2.7514,-2.9663,5.85
-2.6927,-1.372,5.85
-2.5739,-1.5773,5.85
-2.4121,-1.7525,5.85
-2.29,-1.9559,5.85
-2.1183,-2.1183,5.85
-1.9362,-2.2671,5.85
-1.7594,-2.4216,5.85
-1.5643,-2.5527,5.85
-1.3481,-2.6458,5.85
-1.1481,-2.7719,5.85
-0.9295,-2.8606,5.85
-0.6996,-2.914,5.85
-0.4667,-2.9469,5.85
-0.2337,-2.9689,5.85
-0.0,-2.9865,5.85
0.2367,-3.0071,5.85
0.469,-2.9613,5.85
0.7003,-2.917,5.85
0.9253,-2.8478,5.85
1.1526,-2.7827,5.85
1.3643,-2.6777,5.85
1.5669,-2.557,5.85
1.7544,-2.4147,5.85
1.943,-2.275,5.85
2.118,-2.118,5.85
2.2736,-1.9418,5.85
2.4355,-1.7695,5.85
2.5586,-1.5679,5.85
2.6798,-1.3654,5.85
2.7588,-1.1427,5.85
2.8607,-0.9295,5.85
2.8853,-0.6927,5.85
2.9677,-0.47,5.85
2.9695,-0.2337,5.85
2.9958,0.0,6.0
2.9429,0.2316,6.0
2.9531,0.4677,6.0
2.8965,0.6954,6.0
2.8252,0.9179,6.0
2.7269,1.1295,6.0
2.6541,1.3523,6.0
2.507,1.5363,6.0
2.4188,1.7574,6.0
2.2478,1.9198,6.0
2.0937,2.0937,6.0
1.9179,2.2455,6.0
1.7543,2.4146,6.0
1.5623,2.5494,6.0
1.3373,2.6247,6.0
1.1367,2.7441,6.0
0.9184,2.8267,6.0
0.691,2.8782,6.0
0.4683,2.9568,6.0
0.2349,2.9844,6.0
0.0,2.9733,6.0
-0.2319,2.9461,6.0
-0.464,2.9294,6.0
-0.6941,2.8911,6.0
-0.9181,2.8257,6.0
-1.1311,2.7307,6.0
-1.3437,2.6372,6.0
-1.5414,2.5153,6.0
-1.752,2.4114,6.0
-1.9389,2.2702,6.0
-2.0916,2.0916,6.0
-2.2762,1.9441,6.0
-2.3848,1.7326,6.0
-2.5488,1.5619,6.0
-2.644,1.3472,6.0
-2.7256,-2.9876,6.0
-2.8091,-2.96,6.0
-2.9123,-2.9525,6.0
-2.9286,-2.9736,6.0
-2.9359,-2.9939,6.0
-2.9428,-2.9863,6.0
-2.9558,-2.9828,6.0
-2.9212,-2.9827,6.0
-2.8811,-2.9613,6.0
-2.8084,-2.993,6.0
-2.7352,-2.9955,6.0
-2.6542,-1.3524,6.0
-2.512,-1.5393,6.0
-2.3816,-1.7304,6.0
-2.2516,-1.923,6.0
-2.0998,-2.0998,6.0
-1.9154,-2.2426,6.0
-1.759,-2.421,6.0
-1.5388,-2.5112,6.0
-1.3515,-2.6524,6.0
-1.1465,-2.7679,6.0
-0.9101,-2.8011,6.0
-0.6963,-2.9002,6.0
-0.4691,-2.9618,6.0
-0.2315,-2.9416,6.0
-0.0,-2.9827,6.0
0.2329,-2.9596,6.0
0.4635,-2.9267,6.0
0.6926,-2.8849,6.0
0.9237,-2.8428,6.0
1.141,-2.7545,6.0
1.3508,-2.651,6.0
1.5482,-2.5265,6.0
1.7597,-2.4221,6.0
1.9172,-2.2448,6.0
2.1178,-2.1178,6.0
2.2397,-1.9128,6.0
2.3932,-1.7387,6.0
2.5229,-1.546,6.0
2.6303,-1.3402,6.0
2.742,-1.1358,6.0
2.8094,-0.9128,6.0
2.8827,-0.6921,6.0
2.9083,-0.4606,6.0
2.9629,-0.2332,6.0
1.75,0.0,6.15
1.706,0.1343,6.15
1.724,0.2731,6.15
1.6719,0.4014,6.15
1.6611,0.5397,6.15
1.5823,0.6554,6.15
1.5278,0.7785,6.15
1.4515,0.8895,6.15
1.3927,1.0118,6.15
1.3004,1.1106,6.15
1.2259,1.2259,6.15
1.1278,1.3205,6.15
1.0013,1.3782,6.15
0.8999,1.4685,6.15
0.7869,1.5444,6.15
0.6703,1.6183,6.15
0.5395,1.6606,6.15
0.4018,1.6737,6.15
0.2735,1.7271,6.15
0.133,1.6899,6.15
0.0,1.7007,6.15
-0.1372,1.7437,6.15
-0.2721,1.7179,6.15
-0.3988,1.6611,6.15
-0.5356,1.6483,6.15
-0.6619,1.598,6.15
-0.7769,1.5247,6.15
-0.9029,1.4734,6.15
-1.0156,1.3978,6.15
-1.133,1.3266,6.15
-1.2065,1.2065,6.15
-1.3071,1.1164,6.15
-1.4147,1.0278,6.15
-1.4896,0.9128,6.15
-1.5435,0.7864,6.15
-1.582,-2.962,6.15
-1.6642,-2.9724,6.15
-1.6526,-2.9444,6.15
-1.6768,-2.9782,6.15
-1.7194,-2.974,6.15
-1.7524,-2.9935,6.15
-1.7053,-2.9805,6.15
-1.6916,-2.9691,6.15
-1.6616,-2.9971,6.15
-1.6429,-2.9612,6.15
-1.5803,-2.9523,6.15
-1.552,-0.7908,6.15
-1.4542,-0.8911,6.15
-1.4184,-1.0306,6.15
-1.3275,-1.1338,6.15
-1.2277,-1.2277,6.15
-1.1259,-1.3183,6.15
-1.0213,-1.4057,6.15
-0.8899,-1.4522,6.15
-0.7853,-1.5412,6.15
-0.6611,-1.5961,6.15
-0.5406,-1.6639,6.15
-0.3993,-1.6631,6.15
-0.2698,-1.7036,6.15
-0.1365,-1.7349,6.15
-0.0,-1.7403,6.15
0.1331,-1.6915,6.15
0.2681,-1.6927,6.15
0.3956,-1.648,6.15
0.5363,-1.6507,6.15
0.6563,-1.5844,6.15
0.7917,-1.5539,6.15
0.8959,-1.4619,6.15
1.025,-1.4108,6.15
1.125,-1.3172,6.15
1.2373,-1.2373,6.15
1.302,-1.112,6.15
1.3767,-1.0002,6.15
1.4519,-0.8897,6.15
1.5118,-0.7703,6.15
1.6163,-0.6695,6.15
1.6295,-0.5294,6.15
1.6842,-0.4044,6.15
1.7245,-0.2731,6.15
1.6903,-0.133,6.15
1.6704,0.0,6.3
1.6982,0.1337,6.3
1.6717,0.2648,6.3
1.6493,0.396,6.3
1.5997,0.5198,6.3
1.5542,0.6438,6.3
1.4918,0.7601,6.3
1.4202,0.8703,6.3
1.3832,1.0049,6.3
1.2699,1.0846,6.3
1.2112,1.2112,6.3
1.0987,1.2864,6.3
1.0072,1.3864,6.3
0.8778,1.4324,6.3
0.7777,1.5264,6.3
0.6416,1.549,6.3
0.5216,1.6053,6.3
0.3899,1.6242,6.3
0.2589,1.6348,6.3
0.1338,1.7,6.3
0.0,1.6597,6.3
-0.1317,1.6738,6.3
-0.2657,1.6777,6.3
-0.3869,1.6115,6.3
-0.5164,1.5893,6.3
-0.6399,1.5449,6.3
-0.7703,1.5118,6.3
-0.867,1.4147,6.3
-0.9984,1.3742,6.3
-1.0815,1.2662,6.3
-1.1877,1.1877,6.3
-1.2737,1.0878,6.3
-1.3566,0.9856,6.3
-1.4453,0.8857,6.3
-1.4886,0.7585,6.3
-1.5649,-2.9759,6.3
-1.6132,-2.996,6.3
-1.6347,-2.9618,6.3
-1.6559,-2.9687,6.3
-1.6539,-2.9472,6.3
-1.7032,-2.9442,6.3
-1.7004,-2.9842,6.3
-1.6488,-2.9937,6.3
-1.6127,-2.9565,6.3
-1.6141,-2.9983,6.3
-1.5377,-2.9698,6.3
-1.5002,-0.7644,6.3
-1.4445,-0.8852,6.3
-1.3505,-0.9812,6.3
-1.2985,-1.109,6.3
-1.1794,-1.1794,6.3
-1.0879,-1.2737,6.3
-1.0059,-1.3845,6.3
-0.8803,-1.4365,6.3
-0.7513,-1.4745,6.3
-0.6474,-1.5631,6.3
-0.5135,-1.5803,6.3
-0.3922,-1.6336,6.3
-0.2628,-1.659,6.3
-0.1309,-1.6638,6.3
-0.0,-1.6661,6.3
0.1313,-1.6679,6.3
0.2664,-1.6818,6.3
0.3905,-1.6266,6.3
0.5269,-1.6215,6.3
0.6357,-1.5348,6.3
0.772,-1.5152,6.3
0.8713,-1.4219,6.3
0.9773,-1.3451,6.3
1.1063,-1.2954,6.3
1.2031,-1.2031,6.3
1.2883,-1.1003,6.3
1.3517,-0.9821,6.3
1.4122,-0.8654,6.3
1.5167,-0.7728,6.3
1.5432,-0.6392,6.3
1.5905,-0.5168,6.3
1.6327,-0.392,6.3
1.6434,-0.2603,6.3
1.6704,-0.1315,6.3
1.6685,0.0,6.45
1.7143,0.1349,6.45
1.6858,0.267,6.45
1.6472,0.3955,6.45
1.6189,0.526,6.45
1.5722,0.6512,6.45
1.5187,0.7738,6.45
1.4285,0.8754,6.45
1.3516,0.982,6.45
1.3037,1.1135,6.45
1.2122,1.2122,6.45
1.1056,1.2945,6.45
0.9794,1.3481,6.45
0.8901,1.4525,6.45
0.7685,1.5082,6.45
0.6574,1.5871,6.45
0.5266,1.6206,6.45
0.3941,1.6414,6.45
0.2628,1.659,6.45
0.1318,1.6745,6.45
0.0,1.7024,6.45
-0.1314,1.6695,6.45
-0.2627,1.6585,6.45
-0.4,1.6659,6.45
-0.5228,1.6089,6.45
-0.6538,1.5784,6.45
-0.773,1.517,6.45
-0.8935,1.4581,6.45
-1.0028,1.3802,6.45
-1.0963,1.2836,6.45
-1.2082,1.2082,6.45
-1.2728,1.0871,6.45
-1.3552,0.9846,6.45
-1.4537,0.8908,6.45
-1.4927,0.7606,6.45
-1.5496,-2.984,6.45
-1.6187,-2.9876,6.45
-1.667,-2.9715,6.45
-1.6687,-2.9528,6.45
-1.7047,-2.9979,6.45
-1.7197,-2.9914,6.45
-1.7034,-2.9524,6.45
-1.6986,-2.9806,6.45
-1.6287,-2.9882,6.45
-1.6122,-2.9846,6.45
-1.5424,-2.9439,6.45
-1.5115,-0.7701,6.45
-1.465,-0.8977,6.45
-1.3586,-0.9871,6.45
-1.269,-1.0838,6.45
-1.1885,-1.1885,6.45
-1.0859,-1.2715,6.45
-1.0142,-1.3959,6.45
-0.8723,-1.4234,6.45
-0.7726,-1.5163,6.45
-0.644,-1.5547,6.45
-0.5236,-1.6114,6.45
-0.399,-1.6619,6.45
-0.2649,-1.6723,6.45
-0.1321,-1.6789,6.45
-0.0,-1.6981,6.45
0.1329,-1.6888,6.45
0.2678,-1.6908,6.45
0.3931,-1.6374,6.45
0.523,-1.6097,6.45
0.6524,-1.575,6.45
0.7644,-1.5003,6.45
0.8925,-1.4565,6.45
0.9888,-1.361,6.45
1.0862,-1.2717,6.45
1.1999,-1.1999,6.45
1.282,-1.0949,6.45
1.3791,-1.002,6.45
1.4639,-0.8971,6.45
1.5017,-0.7651,6.45
1.5408,-0.6382,6.45
1.595,-0.5183,6.45
1.6265,-0.3905,6.45
1.662,-0.2632,6.45
1.6686,-0.1313,6.45
1.6533,0.0,6.6
1.6537,0.1302,6.6
1.6051,0.2542,6.6
1.6194,0.3888,6.6
1.5584,0.5064,6.6
1.4937,0.6187,6.6
1.4915,0.7599,6.6
1.4286,0.8755,6.6
1.3254,0.963,6.6
1.2687,1.0835,6.6
1.1446,1.1446,6.6
1.0615,1.2429,6.6
0.9846,1.3552,6.6
0.8636,1.4092,6.6
0.7454,1.4629,6.6
0.6372,1.5383,6.6
0.5158,1.5873,6.6
0.3784,1.5762,6.6
0.2589,1.6349,6.6
0.1313,1.6684,6.6
0.0,1.6161,6.6
-0.1286,1.6343,6.6
-0.2555,1.6133,6.6
-0.3831,1.5955,6.6
-0.5072,1.561,6.6
-0.6293,1.5194,6.6
-0.7604,1.4923,6.6
-0.872,1.423,6.6
-0.9678,1.332,6.6
-1.0808,1.2654,6.6
-1.1826,1.1826,6.6
-1.2289,1.0496,6.6
-1.3433,0.9759,6.6
-1.3784,0.8447,6.6
-1.4679,0.7479,6.6
-1.5129,-2.9842,6.6
-1.5718,-2.9585,6.6
-1.6118,-2.9721,6.6
-1.6413,-2.9435,6.6
-1.6585,-2.9471,6.6
-1.6622,-2.9539,6.6
-1.6148,-2.9947,6.6
-1.6185,-2.9489,6.6
-1.5802,-2.957,6.6
-1.5497,-2.9604,6.6
-1.4961,-2.9777,6.6
-1.4566,-0.7422,6.6
-1.4099,-0.864,6.6
-1.3112,-0.9526,6.6
-1.2577,-1.0741,6.6
-1.1501,-1.1501,6.6
-1.0624,-1.2439,6.6
-0.9653,-1.3286,6.6
-0.8625,-1.4074,6.6
-0.7385,-1.4493,6.6
-0.6364,-1.5364,6.6
-0.5067,-1.5595,6.6
-0.3796,-1.581,6.6
-0.2613,-1.6501,6.6
-0.1289,-1.6376,6.6
-0.0,-1.6474,6.6
0.131,-1.6651,6.6
0.2575,-1.6257,6.6
0.3885,-1.6182,6.6
0.5034,-1.5492,6.6
0.6356,-1.5345,6.6
0.7579,-1.4875,6.6
0.858,-1.4001,6.6
0.9644,-1.3274,6.6
1.0697,-1.2524,6.6
1.1806,-1.1806,6.6
1.2303,-1.0507,6.6
1.3495,-0.9805,6.6
1.4113,-0.8648,6.6
1.4611,-0.7445,6.6
1.4988,-0.6208,6.6
1.5859,-0.5153,6.6
1.6111,-0.3868,6.6
1.6296,-0.2581,6.6
1.6624,-0.1308,6.6
1.6172,0.0,6.75
1.5985,0.1258,6.75
1.5482,0.2452,6.75
1.5661,0.376,6.75
1.5243,0.4953,6.75
1.4703,0.609,6.75
1.4357,0.7315,6.75
1.351,0.8279,6.75
1.273,0.9249,6.75
1.198,1.0232,6.75
1.1339,1.1339,6.75
1.0135,1.1867,6.75
0.9271,1.2761,6.75
0.8159,1.3314,6.75
0.7351,1.4428,6.75
0.6125,1.4787,6.75
0.4957,1.5257,6.75
0.3682,1.5335,6.75
0.2482,1.567,6.75
0.123,1.5627,6.75
0.0,1.5614,6.75
-0.1248,1.5863,6.75
-0.252,1.5911,6.75
-0.3657,1.5232,6.75
-0.4944,1.5217,6.75
-0.6179,1.4917,6.75
-0.7256,1.4241,6.75
-0.8335,1.3602,6.75
-0.9443,1.2997,6.75
-1.0205,1.1948,6.75
-1.138,1.138,6.75
-1.2175,1.0399,6.75
-1.2809,0.9307,6.75
-1.3696,0.8393,6.75
-1.4112,0.719,6.75
-1.4735,-2.9659,6.75
-1.5052,-2.9833,6.75
-1.5245,-2.9931,6.75
-1.5864,-2.9987,6.75
-1.5741,-2.968,6.75
-1.6007,-2.9781,6.75
-1.5837,-2.9449,6.75
-1.5939,-2.963,6.75
-1.5596,-2.9538,6.75
-1.5289,-2.9677,6.75
-1.4762,-2.9463,6.75
-1.4076,-0.7172,6.75
-1.3757,-0.8431,6.75
-1.302,-0.9459,6.75
-1.2271,-1.0481,6.75
-1.1346,-1.1346,6.75
-1.0388,-1.2163,6.75
-0.9237,-1.2713,6.75
-0.845,-1.3789,6.75
-0.7211,-1.4153,6.75
-0.6105,-1.474,6.75
-0.4825,-1.4849,6.75
-0.3651,-1.5207,6.75
-0.2519,-1.5901,6.75
-0.1238,-1.5724,6.75
-0.0,-1.6068,6.75
0.1238,-1.5726,6.75
0.2498,-1.5773,6.75
0.3773,-1.5715,6.75
0.4881,-1.5021,6.75
0.6043,-1.4589,6.75
0.7112,-1.3958,6.75
0.839,-1.3692,6.75
0.9382,-1.2913,6.75
1.0396,-1.2172,6.75
1.129,-1.129,6.75
1.2083,-1.032,6.75
1.3034,-0.947,6.75
1.3421,-0.8225,6.75
1.4356,-0.7315,6.75
1.4561,-0.6031,6.75
1.5294,-0.4969,6.75
1.5677,-0.3764,6.75
1.596,-0.2528,6.75
1.6106,-0.1268,6.75
1.6895,0.0,6.9
1.657,0.1304,6.9
1.6838,0.2667,6.9
1.6089,0.3863,6.9
1.578,0.5127,6.9
1.5364,0.6364,6.9
1.5165,0.7727,6.9
1.4551,0.8917,6.9
1.34,0.9736,6.9
1.2854,1.0978,6.9
1.2044,1.2044,6.9
1.0805,1.2651,6.9
1.0017,1.3788,6.9
0.8782,1.4332,6.9
0.7727,1.5165,6.9
0.642,1.5499,6.9
0.5161,1.5884,6.9
0.3931,1.6375,6.9
0.2622,1.6554,6.9
0.1308,1.6618,6.9
0.0,1.6797,6.9
-0.1307,1.661,6.9
-0.2617,1.6526,6.9
-0.3991,1.6623,6.9
-0.5293,1.6291,6.9
-0.6501,1.5694,6.9
-0.7529,1.4777,6.9
-0.8755,1.4288,6.9
-1.0041,1.3821,6.9
-1.0776,1.2617,6.9
-1.1851,1.1851,6.9
-1.2751,1.0891,6.9
-1.3763,1.0,6.9
-1.4444,0.8852,6.9
-1.5231,0.776,6.9
-1.5522,-2.9894,6.9
-1.5797,-2.9707,6.9
-1.6369,-2.9576,6.9
-1.6514,-2.9427,6.9
-1.6488,-2.9818,6.9
-1.6933,-2.9654,6.9
-1.6672,-2.9916,6.9
-1.6411,-2.9613,6.9
-1.6137,-2.9749,6.9
-1.6193,-2.9863,6.9
-1.5484,-2.9645,6.9
-1.49,-0.7592,6.9
-1.4227,-0.8718,6.9
-1.3517,-0.9821,6.9
-1.2741,-1.0882,6.9
-1.1846,-1.1846,6.9
-1.0833,-1.2684,6.9
-1.0032,-1.3808,6.9
-0.866,-1.4131,6.9
-0.7552,-1.4822,6.9
-0.6389,-1.5424,6.9
-0.5212,-1.6041,6.9
-0.391,-1.6285,6.9
-0.2668,-1.6847,6.9
-0.1305,-1.6579,6.9
-0.0,-1.6856,6.9
0.1316,-1.6723,6.9
0.2644,-1.6696,6.9
0.3907,-1.6273,6.9
0.5224,-1.6076,6.9
0.6498,-1.5688,6.9
0.7777,-1.5263,6.9
0.875,-1.4279,6.9
1.0023,-1.3796,6.9
1.0989,-1.2866,6.9
1.1869,-1.1869,6.9
1.2726,-1.0869,6.9
1.3556,-0.9849,6.9
1.4268,-0.8743,6.9
1.507,-0.7679,6.9
1.5662,-0.6487,6.9
1.6087,-0.5227,6.9
1.6589,-0.3983,6.9
1.6811,-0.2663,6.9
1.6724,-0.1316,6.9
1.7111,0.0,7.05
1.6691,0.1314,7.05
1.6841,0.2667,7.05
1.6152,0.3878,7.05
1.594,0.5179,7.05
1.5625,0.6472,7.05
1.509,0.7689,7.05
1.4616,0.8957,7.05
1.3833,1.005,7.05
1.2943,1.1055,7.05
1.185,1.185,7.05
1.0902,1.2764,7.05
0.9839,1.3542,7.05
0.8779,1.4326,7.05
0.757,1.4857,7.05
0.6451,1.5573,7.05
0.5156,1.587,7.05
0.399,1.6619,7.05
0.2652,1.6746,7.05
0.1348,1.7124,7.05
0.0,1.6741,7.05
-0.1342,1.7053,7.05
-0.2635,1.6637,7.05
-0.3984,1.6594,7.05
-0.5132,1.5795,7.05
-0.6577,1.5878,7.05
-0.7604,1.4924,7.05
-0.8713,1.4219,7.05
-0.989,1.3613,7.05
-1.1113,1.3011,7.05
-1.1778,1.1778,7.05
-1.2632,1.0789,7.05
-1.3863,1.0072,7.05
-1.4431,0.8843,7.05
-1.5115,0.7702,7.05
-1.5708,-2.9757,7.05
-1.5875,-2.9701,7.05
-1.6324,-2.9963,7.05
-1.6398,-2.9945,7.05
-1.7054,-2.9726,7.05
-1.6854,-2.9706,7.05
-1.6675,-2.9791,7.05
-1.6909,-2.9684,7.05
-1.653,-2.9784,7.05
-1.6048,-2.9418,7.05
-1.5411,-2.9875,7.05
-1.5284,-0.7787,7.05
-1.4156,-0.8675,7.05
-1.3902,-1.01,7.05
-1.2935,-1.1047,7.05
-1.1857,-1.1857,7.05
-1.1106,-1.3004,7.05
-0.9881,-1.36,7.05
-0.8678,-1.4161,7.05
-0.7761,-1.5232,7.05
-0.643,-1.5523,7.05
-0.5157,-1.587,7.05
-0.3877,-1.6148,7.05
-0.2611,-1.6483,7.05
-0.1341,-1.7036,7.05
-0.0,-1.6709,7.05
0.1323,-1.6804,7.05
0.2633,-1.6625,7.05
0.3912,-1.6296,7.05
0.5217,-1.6056,7.05
0.6493,-1.5675,7.05
0.7666,-1.5046,7.05
0.8813,-1.4382,7.05
0.9918,-1.365,7.05
1.0881,-1.274,7.05
1.2083,-1.2083,7.05
1.2916,-1.1031,7.05
1.3615,-0.9892,7.05
1.4488,-0.8878,7.05
1.5122,-0.7705,7.05
1.5507,-0.6423,7.05
1.5902,-0.5167,7.05
1.6531,-0.3969,7.05
1.6522,-0.2617,7.05
1.6735,-0.1317,7.05
1.652,0.0,7.2
1.6446,0.1294,7.2
1.6272,0.2577,7.2
1.6148,0.3877,7.2
1.6157,0.525,7.2
1.5476,0.641,7.2
1.497,0.7628,7.2
1.4156,0.8675,7.2
1.3348,0.9698,7.2
1.2807,1.0938,7.2
1.1948,1.1948,7.2
1.0855,1.271,7.2
0.9763,1.3437,7.2
0.8776,1.4321,7.2
0.7623,1.496,7.2
0.6517,1.5733,7.2
0.5148,1.5843,7.2
0.3941,1.6415,7.2
0.2636,1.6642,7.2
0.1327,1.6862,7.2
0.0,1.662,7.2
-0.1327,1.6862,7.2
-0.264,1.6671,7.2
-0.3939,1.6407,7.2
-0.5081,1.5638,7.2
-0.6354,1.5341,7.2
-0.7487,1.4693,7.2
-0.8671,1.415,7.2
-0.9783,1.3465,7.2
-1.0872,1.2729,7.2
-1.1867,1.1867,7.2
-1.2948,1.1059,7.2
-1.3409,0.9742,7.2
-1.4354,0.8796,7.2
-1.5052,0.767,7.2
-1.5457,-2.9535,7.2
-1.5677,-2.9838,7.2
-1.6297,-2.9544,7.2
-1.6365,-2.948,7.2
-1.6435,-2.9587,7.2
-1.6827,-2.9413,7.2
-1.6978,-2.9727,7.2
-1.6509,-2.9639,7.2
-1.6228,-2.9506,7.2
-1.5951,-2.9716,7.2
-1.5725,-2.9601,7.2
-1.4795,-0.7538,7.2
-1.4349,-0.8793,7.2
-1.3432,-0.9759,7.2
-1.2932,-1.1045,7.2
-1.1932,-1.1932,7.2
-1.0786,-1.2629,7.2
-0.9687,-1.3333,7.2
-0.8662,-1.4136,7.2
-0.7724,-1.5159,7.2
-0.6392,-1.5431,7.2
-0.5207,-1.6026,7.2
-0.3928,-1.6361,7.2
-0.2609,-1.6475,7.2
-0.1296,-1.6472,7.2
-0.0,-1.677,7.2
0.1322,-1.6792,7.2
0.2637,-1.6652,7.2
0.3859,-1.6076,7.2
0.5168,-1.5904,7.2
0.6307,-1.5226,7.2
0.7585,-1.4885,7.2
0.887,-1.4474,7.2
0.9905,-1.3634,7.2
1.0954,-1.2825,7.2
1.2021,-1.2021,7.2
1.2543,-1.0712,7.2
1.3368,-0.9713,7.2
1.4053,-0.8611,7.2
1.4798,-0.754,7.2
1.55,-0.642,7.2
1.6161,-0.5251,7.2
1.6024,-0.3847,7.2
1.658,-0.2626,7.2
1.6515,-0.13,7.2
1.601,0.0,7.35
1.5968,0.1257,7.35
1.5962,0.2528,7.35
1.5766,0.3785,7.35
1.5155,0.4924,7.35
1.4891,0.6168,7.35
1.4003,0.7135,7.35
1.3769,0.8438,7.35
1.2924,0.939,7.35
1.2143,1.0371,7.35
1.133,1.133,7.35
1.0389,1.2164,7.35
0.9547,1.3141,7.35
0.824,1.3446,7.35
0.7185,1.4102,7.35
0.6231,1.5044,7.35
0.4896,1.507,7.35
0.3758,1.5651,7.35
0.2518,1.5896,7.35
0.1243,1.5789,7.35
0.0,1.5813,7.35
-0.1265,1.6072,7.35
-0.2536,1.6014,7.35
-0.37,1.5413,7.35
-0.5004,1.54,7.35
-0.6206,1.4982,7.35
-0.7332,1.439,7.35
-0.8403,1.3712,7.35
-0.9492,1.3064,7.35
-1.0241,1.1991,7.35
-1.137,1.137,7.35
-1.2281,1.0489,7.35
-1.3019,0.9459,7.35
-1.3442,0.8237,7.35
-1.446,0.7368,7.35
-1.48,-2.9435,7.35
-1.535,-2.9933,7.35
-1.5443,-2.9883,7.35
-1.591,-2.9991,7.35
-1.5789,-2.9612,7.35
-1.6027,-2.9517,7.35
-1.6124,-2.946,7.35
-1.5606,-2.9462,7.35
-1.584,-2.9535,7.35
-1.539,-2.9686,7.35
-1.4695,-2.9478,7.35
-1.4272,-0.7272,7.35
-1.3492,-0.8268,7.35
-1.2932,-0.9396,7.35
-1.2355,-1.0552,7.35
-1.1255,-1.1255,7.35
-1.0539,-1.2339,7.35
-0.9274,-1.2765,7.35
-0.8501,-1.3872,7.35
-0.7309,-1.4345,7.35
-0.6141,-1.4825,7.35
-0.4864,-1.497,7.35
-0.3703,-1.5425,7.35
-0.2472,-1.5606,7.35
-0.1259,-1.5998,7.35
-0.0,-1.5713,7.35
0.1258,-1.5985,7.35
0.2491,-1.5725,7.35
0.3736,-1.5563,7.35
0.5036,-1.5499,7.35
0.615,-1.4847,7.35
0.7313,-1.4353,7.35
0.8469,-1.3821,7.35
0.93,-1.2801,7.35
1.0476,-1.2266,7.35
1.1414,-1.1414,7.35
1.206,-1.0301,7.35
1.3037,-0.9472,7.35
1.3872,-0.8501,7.35
1.4473,-0.7375,7.35
1.4883,-0.6165,7.35
1.5072,-0.4897,7.35
1.5398,-0.3697,7.35
1.5565,-0.2465,7.35
1.575,-0.124,7.35
1.6261,0.0,7.5
1.6276,0.1281,7.5
1.6234,0.2571,7.5
1.5806,0.3795,7.5
1.5875,0.5158,7.5
1.5283,0.6331,7.5
1.4684,0.7482,7.5
1.4082,0.8629,7.5
1.326,0.9634,7.5
1.2505,1.0681,7.5
1.1659,1.1659,7.5
1.0859,1.2714,7.5
0.9724,1.3384,7.5
0.8535,1.3928,7.5
0.744,1.4603,7.5
0.6269,1.5134,7.5
0.5096,1.5683,7.5
0.382,1.5912,7.5
0.2602,1.6429,7.5
0.1308,1.6615,7.5
0.0,1.6632,7.5
-0.1291,1.6405,7.5
-0.2562,1.6176,7.5
-0.3881,1.6165,7.5
-0.5033,1.549,7.5
-0.6295,1.5198,7.5
-0.7427,1.4576,7.5
-0.8635,1.4092,7.5
-0.9553,1.3149,7.5
-1.0698,1.2526,7.5
-1.144,1.144,7.5
-1.2262,1.0473,7.5
-1.3255,0.963,7.5
-1.4083,0.863,7.5
-1.4673,0.7476,7.5
-1.4901,-2.9917,7.5
-1.5387,-2.9933,7.5
-1.5954,-2.9703,7.5
-1.648,-2.9535,7.5
-1.6448,-2.9807,7.5
-1.6297,-2.9741,7.5
-1.6672,-2.9443,7.5
-1.6138,-2.9889,7.5
-1.5724,-2.9916,7.5
-1.5363,-2.9808,7.5
-1.5009,-2.9567,7.5
-1.4614,-0.7446,7.5
-1.4202,-0.8703,7.5
-1.3517,-0.982,7.5
-1.2294,-1.05,7.5
-1.177,-1.177,7.5
-1.0658,-1.2479,7.5
-0.961,-1.3227,7.5
-0.8548,-1.395,7.5
-0.7373,-1.447,7.5
-0.6392,-1.5433,7.5
-0.516,-1.5881,7.5
-0.377,-1.5705,7.5
-0.2588,-1.6339,7.5
-0.1291,-1.641,7.5
-0.0,-1.66,7.5
0.1269,-1.6124,7.5
0.2602,-1.6425,7.5
0.3838,-1.5986,7.5
0.5106,-1.5713,7.5
0.6286,-1.5176,7.5
0.734,-1.4406,7.5
0.8478,-1.3835,7.5
0.9625,-1.3248,7.5
1.0479,-1.2269,7.5
1.1561,-1.1561,7.5
1.2308,-1.0512,7.5
1.3161,-0.9562,7.5
1.4121,-0.8653,7.5
1.4694,-0.7487,7.5
1.5072,-0.6243,7.5
1.5372,-0.4995,7.5
1.607,-0.3858,7.5
1.6486,-0.2611,7.5
1.6415,-0.1292,7.5
1.6012,0.0,7.65
1.6042,0.1263,7.65
1.6146,0.2557,7.65
1.5794,0.3792,7.65
1.5319,0.4977,7.65
1.5031,0.6226,7.65
1.4379,0.7326,7.65
1.366,0.8371,7.65
1.2783,0.9287,7.65
1.2337,1.0537,7.65
1.1336,1.1336,7.65
1.0301,1.2061,7.65
0.9305,1.2808,7.65
0.8522,1.3906,7.65
0.7407,1.4537,7.65
0.6173,1.4903,7.65
0.5027,1.5472,7.65
0.3763,1.5673,7.65
0.2508,1.5837,7.65
0.1258,1.5983,7.65
0.0,1.5946,7.65
-0.1273,1.6172,7.65
-0.2496,1.5757,7.65
-0.3697,1.5399,7.65
-0.4962,1.5271,7.65
-0.6129,1.4796,7.65
-0.7426,1.4575,7.65
-0.8286,1.3521,7.65
-0.951,1.3089,7.65
-1.0515,1.2312,7.65
-1.1513,1.1513,7.65
-1.2162,1.0387,7.65
-1.2917,0.9384,7.65
-1.3618,0.8345,7.65
-1.421,0.724,7.65
-1.4598,-2.981,7.65
-1.5178,-2.9434,7.65
-1.558,-2.9801,7.65
-1.5982,-2.9851,7.65
-1.6147,-2.9756,7.65
-1.5842,-2.9723,7.65
-1.5916,-2.9951,7.65
-1.5977,-2.9991,7.65
-1.5431,-2.9853,7.65
-1.501,-2.9577,7.65
-1.4878,-2.9753,7.65
-1.419,-0.723,7.65
-1.3612,-0.8341,7.65
-1.3059,-0.9488,7.65
-1.211,-1.0343,7.65
-1.1342,-1.1342,7.65
-1.0306,-1.2066,7.65
-0.9536,-1.3125,7.65
-0.8403,-1.3713,7.65
-0.73,-1.4327,7.65
-0.6139,-1.4822,7.65
-0.4906,-1.51,7.65
-0.3705,-1.5432,7.65
-0.2529,-1.597,7.65
-0.1272,-1.616,7.65
-0.0,-1.6004,7.65
0.1276,-1.6218,7.65
0.2548,-1.6086,7.65
0.3714,-1.5471,7.65
0.5026,-1.5468,7.65
0.6157,-1.4864,7.65
0.7315,-1.4356,7.65
0.8513,-1.3893,7.65
0.9307,-1.2811,7.65
1.0454,-1.224,7.65
1.1313,-1.1313,7.65
1.2051,-1.0293,7.65
1.313,-0.9539,7.65
1.3878,-0.8504,7.65
1.4294,-0.7283,7.65
1.4646,-0.6067,7.65
1.5566,-0.5058,7.65
1.5877,-0.3812,7.65
1.6106,-0.2551,7.65
1.6034,-0.1262,7.65
1.6265,0.0,7.8
1.6636,0.1309,7.8
1.5967,0.2529,7.8
1.6171,0.3882,7.8
1.5757,0.512,7.8
1.5227,0.6307,7.8
1.4841,0.7562,7.8
1.4088,0.8633,7.8
1.3417,0.9748,7.8
1.2525,1.0698,7.8
1.1527,1.1527,7.8
1.0672,1.2495,7.8
0.9571,1.3173,7.8
0.8492,1.3858,7.8
0.7315,1.4357,7.8
0.6213,1.4999,7.8
0.5,1.5388,7.8
0.3801,1.5834,7.8
0.2588,1.634,7.8
0.1288,1.6369,7.8
0.0,1.6599,7.8
-0.1292,1.6413,7.8
-0.261,1.6477,7.8
-0.377,1.5705,7.8
-0.5046,1.553,7.8
-0.6345,1.5317,7.8
-0.7444,1.4611,7.8
-0.8523,1.3908,7.8
-0.9536,1.3125,7.8
-1.0654,1.2474,7.8
-1.1641,1.1641,7.8
-1.2456,1.0639,7.8
-1.3041,0.9475,7.8
-1.4002,0.858,7.8
-1.4393,0.7334,7.8
-1.5362,-2.9959,7.8
-1.5497,-2.9907,7.8
-1.5847,-2.9681,7.8
-1.6355,-2.9706,7.8
-1.6182,-2.9671,7.8
-1.6406,-2.9453,7.8
-1.6081,-2.9835,7.8
-1.6112,-2.9477,7.8
-1.615,-2.9956,7.8
-1.5577,-2.9601,7.8
-1.5088,-2.9796,7.8
-1.453,-0.7403,7.8
-1.3842,-0.8482,7.8
-1.3254,-0.9629,7.8
-1.2567,-1.0733,7.8
-1.1559,-1.1559,7.8
-1.0787,-1.263,7.8
-0.9715,-1.3371,7.8
-0.861,-1.405,7.8
-0.7471,-1.4662,7.8
-0.6299,-1.5207,7.8
-0.5146,-1.5838,7.8
-0.3857,-1.6067,7.8
-0.2611,-1.6485,7.8
-0.1278,-1.6243,7.8
-0.0,-1.6704,7.8
0.1299,-1.65,7.8
0.256,-1.6162,7.8
0.3839,-1.5992,7.8
0.4995,-1.5373,7.8
0.6315,-1.5246,7.8
0.7576,-1.4869,7.8
0.8704,-1.4203,7.8
0.9806,-1.3496,7.8
1.0489,-1.2281,7.8
1.1778,-1.1778,7.8
1.226,-1.0471,7.8
1.3456,-0.9776,7.8
1.3779,-0.8444,7.8
1.4673,-0.7476,7.8
1.5262,-0.6322,7.8
1.5462,-0.5024,7.8
1.6244,-0.39,7.8
1.6432,-0.2603,7.8
1.6402,-0.1291,7.8
1.7112,0.0,7.95
1.6774,0.132,7.95
1.6654,0.2638,7.95
1.6319,0.3918,7.95
1.6129,0.5241,7.95
1.5891,0.6582,7.95
1.4981,0.7633,7.95
1.4476,0.8871,7.95
1.3782,1.0013,7.95
1.3144,1.1226,7.95
1.2009,1.2009,7.95
1.1088,1.2983,7.95
1.0131,1.3945,7.95
0.8883,1.4496,7.95
0.7681,1.5075,7.95
0.6405,1.5463,7.95
0.5339,1.6432,7.95
0.4038,1.6821,7.95
0.2683,1.6939,7.95
0.1317,1.6729,7.95
0.0,1.6877,7.95
-0.1323,1.6816,7.95
-0.2645,1.67,7.95
-0.4036,1.681,7.95
-0.5288,1.6274,7.95
-0.6602,1.5939,7.95
-0.7824,1.5355,7.95
-0.8794,1.435,7.95
-0.9843,1.3548,7.95
-1.1198,1.3111,7.95
-1.2093,1.2093,7.95
-1.3028,1.1127,7.95
-1.3856,1.0067,7.95
-1.4597,0.8945,7.95
-1.4882,0.7583,7.95
-1.5771,-2.9647,7.95
-1.6051,-2.9705,7.95
-1.6656,-2.9855,7.95
-1.7064,-2.9777,7.95
-1.713,-2.9556,7.95
-1.696,-2.9788,7.95
-1.6691,-2.9962,7.95
-1.6967,-2.9497,7.95
-1.6486,-2.9619,7.95
-1.6311,-2.9873,7.95
-1.5692,-2.9607,7.95
-1.5398,-0.7846,7.95
-1.4724,-0.9023,7.95
-1.3542,-0.9839,7.95
-1.3006,-1.1108,7.95
-1.198,-1.198,7.95
-1.1199,-1.3113,7.95
-0.9955,-1.3701,7.95
-0.8865,-1.4467,7.95
-0.7745,-1.52,7.95
-0.6465,-1.5609,7.95
-0.517,-1.5912,7.95
-0.3963,-1.6507,7.95
-0.2704,-1.7072,7.95
-0.1353,-1.7195,7.95
-0.0,-1.6735,7.95
0.1342,-1.705,7.95
0.2673,-1.6877,7.95
0.391,-1.6285,7.95
0.5267,-1.621,7.95
0.6414,-1.5485,7.95
0.7708,-1.5127,7.95
0.8886,-1.4501,7.95
0.9924,-1.366,7.95
1.099,-1.2867,7.95
1.2166,-1.2166,7.95
1.3005,-1.1107,7.95
1.3806,-1.0031,7.95
1.4405,-0.8827,7.95
1.4975,-0.763,7.95
1.5871,-0.6574,7.95
1.6331,-0.5306,7.95
1.6458,-0.3951,7.95
1.6786,-0.2659,7.95
1.7158,-0.135,7.95
1.6249,0.0,8.1
1.6156,0.1272,8.1
1.6337,0.2588,8.1
1.6099,0.3865,8.1
1.5626,0.5077,8.1
1.4992,0.621,8.1
1.4496,0.7386,8.1
1.3739,0.842,8.1
1.3362,0.9708,8.1
1.2567,1.0734,8.1
1.145,1.145,8.1
1.0633,1.245,8.1
0.9635,1.3261,8.1
0.8403,1.3713,8.1
0.7539,1.4797,8.1
0.6304,1.522,8.1
0.4999,1.5385,8.1
0.3791,1.5789,8.1
0.2511,1.5854,8.1
0.1268,1.6112,8.1
0.0,1.634,8.1
-0.1286,1.6337,8.1
-0.2597,1.6399,8.1
-0.3815,1.5892,8.1
-0.4975,1.531,8.1
-0.6344,1.5315,8.1
-0.7393,1.4509,8.1
-0.8415,1.3731,8.1
-0.9703,1.3355,8.1
-1.0641,1.2459,8.1
-1.1393,1.1393,8.1
-1.2564,1.0731,8.1
-1.3218,0.9603,8.1
-1.3973,0.8562,8.1
-1.4398,0.7336,8.1
-1.4936,-2.9992,8.1
-1.5729,-2.9476,8.1
-1.5614,-2.9897,8.1
-1.6041,-2.9899,8.1
-1.6369,-2.9669,8.1
-1.6603,-2.9444,8.1
-1.6411,-2.9498,8.1
-1.6092,-2.9537,8.1
-1.5734,-2.9768,8.1
-1.5684,-2.976,8.1
-1.5263,-2.9422,8.1
-1.4487,-0.7382,8.1
-1.3934,-0.8539,8.1
-1.3058,-0.9487,8.1
-1.2372,-1.0566,8.1
-1.1525,-1.1525,8.1
-1.0577,-1.2384,8.1
-0.9469,-1.3033,8.1
-0.8523,-1.3908,8.1
-0.755,-1.4818,8.1
-0.6222,-1.5022,8.1
-0.5069,-1.5599,8.1
-0.3749,-1.5614,8.1
-0.2551,-1.6105,8.1
-0.1287,-1.6347,8.1
-0.0,-1.6368,8.1
0.1286,-1.6336,8.1
0.2592,-1.6364,8.1
0.3827,-1.5941,8.1
0.504,-1.5512,8.1
0.6359,-1.5352,8.1
0.7397,-1.4517,8.1
0.8622,-1.407,8.1
0.9557,-1.3154,8.1
1.0759,-1.2597,8.1
1.1392,-1.1392,8.1
1.2543,-1.0712,8.1
1.3382,-0.9723,8.1
1.4081,-0.8629,8.1
1.4448,-0.7362,8.1
1.5158,-0.6279,8.1
1.5512,-0.504,8.1
1.5778,-0.3788,8.1
1.5894,-0.2517,8.1
1.6274,-0.1281,8.1
1.7379,0.0,8.25
1.6996,0.1338,8.25
1.7196,0.2724,8.25
1.6885,0.4054,8.25
1.651,0.5364,8.25
1.5721,0.6512,8.25
1.5382,0.7838,8.25
1.4596,0.8945,8.25
1.4049,1.0207,8.25
1.2906,1.1023,8.25
1.2299,1.2299,8.25
1.1109,1.3006,8.25
1.0195,1.4033,8.25
0.9026,1.4729,8.25
0.7788,1.5284,8.25
0.6612,1.5963,8.25
0.5311,1.6344,8.25
0.4074,1.697,8.25
0.2725,1.7206,8.25
0.1348,1.7122,8.25
0.0,1.7227,8.25
-0.1365,1.7347,8.25
-0.2707,1.7091,8.25
-0.3963,1.6507,8.25
-0.5263,1.6199,8.25
-0.6536,1.578,8.25
-0.7971,1.5644,8.25
-0.8893,1.4511,8.25
-1.0141,1.3958,8.25
-1.1149,1.3054,8.25
-1.2216,1.2216,8.25
-1.3012,1.1113,8.25
-1.376,0.9997,8.25
-1.4731,0.9027,8.25
-1.5339,0.7816,8.25
-1.619,-2.9756,8.25
-1.6447,-2.9426,8.25
-1.6961,-2.9926,8.25
-1.6832,-2.9501,8.25
-1.6936,-2.9922,8.25
-1.7024,-2.9803,8.25
-1.6986,-2.9818,8.25
-1.7344,-2.9862,8.25
-1.6984,-2.9561,8.25
-1.623,-2.9856,8.25
-1.6135,-2.9586,8.25
-1.5375,-0.7834,8.25
-1.4587,-0.8939,8.25
-1.3965,-1.0146,8.25
-1.3307,-1.1365,8.25
-1.2361,-1.2361,8.25
-1.1215,-1.3132,8.25
-1.0037,-1.3814,8.25
-0.8959,-1.462,8.25
-0.7899,-1.5502,8.25
-0.663,-1.6006,8.25
-0.5374,-1.654,8.25
-0.3989,-1.6617,8.25
-0.266,-1.6794,8.25
-0.1348,-1.7128,8.25
-0.0,-1.7345,8.25
0.1378,-1.7506,8.25
0.2739,-1.7295,8.25
0.3994,-1.6638,8.25
0.533,-1.6403,8.25
0.6573,-1.5869,8.25
0.7779,-1.5267,8.25
0.9102,-1.4853,8.25
0.9976,-1.3731,8.25
1.1365,-1.3307,8.25
1.2033,-1.2033,8.25
1.2912,-1.1028,8.25
1.4088,-1.0236,8.25
1.4639,-0.8971,8.25
1.515,-0.7719,8.25
1.5779,-0.6536,8.25
1.6601,-0.5394,8.25
1.68,-0.4033,8.25
1.6877,-0.2673,8.25
1.7242,-0.1357,8.25
1.7059,0.0,8.4
1.6934,0.1333,8.4
1.6888,0.2675,8.4
1.6108,0.3867,8.4
1.579,0.513,8.4
1.5317,0.6345,8.4
1.4914,0.7599,8.4
1.4499,0.8885,8.4
1.352,0.9823,8.4
1.3022,1.1122,8.4
1.1712,1.1712,8.4
1.0876,1.2734,8.4
1.0036,1.3813,8.4
0.8661,1.4133,8.4
0.7739,1.5188,8.4
0.6379,1.54,8.4
0.5109,1.5725,8.4
0.3936,1.6395,8.4
0.26,1.6414,8.4
0.13,1.6515,8.4
0.0,1.6975,8.4
-0.1313,1.6684,8.4
-0.2648,1.6722,8.4
-0.3976,1.656,8.4
-0.5154,1.5861,8.4
-0.6466,1.5611,8.4
-0.7564,1.4845,8.4
-0.8863,1.4463,8.4
-0.9816,1.351,8.4
-1.0937,1.2806,8.4
-1.1785,1.1785,8.4
-1.2703,1.0849,8.4
-1.3663,0.9927,8.4
-1.4558,0.8921,8.4
-1.5043,0.7665,8.4
-1.5348,-2.9999,8.4
-1.605,-2.9669,8.4
-1.6267,-2.9564,8.4
-1.637,-2.941,8.4
-1.6625,-2.9809,8.4
-1.6939,-2.9515,8.4
-1.7038,-2.9797,8.4
-1.6415,-2.9909,8.4
-1.6181,-2.9762,8.4
-1.6079,-2.9576,8.4
-1.5369,-2.9999,8.4
-1.4813,-0.7547,8.4
-1.4513,-0.8894,8.4
-1.3502,-0.981,8.4
-1.2945,-1.1056,8.4
-1.1942,-1.1942,8.4
-1.1114,-1.3012,8.4
-1.002,-1.3791,8.4
-0.8653,-1.412,8.4
-0.7757,-1.5224,8.4
-0.6392,-1.5431,8.4
-0.5238,-1.612,8.4
-0.391,-1.6285,8.4
-0.2588,-1.634,8.4
-0.1324,-1.6822,8.4
-0.0,-1.6831,8.4
0.1331,-1.6918,8.4
0.2608,-1.6469,8.4
0.3998,-1.6655,8.4
0.5168,-1.5906,8.4
0.6472,-1.5625,8.4
0.7746,-1.5202,8.4
0.8669,-1.4147,8.4
1.0013,-1.3781,8.4
1.1055,-1.2943,8.4
1.194,-1.194,8.4
1.2932,-1.1045,8.4
1.383,-1.0048,8.4
1.4522,-0.8899,8.4
1.4788,-0.7535,8.4
1.559,-0.6457,8.4
1.5793,-0.5131,8.4
1.6428,-0.3944,8.4
1.6575,-0.2625,8.4
1.6873,-0.1328,8.4
1.6935,0.0,8.55
1.6619,0.1308,8.55
1.6445,0.2605,8.55
1.6273,0.3907,8.55
1.5983,0.5193,8.55
1.5617,0.6469,8.55
1.5168,0.7729,8.55
1.4318,0.8774,8.55
1.3561,0.9853,8.55
1.2697,1.0844,8.55
1.187,1.187,8.55
1.0806,1.2652,8.55
0.9779,1.346,8.55
0.8862,1.4462,8.55
0.769,1.5092,8.55
0.6429,1.5521,8.55
0.5313,1.6351,8.55
0.3889,1.6201,8.55
0.2661,1.6799,8.55
0.1322,1.6796,8.55
0.0,1.7212,8.55
-0.1317,1.6734,8.55
-0.2635,1.6634,8.55
-0.3994,1.6637,8.55
-0.5139,1.5815,8.55
-0.654,1.5789,8.55
-0.7706,1.5123,8.55
-0.8888,1.4503,8.55
-1.0098,1.3898,8.55
-1.1165,1.3073,8.55
-1.1789,1.1789,8.55
-1.2888,1.1007,8.55
-1.3536,0.9835,8.55
-1.4412,0.8832,8.55
-1.5264,0.7778,8.55
-1.5871,-2.9811,8.55
-1.5943,-2.9975,8.55
-1.6708,-2.955,8.55
-1.6494,-2.9842,8.55
-1.6981,-2.9591,8.55
-1.697,-2.9749,8.55
-1.6686,-2.9729,8.55
-1.6492,-2.9707,8.55
-1.6727,-2.9853,8.55
-1.6273,-2.9458,8.55
-1.5603,-2.9888,8.55
-1.5224,-0.7757,8.55
-1.4337,-0.8786,8.55
-1.3601,-0.9882,8.55
-1.3046,-1.1142,8.55
-1.2067,-1.2067,8.55
-1.0841,-1.2693,8.55
-0.9973,-1.3727,8.55
-0.8887,-1.4503,8.55
-0.7644,-1.5003,8.55
-0.6405,-1.5462,8.55
-0.5295,-1.6297,8.55
-0.3954,-1.6471,8.55
-0.2611,-1.6484,8.55
-0.1342,-1.7052,8.55
-0.0,-1.7161,8.55
0.1337,-1.6989,8.55
0.2606,-1.6451,8.55
0.3921,-1.6334,8.55
0.5237,-1.6117,8.55
0.641,-1.5475,8.55
0.7622,-1.4958,8.55
0.8794,-1.4351,8.55
0.9827,-1.3525,8.55
1.1083,-1.2977,8.55
1.1775,-1.1775,8.55
1.282,-1.0949,8.55
1.3608,-0.9887,8.55
1.4329,-0.8781,8.55
1.5242,-0.7766,8.55
1.5888,-0.6581,8.55
1.6022,-0.5206,8.55
1.6269,-0.3906,8.55
1.6717,-0.2648,8.55
1.6982,-0.1337,8.55
1.6274,0.0,8.7
1.6393,0.129,8.7
1.6468,0.2608,8.7
1.5928,0.3824,8.7
1.5403,0.5005,8.7
1.5315,0.6344,8.7
1.4632,0.7456,8.7
1.3865,0.8497,8.7
1.3162,0.9563,8.7
1.2624,1.0782,8.7
1.1607,1.1607,8.7
1.0481,1.2272,8.7
0.9804,1.3494,8.7
0.8618,1.4063,8.7
0.7355,1.4436,8.7
0.636,1.5354,8.7
0.5005,1.5403,8.7
0.379,1.5788,8.7
0.2558,1.6153,8.7
0.1277,1.623,8.7
0.0,1.6235,8.7
-0.1302,1.6541,8.7
-0.255,1.6098,8.7
-0.3849,1.603,8.7
-0.5072,1.561,8.7
-0.6175,1.4908,8.7
-0.7569,1.4855,8.7
-0.8469,1.382,8.7
-0.9503,1.308,8.7
-1.0501,1.2295,8.7
-1.1453,1.1453,8.7
-1.232,1.0522,8.7
-1.3255,0.9631,8.7
-1.3931,0.8537,8.7
-1.4458,0.7367,8.7
-1.4969,-2.98,8.7
-1.5398,-2.9592,8.7
-1.6064,-2.9804,8.7
-1.6015,-2.9898,8.7
-1.6485,-2.9777,8.7
-1.6405,-2.9911,8.7
-1.6598,-2.9858,8.7
-1.6066,-2.9683,8.7
-1.5989,-2.9764,8.7
-1.5777,-2.9686,8.7
-1.5116,-2.9943,8.7
-1.472,-0.75,8.7
-1.3806,-0.8461,8.7
-1.3194,-0.9586,8.7
-1.2278,-1.0486,8.7
-1.1644,-1.1644,8.7
-1.0705,-1.2534,8.7
-0.977,-1.3447,8.7
-0.8682,-1.4168,8.7
-0.7377,-1.4479,8.7
-0.6401,-1.5453,8.7
-0.5149,-1.5848,8.7
-0.3899,-1.6239,8.7
-0.2553,-1.6119,8.7
-0.1294,-1.6436,8.7
-0.0,-1.6209,8.7
0.1277,-1.623,8.7
0.2585,-1.6321,8.7
0.3835,-1.5973,8.7
0.4988,-1.5352,8.7
0.6221,-1.5019,8.7
0.7392,-1.4508,8.7
0.8482,-1.3842,8.7
0.9675,-1.3316,8.7
1.0528,-1.2327,8.7
1.1605,-1.1605,8.7
1.2539,-1.0709,8.7
1.3469,-0.9786,8.7
1.4226,-0.8718,8.7
1.4619,-0.7449,8.7
1.4941,-0.6189,8.7
1.5398,-0.5003,8.7
1.6099,-0.3865,8.7
1.6287,-0.258,8.7
1.65,-0.1299,8.7
1.5651,0.0,8.85
1.5424,0.1214,8.85
1.5339,0.2429,8.85
1.5353,0.3686,8.85
1.4633,0.4754,8.85
1.4682,0.6081,8.85
1.4008,0.7137,8.85
1.309,0.8021,8.85
1.2613,0.9164,8.85
1.2065,1.0304,8.85
1.0875,1.0875,8.85
1.0066,1.1786,8.85
0.9189,1.2648,8.85
0.8209,1.3396,8.85
0.7036,1.3809,8.85
0.5967,1.4406,8.85
0.474,1.459,8.85
0.3588,1.4946,8.85
0.2457,1.5516,8.85
0.1227,1.5586,8.85
0.0,1.5873,8.85
-0.1222,1.5531,8.85
-0.2482,1.567,8.85
-0.3708,1.5444,8.85
-0.4893,1.5058,8.85
-0.5922,1.4297,8.85
-0.7141,1.4015,8.85
-0.8314,1.3567,8.85
-0.9166,1.2616,8.85
-1.0256,1.2009,8.85
-1.0993,1.0993,8.85
-1.1792,1.0071,8.85
-1.2437,0.9036,8.85
-1.3329,0.8168,8.85
-1.3878,0.7071,8.85
-1.4478,-2.9791,8.85
-1.4774,-2.9609,8.85
-1.5282,-2.9922,8.85
-1.5299,-2.9563,8.85
-1.5473,-2.9546,8.85
-1.5378,-2.9509,8.85
-1.5373,-2.9716,8.85
-1.5191,-2.9579,8.85
-1.4932,-2.9955,8.85
-1.5098,-2.9831,8.85
-1.4681,-2.976,8.85
-1.4157,-0.7213,8.85
-1.3488,-0.8266,8.85
-1.2466,-0.9057,8.85
-1.1957,-1.0212,8.85
-1.1249,-1.1249,8.85
-1.0225,-1.1972,8.85
-0.9021,-1.2416,8.85
-0.8187,-1.336,8.85
-0.7025,-1.3787,8.85
-0.6085,-1.469,8.85
-0.4868,-1.4982,8.85
-0.3685,-1.535,8.85
-0.2474,-1.5619,8.85
-0.1211,-1.5393,8.85
-0.0,-1.5861,8.85
0.1213,-1.5419,8.85
0.2431,-1.5347,8.85
0.3672,-1.5293,8.85
0.484,-1.4897,8.85
0.6035,-1.457,8.85
0.7159,-1.4051,8.85
0.8037,-1.3115,8.85
0.9064,-1.2475,8.85
1.0226,-1.1973,8.85
1.117,-1.117,8.85
1.1763,-1.0047,8.85
1.246,-0.9053,8.85
1.3353,-0.8183,8.85
1.3947,-0.7107,8.85
1.4613,-0.6053,8.85
1.5068,-0.4896,8.85
1.5329,-0.368,8.85
1.5447,-0.2447,8.85
1.5431,-0.1214,8.85
2.9962,0.0,9.0
2.9519,0.2323,9.0
2.9233,0.463,9.0
2.9014,0.6966,9.0
2.8298,0.9194,9.0
2.7256,1.129,9.0
2.6268,1.3384,9.0
2.5164,1.5421,9.0
2.3991,1.743,9.0
2.2713,1.9398,9.0
2.1237,2.1237,9.0
1.9245,2.2533,9.0
1.7392,2.3938,9.0
1.5405,2.5139,9.0
1.3425,2.6347,9.0
1.148,2.7716,9.0
0.9213,2.8356,9.0
0.7008,2.9191,9.0
0.4698,2.9661,9.0
0.231,2.9357,9.0
0.0,2.9912,9.0
-0.2356,2.9933,9.0
-0.4677,2.9531,9.0
-0.6947,2.8937,9.0
-0.9228,2.8401,9.0
-1.1272,2.7212,9.0
-1.3471,2.6439,9.0
-1.5521,2.5328,9.0
-1.7436,2.3999,9.0
-1.9267,2.2559,9.0
-2.0884,2.0884,9.0
-2.2812,1.9483,9.0
-2.4085,1.7499,9.0
-2.5354,1.5537,9.0
-2.6689,1.3599,9.0
-2.7422,-2.95,9.0
-2.816,-2.9513,9.0
-2.9126,-2.9789,9.0
-2.9656,-2.9508,9.0
-2.9821,-2.9737,9.0
-2.9862,-2.9441,9.0
-2.9357,-2.944,9.0
-2.9156,-2.9927,9.0
-2.9158,-2.9834,9.0
-2.8338,-2.9837,9.0
-2.747,-2.9621,9.0
-2.6661,-1.3584,9.0
-2.5173,-1.5426,9.0
-2.4067,-1.7485,9.0
-2.2811,-1.9482,9.0
-2.0951,-2.0951,9.0
-1.9174,-2.245,9.0
-1.7534,-2.4134,9.0
-1.5499,-2.5292,9.0
-1.348,-2.6456,9.0
-1.145,-2.7643,9.0
-0.9112,-2.8044,9.0
-0.6969,-2.9029,9.0
-0.4685,-2.9582,9.0
-0.2321,-2.9489,9.0
-0.0,-3.0022,9.0
0.231,-2.9352,9.0
0.4656,-2.94,9.0
0.6959,-2.8988,9.0
0.9211,-2.835,9.0
1.1326,-2.7344,9.0
1.3385,-2.627,9.0
1.568,-2.5587,9.0
1.7495,-2.408,9.0
1.9126,-2.2394,9.0
2.1241,-2.1241,9.0
2.2545,-1.9255,9.0
2.3982,-1.7424,9.0
2.5502,-1.5627,9.0
2.6608,-1.3557,9.0
2.7229,-1.1279,9.0
2.8381,-0.9221,9.0
2.8903,-0.6939,9.0
2.941,-0.4658,9.0
2.9863,-0.235,9.0
3.0155,0.0,9.15
3.0022,0.2363,9.15
2.9724,0.4708,9.15
2.94,0.7058,9.15
2.9016,0.9428,9.15
2.8257,1.1704,9.15
2.6994,1.3754,9.15
2.5747,1.5778,9.15
2.4573,1.7853,9.15
2.3065,1.9699,9.15
2.1418,2.1418,9.15
1.9616,2.2968,9.15
1.786,2.4583,9.15
1.5724,2.5659,9.15
1.3662,2.6814,9.15
1.1661,2.8153,9.15
0.9418,2.8986,9.15
0.7055,2.9387,9.15
0.473,2.9864,9.15
0.2383,3.0279,9.15
0.0,3.0143,9.15
-0.2395,3.0431,9.15
-0.4736,2.9899,9.15
-0.7112,2.9624,9.15
-0.9299,2.8619,9.15
-1.1514,2.7798,9.15
-1.3806,2.7095,9.15
-1.5751,2.5703,9.15
-1.7905,2.4644,9.15
-1.9593,2.294,9.15
-2.1617,2.1617,9.15
-2.2903,1.9561,9.15
-2.4562,1.7845,9.15
-2.5795,1.5807,9.15
-2.7115,1.3816,9.15
-2.8071,-2.9478,9.15
-2.9053,-2.9491,9.15
-2.9705,-2.9704,9.15
-2.9987,-2.9738,9.15
-3.0082,-2.9861,9.15
-3.0091,-2.9777,9.15
-3.0369,-2.9486,9.15
-3.0097,-2.9796,9.15
-2.9601,-2.9731,9.15
-2.8794,-2.9544,9.15
-2.7845,-2.9467,9.15
-2.7242,-1.388,9.15
-2.594,-1.5896,9.15
-2.4343,-1.7686,9.15
-2.3031,-1.967,9.15
-2.1397,-2.1397,9.15
-1.9769,-2.3147,9.15
-1.7948,-2.4703,9.15
-1.5946,-2.6021,9.15
-1.3721,-2.6929,9.15
-1.1587,-2.7974,9.15
-0.9275,-2.8547,9.15
-0.7077,-2.9478,9.15
-0.4759,-3.0048,9.15
-0.2359,-2.9973,9.15
-0.0,-3.0208,9.15
0.2366,-3.0067,9.15
0.4786,-3.0216,9.15
0.7024,-2.9256,9.15
0.9328,-2.8709,9.15
1.1505,-2.7775,9.15
1.3803,-2.7089,9.15
1.5692,-2.5606,9.15
1.7948,-2.4703,9.15
1.9653,-2.3011,9.15
2.1286,-2.1286,9.15
2.3018,-1.9659,9.15
2.4548,-1.7835,9.15
2.6063,-1.5971,9.15
2.7068,-1.3792,9.15
2.7954,-1.1579,9.15
2.8875,-0.9382,9.15
2.942,-0.7063,9.15
2.9965,-0.4746,9.15
3.0044,-0.2365,9.15
2.9251,0.0,9.3
2.9717,0.2339,9.3
2.9387,0.4654,9.3
2.8771,0.6907,9.3
2.8179,0.9156,9.3
2.7057,1.1207,9.3
2.6369,1.3436,9.3
2.5202,1.5444,9.3
2.3823,1.7308,9.3
2.2457,1.918,9.3
2.1074,2.1074,9.3
1.9216,2.2499,9.3
1.7198,2.3671,9.3
1.5473,2.525,9.3
1.327,2.6043,9.3
1.1382,2.7478,9.3
0.9151,2.8164,9.3
0.694,2.8907,9.3
0.4638,2.9284,9.3
0.2327,2.9567,9.3
0.0,2.9599,9.3
-0.232,2.9475,9.3
-0.46,2.9042,9.3
-0.6832,2.8456,9.3
-0.9103,2.8015,9.3
-1.1256,2.7173,9.3
-1.3415,2.6327,9.3
-1.55,2.5294,9.3
-1.7516,2.4109,9.3
-1.9112,2.2377,9.3
-2.1036,2.1036,9.3
-2.247,1.9191,9.3
-2.4068,1.7486,9.3
-2.5062,1.5358,9.3
-2.6452,1.3478,9.3
-2.7272,-2.9539,9.3
-2.7957,-2.9905,9.3
-2.8795,-2.9534,9.3
-2.8967,-2.9943,9.3
-2.9367,-2.9805,9.3
-2.9624,-2.9867,9.3
-2.9154,-2.9554,9.3
-2.9175,-2.9438,9.3
-2.8743,-2.969,9.3
-2.7935,-2.9477,9.3
-2.7234,-2.9415,9.3
-2.6478,-1.3491,9.3
-2.5033,-1.534,9.3
-2.3944,-1.7396,9.3
-2.232,-1.9063,9.3
-2.0699,-2.0699,9.3
-1.9061,-2.2317,9.3
-1.7405,-2.3955,9.3
-1.5333,-2.5021,9.3
-1.3449,-2.6394,9.3
-1.1243,-2.7143,9.3
-0.9211,-2.835,9.3
-0.6887,-2.8688,9.3
-0.4616,-2.9143,9.3
-0.233,-2.9608,9.3
-0.0,-2.9579,9.3
0.2322,-2.9509,9.3
0.4639,-2.9289,9.3
0.6891,-2.8702,9.3
0.9123,-2.8079,9.3
1.1241,-2.7138,9.3
1.3504,-2.6503,9.3
1.5406,-2.5141,9.3
1.7503,-2.4091,9.3
1.9192,-2.2471,9.3
2.102,-2.102,9.3
2.2291,-1.9038,9.3
2.4103,-1.7512,9.3
2.5056,-1.5354,9.3
2.6548,-1.3527,9.3
2.7375,-1.1339,9.3
2.8249,-0.9178,9.3
2.8676,-0.6885,9.3
2.9408,-0.4658,9.3
2.9262,-0.2303,9.3
3.0437,0.0,9.45
3.0068,0.2366,9.45
2.9512,0.4674,9.45
2.9145,0.6997,9.45
2.8829,0.9367,9.45
2.8059,1.1622,9.45
2.6827,1.3669,9.45
2.5526,1.5642,9.45
2.4449,1.7763,9.45
2.2904,1.9562,9.45
2.148,2.148,9.45
1.9681,2.3043,9.45
1.7669,2.4319,9.45
1.5891,2.5931,9.45
1.3771,2.7027,9.45
1.1592,2.7986,9.45
0.9252,2.8476,9.45
0.7067,2.9435,9.45
0.4744,2.9951,9.45
0.237,3.0109,9.45
0.0,3.0265,9.45
-0.2381,3.0252,9.45
-0.4691,2.9617,9.45
-0.7109,2.9612,9.45
-0.9372,2.8844,9.45
-1.1654,2.8135,9.45
-1.3595,2.6682,9.45
-1.5805,2.5791,9.45
-1.7607,2.4234,9.45
-1.9782,2.3162,9.45
-2.1483,2.1483,9.45
-2.2921,1.9576,9.45
-2.4227,1.7602,9.45
-2.5676,1.5734,9.45
-2.6964,1.3739,9.45
-2.7609,-2.9981,9.45
-2.8868,-2.9898,9.45
-2.9409,-2.9661,9.45
-3.0016,-2.9902,9.45
-3.0135,-2.9427,9.45
-3.0293,-2.9502,9.45
-2.9923,-2.9713,9.45
-2.9645,-2.9937,9.45
-2.9337,-2.9572,9.45
-2.8731,-2.9768,9.45
-2.8045,-2.9806,9.45
-2.6963,-1.3738,9.45
-2.5559,-1.5662,9.45
-2.4516,-1.7812,9.45
-2.3125,-1.975,9.45
-2.1166,-2.1166,9.45
-1.9782,-2.3162,9.45
-1.7634,-2.427,9.45
-1.5741,-2.5687,9.45
-1.3611,-2.6713,9.45
-1.148,-2.7714,9.45
-0.9413,-2.897,9.45
-0.7055,-2.9386,9.45
-0.4676,-2.9521,9.45
-0.2366,-3.0066,9.45
-0.0,-3.0189,9.45
0.2361,-3.0005,9.45
0.4741,-2.9935,9.45
0.7037,-2.9313,9.45
0.9346,-2.8764,9.45
1.1475,-2.7702,9.45
1.3609,-2.671,9.45
1.5842,-2.5852,9.45
1.7822,-2.4529,9.45
1.9537,-2.2874,9.45
2.1382,-2.1382,9.45
2.2923,-1.9578,9.45
2.4653,-1.7912,9.45
2.5612,-1.5695,9.45
2.6975,-1.3745,9.45
2.7697,-1.1472,9.45
2.8973,-0.9414,9.45
2.9481,-0.7078,9.45
2.9869,-0.4731,9.45
2.9909,-0.2354,9.45
3.0154,0.0,9.6
3.0227,0.2379,9.6
2.9936,0.4741,9.6
2.9464,0.7074,9.6
2.8809,0.9361,9.6
2.7732,1.1487,9.6
2.6775,1.3642,9.6
2.5799,1.581,9.6
2.4626,1.7892,9.6
2.2949,1.96,9.6
2.1208,2.1208,9.6
1.952,2.2855,9.6
1.7911,2.4653,9.6
1.5839,2.5848,9.6
1.371,2.6908,9.6
1.1624,2.8064,9.6
0.9301,2.8626,9.6
0.7018,2.9231,9.6
0.4724,2.9827,9.6
0.2369,3.0097,9.6
0.0,3.0118,9.6
-0.2361,2.9998,9.6
-0.4691,2.9619,9.6
-0.7044,2.9339,9.6
-0.9312,2.866,9.6
-1.1489,2.7737,9.6
-1.3648,2.6785,9.6
-1.5739,2.5684,9.6
-1.7859,2.4581,9.6
-1.9843,2.3233,9.6
-2.1571,2.1571,9.6
-2.2982,1.9628,9.6
-2.4492,1.7795,9.6
-2.5916,1.5881,9.6
-2.7205,1.3862,9.6
-2.7791,-2.9811,9.6
-2.859,-2.9404,9.6
-2.9705,-2.9717,9.6
-2.9726,-2.9902,9.6
-2.9928,-2.9887,9.6
-3.0072,-2.978,9.6
-3.0058,-2.9633,9.6
-2.9961,-2.9432,9.6
-2.9665,-2.9596,9.6
-2.8579,-2.9899,9.6
-2.7909,-2.9952,9.6
-2.7057,-1.3786,9.6
-2.5718,-1.576,9.6
-2.4541,-1.783,9.6
-2.3176,-1.9794,9.6
-2.1219,-2.1219,9.6
-1.9522,-2.2857,9.6
-1.7969,-2.4732,9.6
-1.5752,-2.5704,9.6
-1.3661,-2.6811,9.6
-1.1606,-2.802,9.6
-0.9262,-2.8507,9.6
-0.7037,-2.931,9.6
-0.4691,-2.9616,9.6
-0.2365,-3.0046,9.6
-0.0,-3.0253,9.6
0.2357,-2.995,9.6
0.47,-2.9672,9.6
0.7043,-2.9338,9.6
0.9297,-2.8612,9.6
1.1596,-2.7994,9.6
1.3818,-2.7119,9.6
1.5956,-2.6037,9.6
1.7886,-2.4618,9.6
1.951,-2.2843,9.6
2.1458,-2.1458,9.6
2.3023,-1.9663,9.6
2.45,-1.78,9.6
2.6031,-1.5952,9.6
2.707,-1.3793,9.6
2.8226,-1.1691,9.6
2.885,-0.9374,9.6
2.9689,-0.7128,9.6
3.0158,-0.4777,9.6
3.0471,-0.2398,9.6
2.9903,0.0,9.75
2.951,0.2323,9.75
2.9307,0.4642,9.75
2.8821,0.6919,9.75
2.8186,0.9158,9.75
2.7461,1.1375,9.75
2.6487,1.3496,9.75
2.5483,1.5616,9.75
2.414,1.7539,9.75
2.2581,1.9286,9.75
2.0933,2.0933,9.75
1.9236,2.2523,9.75
1.7399,2.3947,9.75
1.554,2.5358,9.75
1.3527,2.6548,9.75
1.1318,2.7325,9.75
0.9233,2.8417,9.75
0.6959,2.8988,9.75
0.4695,2.9646,9.75
0.2319,2.9463,9.75
0.0,2.9831,9.75
-0.2315,2.9417,9.75
-0.4615,2.9139,9.75
-0.699,2.9115,9.75
-0.9157,2.8182,9.75
-1.1397,2.7514,9.75
-1.3552,2.6596,9.75
-1.5495,2.5286,9.75
-1.7452,2.402,9.75
-1.9359,2.2667,9.75
-2.1197,2.1197,9.75
-2.2495,1.9213,9.75
-2.4029,1.7458,9.75
-2.5433,1.5585,9.75
-2.6313,1.3407,9.75
-2.7254,-2.9822,9.75
-2.8301,-2.9558,9.75
-2.8868,-2.9851,9.75
-2.9321,-2.9663,9.75
-2.9745,-2.9428,9.75
-2.972,-2.9989,9.75
-2.9946,-2.9921,9.75
-2.9477,-2.9744,9.75
-2.8767,-2.9542,9.75
-2.8044,-2.94,9.75
-2.7378,-2.9903,9.75
-2.6451,-1.3477,9.75
-2.5257,-1.5477,9.75
-2.4007,-1.7442,9.75
-2.2728,-1.9412,9.75
-2.1097,-2.1097,9.75
-1.9507,-2.284,9.75
-1.7639,-2.4278,9.75
-1.5415,-2.5155,9.75
-1.3486,-2.6468,9.75
-1.1495,-2.7752,9.75
-0.9154,-2.8172,9.75
-0.6895,-2.8719,9.75
-0.4695,-2.9642,9.75
-0.2342,-2.976,9.75
-0.0,-2.9798,9.75
0.2353,-2.9898,9.75
0.464,-2.9297,9.75
0.6989,-2.9111,9.75
0.9257,-2.8491,9.75
1.1341,-2.7381,9.75
1.3402,-2.6304,9.75
1.5421,-2.5164,9.75
1.733,-2.3853,9.75
1.9292,-2.2588,9.75
2.1237,-2.1237,9.75
2.2465,-1.9187,9.75
2.3867,-1.734,9.75
2.5283,-1.5493,9.75
2.6582,-1.3544,9.75
2.7537,-1.1406,9.75
2.8064,-0.9119,9.75
2.9101,-0.6987,9.75
2.9587,-0.4686,9.75
2.9686,-0.2336,9.75
3.0011,0.0,9.9
3.0202,0.2377,9.9
2.9724,0.4708,9.9
2.9382,0.7054,9.9
2.8952,0.9407,9.9
2.7879,1.1548,9.9
2.7087,1.3801,9.9
2.5594,1.5684,9.9
2.4322,1.7671,9.9
2.3185,1.9802,9.9
2.1378,2.1378,9.9
1.9666,2.3026,9.9
1.7913,2.4655,9.9
1.5748,2.5698,9.9
1.3741,2.6968,9.9
1.1487,2.7733,9.9
0.9306,2.864,9.9
0.7106,2.9598,9.9
0.4726,2.9837,9.9
0.2394,3.042,9.9
0.0,3.0314,9.9
-0.2378,3.0221,9.9
-0.4774,3.0144,9.9
-0.7122,2.9667,9.9
-0.9391,2.8902,9.9
-1.1657,2.8142,9.9
-1.3842,2.7167,9.9
-1.5775,2.5742,9.9
-1.7684,2.434,9.9
-1.953,2.2867,9.9
-2.1214,2.1214,9.9
-2.2867,1.953,9.9
-2.4344,1.7687,9.9
-2.5956,1.5906,9.9
-2.7165,1.3841,9.9
-2.8178,-2.9683,9.9
-2.8903,-2.9838,9.9
-2.9443,-2.9491,9.9
-2.9876,-2.9612,9.9
-3.0377,-2.9414,9.9
-3.0227,-2.9402,9.9
-3.0187,-2.9527,9.9
-2.9595,-2.9474,9.9
-2.9181,-2.9453,9.9
-2.9017,-2.9998,9.9
-2.7729,-2.9532,9.9
-2.6937,-1.3725,9.9
-2.6001,-1.5933,9.9
-2.428,-1.764,9.9
-2.2855,-1.952,9.9
-2.1275,-2.1275,9.9
-1.9459,-2.2784,9.9
-1.7915,-2.4658,9.9
-1.589,-2.593,9.9
-1.3675,-2.6839,9.9
-1.1605,-2.8016,9.9
-0.9387,-2.8891,9.9
-0.7066,-2.9434,9.9
-0.4709,-2.9733,9.9
-0.2351,-2.9872,9.9
-0.0,-3.0368,9.9
0.2387,-3.0325,9.9
0.4696,-2.9648,9.9
0.711,-2.9615,9.9
0.9293,-2.8602,9.9
1.1557,-2.7902,9.9
1.3694,-2.6877,9.9
1.5845,-2.5857,9.9
1.7927,-2.4675,9.9
1.9619,-2.297,9.9
2.1224,-2.1224,9.9
2.3024,-1.9664,9.9
2.4526,-1.7819,9.9
2.5926,-1.5887,9.9
2.6872,-1.3692,9.9
2.8167,-1.1667,9.9
2.9019,-0.9429,9.9
2.9693,-0.7129,9.9
3.0036,-0.4757,9.9
3.0391,-0.2392,9.9
3.0031,0.0,10.05
2.9804,0.2346,10.05
2.9664,0.4698,10.05
2.9082,0.6982,10.05
2.8028,0.9107,10.05
2.755,1.1412,10.05
2.6691,1.36,10.05
2.5313,1.5512,10.05
2.3878,1.7349,10.05
2.268,1.937,10.05
2.093,2.093,10.05
1.9335,2.2638,10.05
1.7364,2.39,10.05
1.5537,2.5355,10.05
1.359,2.6672,10.05
1.1443,2.7626,10.05
0.9285,2.8576,10.05
0.6984,2.9091,10.05
0.466,2.9421,10.05
0.2348,2.9836,10.05
0.0,2.9854,10.05
-0.2338,2.9709,10.05
-0.4686,2.9588,10.05
-0.6964,2.9007,10.05
-0.911,2.8036,10.05
-1.1344,2.7387,10.05
-1.3613,2.6716,10.05
-1.5694,2.5611,10.05
-1.7505,2.4094,10.05
-1.9475,2.2802,10.05
-2.124,2.124,10.05
-2.242,1.9149,10.05
-2.384,1.7321,10.05
-2.5454,1.5599,10.05
-2.6291,1.3396,10.05
-2.7463,-2.969,10.05
-2.8182,-2.9428,10.05
-2.8748,-2.9474,10.05
-2.9672,-2.9821,10.05
-2.9896,-2.9882,10.05
-2.9514,-2.9615,10.05
-2.9368,-2.9569,10.05
-2.9245,-2.9402,10.05
-2.8988,-2.9863,10.05
-2.8521,-2.9556,10.05
-2.7282,-2.9596,10.05
-2.6668,-1.3588,10.05
-2.5398,-1.5564,10.05
-2.4127,-1.753,10.05
-2.2851,-1.9516,10.05
-2.1018,-2.1018,10.05
-1.945,-2.2772,10.05
-1.7526,-2.4123,10.05
-1.5441,-2.5197,10.05
-1.359,-2.6673,10.05
-1.1355,-2.7413,10.05
-0.9132,-2.8107,10.05
-0.7005,-2.9177,10.05
-0.4696,-2.9651,10.05
-0.2331,-2.9621,10.05
-0.0,-2.9507,10.05
0.2352,-2.9887,10.05
0.4626,-2.9209,10.05
0.6993,-2.9129,10.05
0.9239,-2.8434,10.05
1.1408,-2.7542,10.05
1.3586,-2.6665,10.05
1.5484,-2.5267,10.05
1.7366,-2.3902,10.05
1.9286,-2.2581,10.05
2.1168,-2.1168,10.05
2.2789,-1.9464,10.05
2.4161,-1.7554,10.05
2.5424,-1.558,10.05
2.6344,-1.3423,10.05
2.7678,-1.1465,10.05
2.8427,-0.9236,10.05
2.8825,-0.692,10.05
2.9278,-0.4637,10.05
2.958,-0.2328,10.05
3.0607,0.0,10.2
3.0176,0.2375,10.2
2.9936,0.4741,10.2
2.9493,0.7081,10.2
2.889,0.9387,10.2
2.8134,1.1654,10.2
2.7383,1.3953,10.2
2.5993,1.5929,10.2
2.4554,1.7839,10.2
2.3154,1.9776,10.2
2.1627,2.1627,10.2
1.9816,2.3202,10.2
1.7745,2.4424,10.2
1.592,2.598,10.2
1.3787,2.7058,10.2
1.1569,2.793,10.2
0.9399,2.8927,10.2
0.711,2.9616,10.2
0.481,3.0371,10.2
0.2373,3.0146,10.2
0.0,3.0584,10.2
-0.2391,3.0384,10.2
-0.4805,3.0338,10.2
-0.7092,2.9542,10.2
-0.9419,2.8989,10.2
-1.173,2.8319,10.2
-1.373,2.6946,10.2
-1.5882,2.5918,10.2
-1.7893,2.4627,10.2
-1.9662,2.3022,10.2
-2.1525,2.1525,10.2
-2.324,1.9849,10.2
-2.4851,1.8055,10.2
-2.573,1.5767,10.2
-2.6913,1.3713,10.2
-2.8339,-2.9704,10.2
-2.8762,-2.9869,10.2
-2.9624,-2.9751,10.2
-2.9824,-2.9425,10.2
-3.0182,-2.9905,10.2
-3.0603,-2.9939,10.2
-3.062,-2.987,10.2
-3.0232,-2.9924,10.2
-2.9809,-2.9465,10.2
-2.8842,-2.9625,10.2
-2.7921,-2.9949,10.2
-2.726,-1.3889,10.2
-2.5882,-1.5861,10.2
-2.4734,-1.797,10.2
-2.3383,-1.9971,10.2
-2.1462,-2.1462,10.2
-1.9817,-2.3202,10.2
-1.7948,-2.4703,10.2
-1.5784,-2.5756,10.2
-1.393,-2.734,10.2
-1.1632,-2.8082,10.2
-0.9448,-2.9079,10.2
-0.7128,-2.9692,10.2
-0.4742,-2.9941,10.2
-0.2408,-3.0593,10.2
-0.0,-3.0358,10.2
0.2411,-3.0632,10.2
0.4777,-3.0162,10.2
0.7061,-2.941,10.2
0.9489,-2.9205,10.2
1.1556,-2.7898,10.2
1.3755,-2.6996,10.2
1.5806,-2.5793,10.2
1.7868,-2.4594,10.2
1.9905,-2.3306,10.2
2.1572,-2.1572,10.2
2.3225,-1.9836,10.2
2.4872,-1.807,10.2
2.5811,-1.5817,10.2
2.6956,-1.3735,10.2
2.8053,-1.162,10.2
2.917,-0.9478,10.2
2.9682,-0.7126,10.2
3.0386,-0.4813,10.2
3.0437,-0.2395,10.2
2.9661,0.0,10.35
2.9627,0.2332,10.35
2.9517,0.4675,10.35
2.9142,0.6996,10.35
2.8494,0.9258,10.35
2.7507,1.1394,10.35
2.6663,1.3585,10.35
2.5394,1.5561,10.35
2.394,1.7393,10.35
2.2693,1.9381,10.35
2.1087,2.1087,10.35
1.9209,2.249,10.35
1.761,2.4238,10.35
1.545,2.5212,10.35
1.3364,2.6228,10.35
1.1443,2.7626,10.35
0.9242,2.8445,10.35
0.699,2.9115,10.35
0.4651,2.9365,10.35
0.2334,2.9661,10.35
0.0,2.9835,10.35
-0.2308,2.9324,10.35
-0.4613,2.9127,10.35
-0.6871,2.8619,10.35
-0.9186,2.8272,10.35
-1.1319,2.7326,10.35
-1.3529,2.6552,10.35
-1.5424,2.5169,10.35
-1.7377,2.3917,10.35
-1.9087,2.2348,10.35
-2.0837,2.0837,10.35
-2.2345,1.9084,10.35
-2.4114,1.752,10.35
-2.5439,1.5589,10.35
-2.6438,1.3471,10.35
-2.7204,-2.9636,10.35
-2.8008,-2.9463,10.35
-2.8846,-2.9802,10.35
-2.922,-2.9935,10.35
-2.9705,-2.9574,10.35
-2.9659,-2.9926,10.35
-2.9562,-2.943,10.35
-2.9523,-2.9903,10.35
-2.907,-2.975,10.35
-2.8219,-2.9838,10.35
-2.7595,-2.9922,10.35
-2.67,-1.3604,10.35
-2.5173,-1.5426,10.35
-2.3775,-1.7274,10.35
-2.2726,-1.941,10.35
-2.116,-2.116,10.35
-1.931,-2.2609,10.35
-1.7275,-2.3777,10.35
-1.5588,-2.5438,10.35
-1.3424,-2.6346,10.35
-1.1431,-2.7596,10.35
-0.9214,-2.8358,10.35
-0.6875,-2.8636,10.35
-0.4595,-2.901,10.35
-0.2343,-2.9767,10.35
-0.0,-2.9725,10.35
0.2323,-2.9515,10.35
0.4622,-2.918,10.35
0.6952,-2.8957,10.35
0.9163,-2.82,10.35
1.1368,-2.7445,10.35
1.3526,-2.6546,10.35
1.5566,-2.5402,10.35
1.7593,-2.4214,10.35
1.926,-2.2551,10.35
2.1147,-2.1147,10.35
2.238,-1.9114,10.35
2.3817,-1.7304,10.35
2.5442,-1.5591,10.35
2.6498,-1.3501,10.35
2.7588,-1.1427,10.35
2.8336,-0.9207,10.35
2.8981,-0.6958,10.35
2.9162,-0.4619,10.35
2.9523,-0.2324,10.35
3.0227,0.0,10.5
3.0044,0.2365,10.5
2.9956,0.4745,10.5
2.926,0.7025,10.5
2.878,0.9351,10.5
2.7606,1.1435,10.5
2.7064,1.379,10.5
2.5797,1.5808,10.5
2.4441,1.7758,10.5
2.2709,1.9396,10.5
2.141,2.141,10.5
1.9466,2.2792,10.5
1.7862,2.4585,10.5
1.5771,2.5736,10.5
1.3576,2.6645,10.5
1.1613,2.8035,10.5
0.9346,2.8765,10.5
0.7096,2.9556,10.5
0.4714,2.9763,10.5
0.2375,3.0174,10.5
0.0,3.0422,10.5
-0.2364,3.0038,10.5
-0.4738,2.9918,10.5
-0.7107,2.9603,10.5
-0.9234,2.8419,10.5
-1.1468,2.7686,10.5
-1.359,2.6672,10.5
-1.5876,2.5907,10.5
-1.7788,2.4483,10.5
-1.9715,2.3084,10.5
-2.1248,2.1248,10.5
-2.3024,1.9664,10.5
-2.4314,1.7665,10.5
-2.5505,1.5629,10.5
-2.712,1.3818,10.5
-2.801,-2.9993,10.5
-2.8679,-2.9444,10.5
-2.9317,-2.9885,10.5
-2.9833,-2.945,10.5
-3.0232,-2.9674,10.5
-2.9887,-2.9947,10.5
-2.9861,-2.9561,10.5
-2.9663,-2.9937,10.5
-2.952,-2.9919,10.5
-2.8568,-2.9425,10.5
-2.7842,-2.969,10.5
-2.6918,-1.3715,10.5
-2.5946,-1.59,10.5
-2.4473,-1.7781,10.5
-2.3099,-1.9728,10.5
-2.145,-2.145,10.5
-1.9408,-2.2724,10.5
-1.7776,-2.4467,10.5
-1.5672,-2.5574,10.5
-1.3568,-2.6629,10.5
-1.1475,-2.7703,10.5
-0.9256,-2.8486,10.5
-0.7083,-2.9504,10.5
-0.4736,-2.9903,10.5
-0.2364,-3.0043,10.5
-0.0,-3.0204,10.5
0.237,-3.011,10.5
0.4679,-2.954,10.5
0.7054,-2.9382,10.5
0.9327,-2.8705,10.5
1.1444,-2.7628,10.5
1.3618,-2.6726,10.5
1.5728,-2.5666,10.5
1.7625,-2.4258,10.5
1.9503,-2.2835,10.5
2.1196,-2.1196,10.5
2.3055,-1.9691,10.5
2.4173,-1.7563,10.5
2.5597,-1.5686,10.5
2.7074,-1.3795,10.5
2.8012,-1.1603,10.5
2.8408,-0.923,10.5
2.9062,-0.6977,10.5
2.9919,-0.4739,10.5
2.9788,-0.2344,10.5
2.9906,0.0,10.65
2.9909,0.2354,10.65
2.9963,0.4746,10.65
2.9609,0.7109,10.65
2.8973,0.9414,10.65
2.7683,1.1467,10.65
2.7026,1.377,10.65
2.5937,1.5894,10.65
2.4329,1.7676,10.65
2.2776,1.9453,10.65
2.1297,2.1297,10.65
1.9476,2.2804,10.65
1.7677,2.4331,10.65
1.5648,2.5535,10.65
1.3796,2.7076,10.65
1.1472,2.7696,10.65
0.9268,2.8523,10.65
0.7034,2.9299,10.65
0.4687,2.9591,10.65
0.2373,3.0157,10.65
0.0,3.0068,10.65
-0.2383,3.0273,10.65
-0.4745,2.9957,10.65
-0.7056,2.9392,10.65
-0.9306,2.864,10.65
-1.1481,2.7718,10.65
-1.359,2.6671,10.65
-1.5769,2.5732,10.65
-1.7885,2.4617,10.65
-1.9464,2.279,10.65
-2.1178,2.1178,10.65
-2.2902,1.9561,10.65
-2.4541,1.783,10.65
-2.5703,1.5751,10.65
-2.6931,1.3722,10.65
-2.8172,-2.9549,10.65
-2.8924,-2.9632,10.65
-2.9201,-2.982,10.65
-2.9964,-2.9515,10.65
-2.9953,-2.9504,10.65
-2.9995,-2.9644,10.65
-2.9931,-2.9653,10.65
-2.9619,-2.9828,10.65
-2.9479,-2.9417,10.65
-2.8831,-2.9834,10.65
-2.8084,-2.9507,10.65
-2.7134,-1.3826,10.65
-2.5909,-1.5877,10.65
-2.4351,-1.7692,10.65
-2.3058,-1.9693,10.65
-2.1519,-2.1519,10.65
-1.9679,-2.3041,10.65
-1.7602,-2.4227,10.65
-1.569,-2.5603,10.65
-1.3767,-2.7019,10.65
-1.1482,-2.7721,10.65
-0.9316,-2.8673,10.65
-0.7118,-2.9647,10.65
-0.4753,-3.0008,10.65
-0.2346,-2.9809,10.65
-0.0,-3.0402,10.65
0.2346,-2.9814,10.65
0.4728,-2.9851,10.65
0.7074,-2.9466,10.65
0.924,-2.8439,10.65
1.1446,-2.7633,10.65
1.3754,-2.6994,10.65
1.5817,-2.581,10.65
1.7794,-2.4491,10.65
1.9704,-2.307,10.65
2.1166,-2.1166,10.65
2.2769,-1.9446,10.65
2.4535,-1.7826,10.65
2.5611,-1.5695,10.65
2.6898,-1.3705,10.65
2.7738,-1.149,10.65
2.8845,-0.9372,10.65
2.922,-0.7015,10.65
3.0009,-0.4753,10.65
3.0068,-0.2366,10.65
2.9725,0.0,10.8
2.9718,0.2339,10.8
2.96,0.4688,10.8
2.8944,0.6949,10.8
2.843,0.9237,10.8
2.7588,1.1427,10.8
2.6725,1.3617,10.8
2.5247,1.5472,10.8
2.4268,1.7632,10.8
2.2619,1.9318,10.8
2.0887,2.0887,10.8
1.9241,2.2529,10.8
1.7495,2.4079,10.8
1.566,2.5554,10.8
1.3376,2.6252,10.8
1.1388,2.7494,10.8
0.909,2.7976,10.8
0.7003,2.9168,10.8
0.4633,2.9252,10.8
0.2339,2.9721,10.8
0.0,2.9678,10.8
-0.2343,2.9766,10.8
-0.4662,2.9434,10.8
-0.694,2.8908,10.8
-0.923,2.8407,10.8
-1.1357,2.7419,10.8
-1.3597,2.6685,10.8
-1.5426,2.5173,10.8
-1.7396,2.3944,10.8
-1.9335,2.2638,10.8
-2.1166,2.1166,10.8
-2.2415,1.9144,10.8
-2.3974,1.7418,10.8
-2.529,1.5498,10.8
-2.6542,1.3524,10.8
-2.7501,-2.9748,10.8
-2.7962,-2.9719,10.8
-2.8825,-2.9885,10.8
-2.9406,-2.9966,10.8
-2.9419,-2.9664,10.8
-2.9631,-2.9936,10.8
-2.9751,-2.9912,10.8
-2.9424,-2.9566,10.8
-2.8871,-2.9562,10.8
-2.8174,-2.9897,10.8
-2.7415,-2.9456,10.8
-2.6662,-1.3585,10.8
-2.5535,-1.5648,10.8
-2.3817,-1.7304,10.8
-2.2616,-1.9316,10.8
-2.1001,-2.1001,10.8
-1.9228,-2.2513,10.8
-1.762,-2.4252,10.8
-1.5412,-2.515,10.8
-1.3608,-2.6707,10.8
-1.1337,-2.7371,10.8
-0.9187,-2.8274,10.8
-0.6977,-2.9063,10.8
-0.4648,-2.9345,10.8
-0.2345,-2.9797,10.8
-0.0,-2.9828,10.8
0.2331,-2.9616,10.8
0.4688,-2.96,10.8
0.6877,-2.8643,10.8
0.9106,-2.8027,10.8
1.1411,-2.7548,10.8
1.3613,-2.6716,10.8
1.5454,-2.5219,10.8
1.7319,-2.3837,10.8
1.9428,-2.2747,10.8
2.1179,-2.1179,10.8
2.2773,-1.945,10.8
2.4187,-1.7573,10.8
2.5078,-1.5368,10.8
2.6478,-1.3491,10.8
2.7671,-1.1462,10.8
2.7996,-0.9096,10.8
2.905,-0.6974,10.8
2.9178,-0.4621,10.8
2.9352,-0.231,10.8
2.9739,0.0,10.95
2.9784,0.2344,10.95
2.9479,0.4669,10.95
2.9039,0.6972,10.95
2.8646,0.9308,10.95
2.7661,1.1457,10.95
2.6828,1.3669,10.95
2.5365,1.5544,10.95
2.4097,1.7507,10.95
2.272,1.9405,10.95
2.122,2.122,10.95
1.9355,2.2662,10.95
1.7648,2.429,10.95
1.5731,2.5671,10.95
1.3488,2.6472,10.95
1.1531,2.7839,10.95
0.9214,2.8358,10.95
0.6991,2.9119,10.95
0.4628,2.922,10.95
0.2351,2.9867,10.95
0.0,2.99,10.95
-0.2346,2.9809,10.95
-0.4708,2.9722,10.95
-0.6958,2.8984,10.95
-0.9306,2.864,10.95
-1.1357,2.7418,10.95
-1.3497,2.6489,10.95
-1.5723,2.5658,10.95
-1.7369,2.3906,10.95
-1.9354,2.2661,10.95
-2.1072,2.1072,10.95
-2.2774,1.9451,10.95
-2.4227,1.7602,10.95
-2.5621,1.57,10.95
-2.6674,1.3591,10.95
-2.7723,-2.976,10.95
-2.8599,-2.9605,10.95
-2.9093,-2.9771,10.95
-2.9549,-2.9784,10.95
-2.9657,-2.9842,10.95
-2.9651,-2.9455,10.95
-2.9824,-2.9429,10.95
-2.9693,-2.9917,10.95
-2.9004,-2.9556,10.95
-2.8629,-2.962,10.95
-2.7594,-2.9449,10.95
-2.6681,-1.3595,10.95
-2.5405,-1.5568,10.95
-2.4076,-1.7492,10.95
-2.2559,-1.9267,10.95
-2.1204,-2.1204,10.95
-1.9475,-2.2803,10.95
-1.7618,-2.4249,10.95
-1.5521,-2.5328,10.95
-1.3498,-2.6492,10.95
-1.1459,-2.7664,10.95
-0.915,-2.816,10.95
-0.7009,-2.9197,10.95
-0.4661,-2.9426,10.95
-0.2327,-2.9571,10.95
-0.0,-2.998,10.95
0.2339,-2.9716,10.95
0.4653,-2.9377,10.95
0.6897,-2.873,10.95
0.9231,-2.841,10.95
1.1504,-2.7772,10.95
1.3446,-2.6389,10.95
1.5507,-2.5305,10.95
1.7504,-2.4092,10.95
1.9429,-2.2748,10.95
2.094,-2.094,10.95
2.254,-1.9251,10.95
2.4315,-1.7666,10.95
2.5522,-1.564,10.95
2.6337,-1.3419,10.95
2.7329,-1.132,10.95
2.8126,-0.9139,10.95
2.8738,-0.6899,10.95
2.9346,-0.4648,10.95
2.9561,-0.2326,10.95
2.9829,0.0,11.1
2.9518,0.2323,11.1
2.9546,0.468,11.1
2.864,0.6876,11.1
2.8074,0.9122,11.1
2.7261,1.1292,11.1
2.6734,1.3622,11.1
2.5092,1.5377,11.1
2.4195,1.7579,11.1
2.2456,1.9179,11.1
2.0917,2.0917,11.1
1.9436,2.2757,11.1
1.7631,2.4267,11.1
1.5666,2.5565,11.1
1.3556,2.6605,11.1
1.1398,2.7518,11.1
0.9116,2.8057,11.1
0.6879,2.8655,11.1
0.4606,2.9084,11.1
0.2324,2.9532,11.1
0.0,2.9525,11.1
-0.2331,2.9616,11.1
-0.4635,2.9267,11.1
-0.6942,2.8914,11.1
-0.9242,2.8444,11.1
-1.1429,2.7591,11.1
-1.3361,2.6223,11.1
-1.5453,2.5217,11.1
-1.7345,2.3874,11.1
-1.9343,2.2648,11.1
-2.1048,2.1048,11.1
-2.248,1.92,11.1
-2.4167,1.7559,11.1
-2.5302,1.5505,11.1
-2.6498,1.3501,11.1
-2.7253,-2.9704,11.1
-2.849,-2.9441,11.1
-2.8905,-2.9591,11.1
-2.9633,-2.9956,11.1
-2.9785,-2.9608,11.1
-2.9781,-2.9704,11.1
-2.9495,-2.9955,11.1
-2.9466,-2.9713,11.1
-2.8802,-2.945,11.1
-2.7986,-2.9507,11.1
-2.751,-2.965,11.1
-2.6635,-1.3571,11.1
-2.5537,-1.5649,11.1
-2.3888,-1.7355,11.1
-2.2535,-1.9247,11.1
-2.0861,-2.0861,11.1
-1.9186,-2.2464,11.1
-1.7513,-2.4105,11.1
-1.5404,-2.5137,11.1
-1.3452,-2.6401,11.1
-1.1362,-2.7431,11.1
-0.9239,-2.8435,11.1
-0.6943,-2.892,11.1
-0.4681,-2.9556,11.1
-0.2314,-2.9406,11.1
-0.0,-2.9821,11.1
0.2339,-2.9714,11.1
0.4624,-2.9194,11.1
0.6936,-2.8889,11.1
0.9259,-2.8496,11.1
1.1332,-2.7358,11.1
1.3477,-2.645,11.1
1.5636,-2.5516,11.1
1.7464,-2.4037,11.1
1.9199,-2.2479,11.1
2.0972,-2.0972,11.1
2.2726,-1.941,11.1
2.4001,-1.7437,11.1
2.5492,-1.5622,11.1
2.6552,-1.3529,11.1
2.7637,-1.1448,11.1
2.8052,-0.9115,11.1
2.9057,-0.6976,11.1
2.928,-0.4638,11.1
2.961,-0.233,11.1
3.0026,0.0,11.25
3.0253,0.2381,11.25
2.967,0.4699,11.25
2.9398,0.7058,11.25
2.8817,0.9363,11.25
2.759,1.1428,11.25
2.6742,1.3626,11.25
2.5642,1.5713,11.25
2.4445,1.776,11.25
2.2961,1.961,11.25
2.1411,2.1411,11.25
1.9695,2.3059,11.25
1.7612,2.424,11.25
1.5681,2.5589,11.25
1.3594,2.6679,11.25
1.1547,2.7877,11.25
0.9237,2.8428,11.25
0.702,2.9242,11.25
0.4737,2.9906,11.25
0.2364,3.0033,11.25
0.0,2.9901,11.25
-0.2348,2.984,11.25
-0.4753,3.0012,11.25
-0.7028,2.9275,11.25
-0.9397,2.892,11.25
-1.144,2.762,11.25
-1.37,2.6888,11.25
-1.5636,2.5516,11.25
-1.786,2.4582,11.25
-1.9634,2.2988,11.25
-2.1472,2.1472,11.25
-2.2724,1.9409,11.25
-2.4556,1.7841,11.25
-2.5833,1.583,11.25
-2.6606,1.3556,11.25
-2.8035,-2.9974,11.25
-2.8756,-2.9687,11.25
-2.9279,-2.9638,11.25
-2.9847,-2.9855,11.25
-3.031,-2.9877,11.25
-3.0193,-2.9641,11.25
-3.0057,-2.9693,11.25
-2.9678,-2.9899,11.25
-2.9287,-2.9814,11.25
-2.8644,-2.9552,11.25
-2.7627,-2.9619,11.25
-2.7098,-1.3807,11.25
-2.5932,-1.5891,11.25
-2.4193,-1.7577,11.25
-2.2729,-1.9413,11.25
-2.1421,-2.1421,11.25
-1.9513,-2.2847,11.25
-1.7644,-2.4285,11.25
-1.5606,-2.5467,11.25
-1.3661,-2.6811,11.25
-1.1481,-2.7717,11.25
-0.9262,-2.8504,11.25
-0.7071,-2.9455,11.25
-0.4715,-2.977,11.25
-0.2383,-3.0281,11.25
-0.0,-2.9984,11.25
0.2375,-3.0178,11.25
0.4686,-2.9589,11.25
0.7036,-2.9309,11.25
0.9231,-2.8412,11.25
1.1556,-2.7898,11.25
1.3541,-2.6575,11.25
1.5781,-2.5753,11.25
1.774,-2.4417,11.25
1.9644,-2.3,11.25
2.1174,-2.1174,11.25
2.2718,-1.9403,11.25
2.4302,-1.7657,11.25
2.5603,-1.5689,11.25
2.6932,-1.3722,11.25
2.7562,-1.1416,11.25
2.8673,-0.9316,11.25
2.9512,-0.7085,11.25
2.9945,-0.4743,11.25
2.9972,-0.2359,11.25
2.9715,0.0,11.4
2.9881,0.2352,11.4
2.9211,0.4627,11.4
2.9129,0.6993,11.4
2.8148,0.9146,11.4
2.76,1.1432,11.4
2.6623,1.3565,11.4
2.5465,1.5605,11.4
2.3908,1.737,11.4
2.2802,1.9474,11.4
2.1186,2.1186,11.4
1.9456,2.278,11.4
1.7497,2.4083,11.4
1.5514,2.5316,11.4
1.3534,2.6563,11.4
1.1366,2.744,11.4
0.924,2.8437,11.4
0.7015,2.9221,11.4
0.4612,2.912,11.4
0.2321,2.9488,11.4
0.0,3.0062,11.4
-0.2328,2.9579,11.4
-0.4616,2.9146,11.4
-0.6959,2.8988,11.4
-0.9117,2.806,11.4
-1.13,2.728,11.4
-1.3384,2.6268,11.4
-1.5455,2.522,11.4
-1.7644,2.4285,11.4
-1.9412,2.2729,11.4
-2.102,2.102,11.4
-2.2483,1.9202,11.4
-2.3858,1.7334,11.4
-2.5258,1.5478,11.4
-2.6565,1.3535,11.4
-2.7672,-2.9645,11.4
-2.8388,-2.9765,11.4
-2.8683,-2.9449,11.4
-2.941,-2.9487,11.4
-2.9482,-2.9519,11.4
-2.9893,-2.9433,11.4
-2.9533,-2.962,11.4
-2.9507,-2.9943,11.4
-2.8935,-2.9858,11.4
-2.8205,-2.9748,11.4
-2.77,-2.9667,11.4
-2.6761,-1.3635,11.4
-2.555,-1.5657,11.4
-2.401,-1.7444,11.4
-2.2416,-1.9145,11.4
-2.1221,-2.1221,11.4
-1.9176,-2.2452,11.4
-1.7511,-2.4102,11.4
-1.5672,-2.5574,11.4
-1.3622,-2.6734,11.4
-1.1276,-2.7223,11.4
-0.9273,-2.854,11.4
-0.701,-2.9199,11.4
-0.4677,-2.9531,11.4
-0.2317,-2.9445,11.4
-0.0,-2.9976,11.4
0.2328,-2.9579,11.4
0.4689,-2.9605,11.4
0.6968,-2.9023,11.4
0.9248,-2.8462,11.4
1.1449,-2.764,11.4
1.3496,-2.6486,11.4
1.5443,-2.5201,11.4
1.742,-2.3977,11.4
1.9281,-2.2575,11.4
2.114,-2.114,11.4
2.2754,-1.9434,11.4
2.3857,-1.7333,11.4
2.5213,-1.545,11.4
2.6697,-1.3603,11.4
2.7522,-1.14,11.4
2.856,-0.928,11.4
2.9138,-0.6995,11.4
2.9613,-0.469,11.4
2.9741,-0.2341,11.4
3.0239,0.0,11.55
3.0295,0.2384,11.55
2.961,0.469,11.55
2.9335,0.7043,11.55
2.8609,0.9296,11.55
2.7667,1.146,11.55
2.7137,1.3827,11.55
2.5987,1.5925,11.55
2.4306,1.7659,11.55
2.285,1.9516,11.55
2.1219,2.1219,11.55
1.9457,2.2781,11.55
1.7936,2.4686,11.55
1.5719,2.5652,11.55
1.3713,2.6914,11.55
1.1592,2.7986,11.55
0.9266,2.8519,11.55
0.7016,2.9223,11.55
0.4759,3.0048,11.55
0.2348,2.9831,11.55
0.0,3.0313,11.55
-0.2356,2.994,11.55
-0.4722,2.9811,11.55
-0.701,2.92,11.55
-0.9264,2.8512,11.55
-1.1574,2.7942,11.55
-1.3802,2.7089,11.55
-1.5913,2.5968,11.55
-1.7887,2.4619,11.55
-1.9818,2.3204,11.55
-2.1482,2.1482,11.55
-2.2786,1.9461,11.55
-2.4457,1.7769,11.55
-2.586,1.5847,11.55
-2.6676,1.3592,11.55
-2.7866,-2.9832,11.55
-2.8733,-2.9447,11.55
-2.9266,-2.9794,11.55
-2.9653,-2.9856,11.55
-3.0091,-2.9605,11.55
-3.0337,-2.9762,11.55
-2.9856,-2.9985,11.55
-2.9609,-2.99,11.55
-2.9265,-2.9429,11.55
-2.8831,-2.9991,11.55
-2.8166,-2.9645,11.55
-2.7193,-1.3856,11.55
-2.5637,-1.571,11.55
-2.4293,-1.765,11.55
-2.3054,-1.969,11.55
-2.1525,-2.1525,11.55
-1.9649,-2.3006,11.55
-1.7622,-2.4254,11.55
-1.5827,-2.5827,11.55
-1.3625,-2.6741,11.55
-1.1512,-2.7793,11.55
-0.938,-2.887,11.55
-0.7006,-2.9184,11.55
-0.4719,-2.9792,11.55
-0.2355,-2.9923,11.55
-0.0,-3.0363,11.55
0.2362,-3.0013,11.55
0.4765,-3.0087,11.55
0.6991,-2.912,11.55
0.9428,-2.9016,11.55
1.1592,-2.7986,11.55
1.3826,-2.7135,11.55
1.579,-2.5767,11.55
1.7861,-2.4583,11.55
1.9648,-2.3005,11.55
2.1278,-2.1278,11.55
2.2977,-1.9624,11.55
2.4222,-1.7599,11.55
2.5667,-1.5729,11.55
2.6978,-1.3746,11.55
2.8136,-1.1654,11.55
2.8659,-0.9312,11.55
2.9535,-0.7091,11.55
2.9734,-0.4709,11.55
3.0187,-0.2376,11.55
2.9984,0.0,11.7
3.0222,0.2379,11.7
2.9609,0.469,11.7
2.9515,0.7086,11.7
2.8735,0.9337,11.7
2.8134,1.1653,11.7
2.6925,1.3719,11.7
2.5664,1.5727,11.7
2.4621,1.7888,11.7
2.2874,1.9536,11.7
2.1135,2.1135,11.7
1.9582,2.2927,11.7
1.7809,2.4512,11.7
1.5821,2.5818,11.7
1.3649,2.6787,11.7
1.1458,2.7661,11.7
0.9259,2.8498,11.7
0.7073,2.9459,11.7
0.4675,2.9518,11.7
0.236,2.9991,11.7
0.0,3.0252,11.7
-0.2353,2.9903,11.7
-0.473,2.9864,11.7
-0.7056,2.9389,11.7
-0.9403,2.894,11.7
-1.1656,2.8141,11.7
-1.3686,2.6859,11.7
-1.562,2.5489,11.7
-1.7686,2.4343,11.7
-1.9755,2.313,11.7
-2.1482,2.1482,11.7
-2.302,1.9661,11.7
-2.4445,1.7761,11.7
-2.5673,1.5732,11.7
-2.7105,1.3811,11.7
-2.7826,-2.9877,11.7
-2.8856,-2.9735,11.7
-2.9102,-2.9614,11.7
-2.9851,-2.963,11.7
-2.9815,-2.9558,11.7
-3.0059,-2.9833,11.7
-3.029,-2.9923,11.7
-2.9544,-2.9509,11.7
-2.9446,-2.9867,11.7
-2.8755,-2.9923,11.7
-2.7709,-2.9662,11.7
-2.6629,-1.3568,11.7
-2.548,-1.5614,11.7
-2.4642,-1.7903,11.7
-2.3094,-1.9724,11.7
-2.1157,-2.1157,11.7
-1.9542,-2.2881,11.7
-1.7893,-2.4628,11.7
-1.562,-2.549,11.7
-1.3672,-2.6832,11.7
-1.1535,-2.7847,11.7
-0.9346,-2.8764,11.7
-0.7096,-2.9556,11.7
-0.4719,-2.9792,11.7
-0.2367,-3.0079,11.7
-0.0,-3.0375,11.7
0.2369,-3.0099,11.7
0.4682,-2.956,11.7
0.7026,-2.9267,11.7
0.9388,-2.8894,11.7
1.1549,-2.7882,11.7
1.3832,-2.7146,11.7
1.5668,-2.5568,11.7
1.764,-2.4279,11.7
1.9409,-2.2726,11.7
2.1153,-2.1153,11.7
2.2755,-1.9435,11.7
2.4574,-1.7854,11.7
2.5715,-1.5758,11.7
2.6783,-1.3646,11.7
2.7878,-1.1548,11.7
2.8957,-0.9409,11.7
2.9379,-0.7053,11.7
2.9741,-0.471,11.7
3.0048,-0.2365,11.7
2.991,0.0,11.85
2.9895,0.2353,11.85
3.0056,0.476,11.85
2.9215,0.7014,11.85
2.8505,0.9262,11.85
2.7949,1.1577,11.85
2.6654,1.3581,11.85
2.5483,1.5616,11.85
2.4559,1.7843,11.85
2.2748,1.9429,11.85
2.1247,2.1247,11.85
1.959,2.2937,11.85
1.7752,2.4434,11.85
1.5719,2.5652,11.85
1.3825,2.7133,11.85
1.1439,2.7616,11.85
0.933,2.8714,11.85
0.7002,2.9167,11.85
0.4747,2.9969,11.85
0.2365,3.0055,11.85
0.0,2.9971,11.85
-0.2384,3.0292,11.85
-0.4685,2.958,11.85
-0.7088,2.9524,11.85
-0.9266,2.8517,11.85
-1.1525,2.7824,11.85
-1.3624,2.6739,11.85
-1.571,2.5636,11.85
-1.7598,2.4222,11.85
-1.9422,2.274,11.85
-2.1146,2.1146,11.85
-2.3141,1.9764,11.85
-2.4326,1.7674,11.85
-2.55,1.5627,11.85
-2.6837,1.3674,11.85
-2.7981,-2.9829,11.85
-2.8732,-2.9993,11.85
-2.9625,-2.9974,11.85
-2.9912,-2.9722,11.85
-3.0319,-2.9955,11.85
-3.0077,-2.9606,11.85
-2.9843,-2.989,11.85
-2.9618,-2.9581,11.85
-2.9627,-2.9981,11.85
-2.8515,-2.961,11.85
-2.7832,-2.9626,11.85
-2.7038,-1.3777,11.85
-2.5828,-1.5828,11.85
-2.4578,-1.7857,11.85
-2.303,-1.967,11.85
-2.1317,-2.1317,11.85
-1.9412,-2.2729,11.85
-1.769,-2.4348,11.85
-1.5795,-2.5775,11.85
-1.3668,-2.6825,11.85
-1.1448,-2.7637,11.85
-0.937,-2.8838,11.85
-0.7096,-2.9556,11.85
-0.4748,-2.998,11.85
-0.2387,-3.0331,11.85
-0.0,-3.007,11.85
0.2389,-3.0358,11.85
0.4759,-3.005,11.85
0.6981,-2.9077,11.85
0.938,-2.8869,11.85
1.1495,-2.7751,11.85
1.3669,-2.6826,11.85
1.591,-2.5962,11.85
1.7679,-2.4333,11.85
1.9759,-2.3135,11.85
2.1545,-2.1545,11.85
2.2869,-1.9532,11.85
2.4355,-1.7695,11.85
2.5626,-1.5704,11.85
2.7093,-1.3804,11.85
2.7684,-1.1467,11.85
2.8981,-0.9417,11.85
2.962,-0.7111,11.85
2.9683,-0.4701,11.85
3.0173,-0.2375,11.85
3.0091,0.0,12.0
2.9836,0.2348,12.0
2.9588,0.4686,12.0
2.9377,0.7053,12.0
2.8577,0.9285,12.0
2.765,1.1453,12.0
2.6539,1.3522,12.0
2.5421,1.5578,12.0
2.444,1.7756,12.0
2.2888,1.9549,12.0
2.1332,2.1332,12.0
1.9553,2.2894,12.0
1.7686,2.4343,12.0
1.5589,2.5439,12.0
1.368,2.6848,12.0
1.1375,2.7461,12.0
0.92,2.8315,12.0
0.6959,2.8986,12.0
0.4726,2.9841,12.0
0.2366,3.0068,12.0
0.0,3.0099,12.0
-0.236,2.9983,12.0
-0.4702,2.9687,12.0
-0.6939,2.8901,12.0
-0.9179,2.825,12.0
-1.1513,2.7796,12.0
-1.3596,2.6684,12.0
-1.5547,2.5371,12.0
-1.7445,2.401,12.0
-1.937,2.268,12.0
-2.1243,2.1243,12.0
-2.2814,1.9485,12.0
-2.4383,1.7715,12.0
-2.5686,1.5741,12.0
-2.6916,1.3714,12.0
-2.7726,-2.967,12.0
-2.8591,-2.9973,12.0
-2.8925,-2.9992,12.0
-2.9398,-2.9561,12.0
-2.9821,-2.9644,12.0
-3.0156,-2.9452,12.0
-2.9748,-2.9415,12.0
-2.9327,-2.9571,12.0
-2.8969,-2.9763,12.0
-2.8435,-2.9684,12.0
-2.7473,-2.973,12.0
-2.6571,-1.3538,12.0
-2.5313,-1.5512,12.0
-2.4274,-1.7636,12.0
-2.2607,-1.9308,12.0
-2.1336,-2.1336,12.0
-1.9319,-2.262,12.0
-1.7605,-2.4232,12.0
-1.5636,-2.5516,12.0
-1.3702,-2.6891,12.0
-1.1528,-2.7831,12.0
-0.9328,-2.8708,12.0
-0.6963,-2.9003,12.0
-0.4659,-2.9416,12.0
-0.2354,-2.9911,12.0
-0.0,-2.9759,12.0
0.236,-2.9987,12.0
0.4636,-2.9271,12.0
0.6964,-2.9005,12.0
0.9205,-2.8331,12.0
1.1429,-2.7591,12.0
1.3645,-2.678,12.0
1.5558,-2.5389,12.0
1.7553,-2.4159,12.0
1.9498,-2.2829,12.0
2.1285,-2.1285,12.0
2.2872,-1.9535,12.0
2.4021,-1.7452,12.0
2.5359,-1.554,12.0
2.6674,-1.3591,12.0
2.7781,-1.1507,12.0
2.8732,-0.9336,12.0
2.8933,-0.6946,12.0
2.9429,-0.4661,12.0
2.9549,-0.2326,12.0
3.0306,0.0,12.15
2.9887,0.2352,12.15
2.9856,0.4729,12.15
2.9433,0.7066,12.15
2.8643,0.9307,12.15
2.7574,1.1422,12.15
2.696,1.3737,12.15
2.5808,1.5815,12.15
2.4271,1.7634,12.15
2.2962,1.9612,12.15
2.1453,2.1453,12.15
1.9482,2.281,12.15
1.7847,2.4564,12.15
1.5649,2.5537,12.15
1.3614,2.6718,12.15
1.1417,2.7562,12.15
0.9248,2.8463,12.15
0.699,2.9115,12.15
0.4737,2.9908,12.15
0.2357,2.9953,12.15
0.0,3.0147,12.15
-0.2343,2.9766,12.15
-0.4669,2.9482,12.15
-0.7006,2.9183,12.15
-0.9296,2.8611,12.15
-1.1481,2.7717,12.15
-1.3663,2.6815,12.15
-1.5679,2.5585,12.15
-1.7731,2.4404,12.15
-1.9669,2.3029,12.15
-2.1318,2.1318,12.15
-2.2815,1.9486,12.15
-2.4527,1.782,12.15
-2.5649,1.5718,12.15
-2.6553,1.353,12.15
-2.7983,-2.9421,12.15
-2.8477,-2.9692,12.15
-2.9473,-2.9516,12.15
-2.9808,-2.9768,12.15
-2.9943,-2.9791,12.15
-2.9985,-2.9879,12.15
-3.0034,-2.9811,12.15
-2.9435,-2.9804,12.15
-2.9051,-2.9806,12.15
-2.8491,-2.9581,12.15
-2.768,-2.9715,12.15
-2.6747,-1.3628,12.15
-2.5495,-1.5623,12.15
-2.4093,-1.7505,12.15
-2.2762,-1.9441,12.15
-2.116,-2.116,12.15
-1.9653,-2.3011,12.15
-1.7826,-2.4536,12.15
-1.5604,-2.5463,12.15
-1.368,-2.6849,12.15
-1.1565,-2.792,12.15
-0.9228,-2.84,12.15
-0.7012,-2.9209,12.15
-0.4713,-2.9756,12.15
-0.2379,-3.0231,12.15
-0.0,-3.0227,12.15
0.2338,-2.9703,12.15
0.4669,-2.948,12.15
0.7039,-2.932,12.15
0.9257,-2.8489,12.15
1.1457,-2.7661,12.15
1.3663,-2.6814,12.15
1.5779,-2.575,12.15
1.7654,-2.4299,12.15
1.9366,-2.2674,12.15
2.1142,-2.1142,12.15
2.3001,-1.9645,12.15
2.4217,-1.7595,12.15
2.5395,-1.5562,12.15
2.6846,-1.3679,12.15
2.7737,-1.1489,12.15
2.8479,-0.9253,12.15
2.9365,-0.705,12.15
2.976,-0.4714,12.15
2.9914,-0.2354,12.15
3.0158,0.0,12.3
3.0091,0.2368,12.3
3.0057,0.476,12.3
2.9681,0.7126,12.3
2.8619,0.9299,12.3
2.7853,1.1537,12.3
2.692,1.3717,12.3
2.5968,1.5914,12.3
2.4397,1.7725,12.3
2.3268,1.9873,12.3
2.1583,2.1583,12.3
1.9694,2.3059,12.3
1.7881,2.4611,12.3
1.5725,2.5661,12.3
1.3771,2.7028,12.3
1.1495,2.7752,12.3
0.9377,2.886,12.3
0.7034,2.9297,12.3
0.4779,3.0174,12.3
0.2369,3.0101,12.3
0.0,3.0022,12.3
-0.2367,3.0081,12.3
-0.4736,2.9905,12.3
-0.7031,2.9286,12.3
-0.9286,2.8581,12.3
-1.1576,2.7947,12.3
-1.3873,2.7227,12.3
-1.5733,2.5675,12.3
-1.7644,2.4286,12.3
-1.9768,2.3146,12.3
-2.1276,2.1276,12.3
-2.3252,1.9859,12.3
-2.4635,1.7898,12.3
-2.562,1.57,12.3
-2.7108,1.3812,12.3
-2.7756,-2.9636,12.3
-2.8954,-2.9785,12.3
-2.9509,-2.96,12.3
-2.9745,-2.9794,12.3
-3.0334,-2.9681,12.3
-3.0585,-2.9833,12.3
-3.0334,-2.962,12.3
-2.9822,-2.9639,12.3
-2.9481,-2.9553,12.3
-2.8969,-2.9766,12.3
-2.8044,-2.9578,12.3
-2.6769,-1.3639,12.3
-2.5731,-1.5768,12.3
-2.4555,-1.784,12.3
-2.2897,-1.9556,12.3
-2.1559,-2.1559,12.3
-1.951,-2.2843,12.3
-1.7793,-2.449,12.3
-1.5718,-2.565,12.3
-1.3709,-2.6905,12.3
-1.1538,-2.7854,12.3
-0.9372,-2.8845,12.3
-0.7134,-2.9717,12.3
-0.4747,-2.9971,12.3
-0.238,-3.0245,12.3
-0.0,-3.0525,12.3
0.2385,-3.031,12.3
0.4753,-3.0012,12.3
0.7113,-2.9626,12.3
0.9346,-2.8764,12.3
1.1618,-2.8047,12.3
1.3696,-2.6879,12.3
1.5898,-2.5944,12.3
1.7712,-2.4379,12.3
1.9733,-2.3105,12.3
2.1268,-2.1268,12.3
2.3069,-1.9702,12.3
2.4293,-1.765,12.3
2.5817,-1.5821,12.3
2.6887,-1.3699,12.3
2.7808,-1.1518,12.3
2.8578,-0.9286,12.3
2.9613,-0.7109,12.3
2.9914,-0.4738,12.3
3.0078,-0.2367,12.3
2.9595,0.0,12.45
2.9473,0.232,12.45
2.8973,0.4589,12.45
2.8788,0.6911,12.45
2.8391,0.9225,12.45
2.7419,1.1357,12.45
2.6554,1.353,12.45
2.5224,1.5457,12.45
2.392,1.7379,12.45
2.2489,1.9207,12.45
2.0865,2.0865,12.45
1.9214,2.2496,12.45
1.7521,2.4116,12.45
1.5299,2.4966,12.45
1.3452,2.64,12.45
1.1391,2.7501,12.45
0.9096,2.7996,12.45
0.6941,2.8913,12.45
0.4654,2.9383,12.45
0.2299,2.921,12.45
0.0,2.9444,12.45
-0.2325,2.9542,12.45
-0.4632,2.9245,12.45
-0.6904,2.8758,12.45
-0.9107,2.8028,12.45
-1.1401,2.7524,12.45
-1.3404,2.6307,12.45
-1.546,2.5229,12.45
-1.7308,2.3823,12.45
-1.9338,2.2642,12.45
-2.1042,2.1042,12.45
-2.2282,1.9031,12.45
-2.4138,1.7537,12.45
-2.5292,1.5499,12.45
-2.6583,1.3545,12.45
-2.7254,-2.9465,12.45
-2.8176,-2.9769,12.45
-2.8874,-2.9946,12.45
-2.9032,-2.9591,12.45
-2.9577,-2.98,12.45
-2.9304,-2.9601,12.45
-2.9295,-2.9746,12.45
-2.9355,-2.9616,12.45
-2.8965,-2.9724,12.45
-2.8103,-2.996,12.45
-2.7446,-2.9712,12.45
-2.6528,-1.3517,12.45
-2.512,-1.5394,12.45
-2.3686,-1.7209,12.45
-2.2457,-1.918,12.45
-2.0704,-2.0704,12.45
-1.9165,-2.244,12.45
-1.7396,-2.3944,12.45
-1.5403,-2.5136,12.45
-1.3476,-2.6449,12.45
-1.1421,-2.7573,12.45
-0.9086,-2.7963,12.45
-0.6903,-2.8754,12.45
-0.464,-2.9297,12.45
-0.2333,-2.9641,12.45
-0.0,-2.964,12.45
0.2341,-2.975,12.45
0.458,-2.8918,12.45
0.6899,-2.8738,12.45
0.9224,-2.8387,12.45
1.1324,-2.734,12.45
1.3543,-2.658,12.45
1.552,-2.5326,12.45
1.7495,-2.4079,12.45
1.9201,-2.2481,12.45
2.0797,-2.0797,12.45
2.2513,-1.9228,12.45
2.4023,-1.7454,12.45
2.5158,-1.5417,12.45
2.6468,-1.3486,12.45
2.7362,-1.1334,12.45
2.8013,-0.9102,12.45
2.8942,-0.6948,12.45
2.9431,-0.4661,12.45
2.9533,-0.2324,12.45
2.9741,0.0,12.6
2.979,0.2345,12.6
2.9815,0.4722,12.6
2.9117,0.699,12.6
2.8172,0.9154,12.6
2.7527,1.1402,12.6
2.683,1.3671,12.6
2.5365,1.5543,12.6
2.4349,1.769,12.6
2.2697,1.9385,12.6
2.1146,2.1146,12.6
1.9531,2.2868,12.6
1.7567,2.4179,12.6
1.5483,2.5267,12.6
1.3609,2.6709,12.6
1.1522,2.7817,12.6
0.9202,2.8322,12.6
0.7021,2.9246,12.6
0.4647,2.9339,12.6
0.2359,2.9969,12.6
0.0,2.9671,12.6
-0.2353,2.9897,12.6
-0.4704,2.9697,12.6
-0.6922,2.8832,12.6
-0.929,2.8592,12.6
-1.1384,2.7483,12.6
-1.3522,2.6539,12.6
-1.5592,2.5444,12.6
-1.7428,2.3988,12.6
-1.9464,2.2789,12.6
-2.1108,2.1108,12.6
-2.2777,1.9454,12.6
-2.4177,1.7566,12.6
-2.5411,1.5572,12.6
-2.6902,1.3707,12.6
-2.7624,-2.9544,12.6
-2.8735,-2.9448,12.6
-2.9086,-2.9999,12.6
-2.9585,-2.9694,12.6
-2.9796,-2.9802,12.6
-2.9696,-2.9753,12.6
-2.9609,-2.9556,12.6
-2.9789,-2.9547,12.6
-2.8804,-2.9495,12.6
-2.8486,-2.9851,12.6
-2.7406,-2.962,12.6
-2.685,-1.3681,12.6
-2.5446,-1.5594,12.6
-2.3985,-1.7426,12.6
-2.2604,-1.9306,12.6
-2.1047,-2.1047,12.6
-1.9394,-2.2707,12.6
-1.7738,-2.4415,12.6
-1.5488,-2.5274,12.6
-1.3668,-2.6824,12.6
-1.1562,-2.7914,12.6
-0.9324,-2.8696,12.6
-0.7053,-2.9378,12.6
-0.4634,-2.9261,12.6
-0.2352,-2.9889,12.6
-0.0,-3.006,12.6
0.2348,-2.9835,12.6
0.4663,-2.944,12.6
0.6936,-2.8889,12.6
0.9285,-2.8576,12.6
1.1454,-2.7653,12.6
1.3685,-2.6858,12.6
1.5563,-2.5396,12.6
1.7681,-2.4335,12.6
1.9606,-2.2955,12.6
2.1013,-2.1013,12.6
2.2925,-1.958,12.6
2.4183,-1.757,12.6
2.5676,-1.5734,12.6
2.6711,-1.361,12.6
2.7661,-1.1457,12.6
2.8509,-0.9263,12.6
2.8865,-0.693,12.6
2.9284,-0.4638,12.6
2.9678,-0.2336,12.6
3.0572,0.0,12.75
3.0069,0.2367,12.75
3.0196,0.4783,12.75
2.9624,0.7112,12.75
2.8935,0.9402,12.75
2.7844,1.1533,12.75
2.6832,1.3672,12.75
2.5867,1.5851,12.75
2.4393,1.7722,12.75
2.3119,1.9745,12.75
2.1467,2.1467,12.75
1.979,2.3172,12.75
1.7927,2.4674,12.75
1.5912,2.5966,12.75
1.3797,2.7078,12.75
1.1508,2.7782,12.75
0.9388,2.8892,12.75
0.7126,2.9681,12.75
0.4711,2.9743,12.75
0.2398,3.0475,12.75
0.0,3.0432,12.75
-0.2362,3.0011,12.75
-0.4757,3.0035,12.75
-0.7062,2.9417,12.75
-0.9378,2.8863,12.75
-1.1668,2.8169,12.75
-1.3714,2.6916,12.75
-1.5686,2.5598,12.75
-1.787,2.4596,12.75
-1.9602,2.2951,12.75
-2.1237,2.1237,12.75
-2.3251,1.9858,12.75
-2.4432,1.7751,12.75
-2.5592,1.5683,12.75
-2.7267,1.3893,12.75
-2.8052,-2.966,12.75
-2.8727,-2.9615,12.75
-2.9746,-2.9558,12.75
-3.0054,-2.9755,12.75
-2.9932,-2.9891,12.75
-3.0435,-2.9684,12.75
-3.0178,-2.9743,12.75
-3.0021,-2.9598,12.75
-2.949,-2.97,12.75
-2.8701,-2.9691,12.75
-2.7864,-2.9451,12.75
-2.6925,-1.3719,12.75
-2.5853,-1.5843,12.75
-2.443,-1.775,12.75
-2.3056,-1.9691,12.75
-2.1401,-2.1401,12.75
-1.969,-2.3054,12.75
-1.787,-2.4596,12.75
-1.5963,-2.6049,12.75
-1.3807,-2.7097,12.75
-1.1575,-2.7944,12.75
-0.9437,-2.9045,12.75
-0.7042,-2.9332,12.75
-0.4788,-3.0227,12.75
-0.2362,-3.0018,12.75
-0.0,-3.0582,12.75
0.2358,-2.9955,12.75
0.4729,-2.9855,12.75
0.7135,-2.9718,12.75
0.9371,-2.884,12.75
1.1492,-2.7745,12.75
1.3725,-2.6937,12.75
1.5847,-2.586,12.75
1.7709,-2.4375,12.75
1.9729,-2.31,12.75
2.1236,-2.1236,12.75
2.2981,-1.9627,12.75
2.4746,-1.7979,12.75
2.5872,-1.5855,12.75
2.6976,-1.3745,12.75
2.7849,-1.1535,12.75
2.908,-0.9449,12.75
2.9387,-0.7055,12.75
3.008,-0.4764,12.75
3.0075,-0.2367,12.75
3.0069,0.0,12.9
3.0475,0.2398,12.9
2.9775,0.4716,12.9
2.9512,0.7085,12.9
2.9043,0.9437,12.9
2.8041,1.1615,12.9
2.7027,1.3771,12.9
2.6077,1.598,12.9
2.453,1.7822,12.9
2.311,1.9738,12.9
2.133,2.133,12.9
1.9796,2.3178,12.9
1.7712,2.4378,12.9
1.5966,2.6054,12.9
1.3869,2.7219,12.9
1.1678,2.8193,12.9
0.9357,2.8799,12.9
0.71,2.9573,12.9
0.471,2.9739,12.9
0.2385,3.0303,12.9
0.0,3.0618,12.9
-0.2363,3.0021,12.9
-0.4719,2.9796,12.9
-0.7018,2.9233,12.9
-0.9458,2.9109,12.9
-1.1702,2.825,12.9
-1.389,2.7261,12.9
-1.5748,2.5698,12.9
-1.8014,2.4794,12.9
-1.963,2.2984,12.9
-2.1559,2.1559,12.9
-2.2948,1.96,12.9
-2.4418,1.7741,12.9
-2.5968,1.5913,12.9
-2.7269,1.3894,12.9
-2.7906,-2.9634,12.9
-2.9017,-2.9779,12.9
-2.9536,-2.9602,12.9
-2.9954,-2.9813,12.9
-3.0236,-2.9724,12.9
-3.0303,-2.9615,12.9
-3.0016,-2.9981,12.9
-2.9806,-2.9452,12.9
-2.9399,-2.9487,12.9
-2.8687,-2.9871,12.9
-2.7775,-2.9771,12.9
-2.7248,-1.3884,12.9
-2.5684,-1.5739,12.9
-2.4581,-1.7859,12.9
-2.3263,-1.9868,12.9
-2.1456,-2.1456,12.9
-1.9599,-2.2947,12.9
-1.7836,-2.4549,12.9
-1.589,-2.593,12.9
-1.3792,-2.7069,12.9
-1.1606,-2.802,12.9
-0.9436,-2.9041,12.9
-0.7124,-2.9674,12.9
-0.4747,-2.997,12.9
-0.2376,-3.0192,12.9
-0.0,-3.0392,12.9
0.239,-3.0366,12.9
0.4776,-3.0157,12.9
0.7037,-2.9312,12.9
0.9463,-2.9124,12.9
1.1536,-2.7851,12.9
1.3828,-2.7139,12.9
1.5875,-2.5905,12.9
1.7694,-2.4354,12.9
1.9738,-2.311,12.9
2.1295,-2.1295,12.9
2.2983,-1.9629,12.9
2.4335,-1.768,12.9
2.5941,-1.5897,12.9
2.7078,-1.3797,12.9
2.792,-1.1565,12.9
2.8722,-0.9332,12.9
2.9574,-0.71,12.9
2.9698,-0.4704,12.9
3.0524,-0.2402,12.9
3.0107,0.0,13.05
2.9841,0.2349,13.05
2.9439,0.4663,13.05
2.8877,0.6933,13.05
2.8705,0.9327,13.05
2.7623,1.1442,13.05
2.6573,1.354,13.05
2.57,1.5749,13.05
2.4227,1.7602,13.05
2.2633,1.933,13.05
2.1387,2.1387,13.05
1.9389,2.2702,13.05
1.755,2.4155,13.05
1.5746,2.5695,13.05
1.3711,2.691,13.05
1.1541,2.7863,13.05
0.9304,2.8635,13.05
0.703,2.9282,13.05
0.4678,2.9534,13.05
0.2345,2.9792,13.05
0.0,3.0076,13.05
-0.2341,2.9747,13.05
-0.4659,2.9419,13.05
-0.6956,2.8975,13.05
-0.9196,2.8302,13.05
-1.1468,2.7685,13.05
-1.3507,2.651,13.05
-1.5609,2.5472,13.05
-1.7754,2.4436,13.05
-1.9315,2.2615,13.05
-2.1263,2.1263,13.05
-2.2611,1.9312,13.05
-2.4296,1.7652,13.05
-2.5553,1.5659,13.05
-2.6653,1.358,13.05
-2.7572,-2.9924,13.05
-2.8311,-2.969,13.05
-2.9248,-2.9866,13.05
-2.9631,-2.973,13.05
-2.978,-2.9649,13.05
-3.014,-2.9483,13.05
-2.9955,-2.9878,13.05
-2.9376,-2.9992,13.05
-2.9103,-2.9495,13.05
-2.8595,-2.9604,13.05
-2.7513,-2.9738,13.05
-2.6648,-1.3578,13.05
-2.5464,-1.5604,13.05
-2.4385,-1.7717,13.05
-2.2693,-1.9381,13.05
-2.1203,-2.1203,13.05
-1.9616,-2.2967,13.05
-1.7519,-2.4113,13.05
-1.5666,-2.5565,13.05
-1.3727,-2.6941,13.05
-1.1574,-2.7942,13.05
-0.9177,-2.8243,13.05
-0.6942,-2.8914,13.05
-0.4692,-2.9627,13.05
-0.2336,-2.9682,13.05
-0.0,-2.9869,13.05
0.2331,-2.9618,13.05
0.473,-2.9865,13.05
0.6955,-2.8969,13.05
0.9339,-2.8743,13.05
1.1418,-2.7565,13.05
1.3604,-2.67,13.05
1.5528,-2.534,13.05
1.7456,-2.4025,13.05
1.9306,-2.2605,13.05
2.1212,-2.1212,13.05
2.2724,-1.9408,13.05
2.4228,-1.7602,13.05
2.5619,-1.57,13.05
2.6826,-1.3669,13.05
2.7466,-1.1377,13.05
2.8396,-0.9226,13.05
2.9103,-0.6987,13.05
2.981,-0.4721,13.05
2.9807,-0.2346,13.05
2.9885,0.0,13.2
2.9599,0.233,13.2
2.9483,0.467,13.2
2.8963,0.6953,13.2
2.8416,0.9233,13.2
2.7648,1.1452,13.2
2.6498,1.3501,13.2
2.5484,1.5616,13.2
2.3941,1.7394,13.2
2.2597,1.93,13.2
2.1137,2.1137,13.2
1.9383,2.2694,13.2
1.7377,2.3918,13.2
1.5541,2.536,13.2
1.3514,2.6523,13.2
1.1411,2.7548,13.2
0.9197,2.8306,13.2
0.6956,2.8975,13.2
0.4673,2.9506,13.2
0.2327,2.9564,13.2
0.0,2.9776,13.2
-0.235,2.9862,13.2
-0.4615,2.9136,13.2
-0.6963,2.9003,13.2
-0.9229,2.8405,13.2
-1.1315,2.7318,13.2
-1.3442,2.6382,13.2
-1.5578,2.5421,13.2
-1.7636,2.4274,13.2
-1.9218,2.2502,13.2
-2.0936,2.0936,13.2
-2.2561,1.9269,13.2
-2.4007,1.7442,13.2
-2.5639,1.5711,13.2
-2.6646,1.3577,13.2
-2.7486,-2.9567,13.2
-2.8092,-2.9755,13.2
-2.8918,-2.9417,13.2
-2.9127,-2.9774,13.2
-2.963,-2.967,13.2
-2.9503,-2.9661,13.2
-2.9698,-2.9818,13.2
-2.9374,-2.9408,13.2
-2.8676,-2.9936,13.2
-2.8055,-2.9658,13.2
-2.7593,-2.9584,13.2
-2.6273,-1.3387,13.2
-2.5465,-1.5605,13.2
-2.397,-1.7415,13.2
-2.2527,-1.924,13.2
-2.1088,-2.1088,13.2
-1.9232,-2.2517,13.2
-1.753,-2.4128,13.2
-1.5483,-2.5265,13.2
-1.354,-2.6573,13.2
-1.1325,-2.734,13.2
-0.9269,-2.8526,13.2
-0.695,-2.895,13.2
-0.4657,-2.94,13.2
-0.2354,-2.9907,13.2
-0.0,-2.987,13.2
0.2313,-2.9385,13.2
0.4696,-2.9647,13.2
0.6969,-2.9027,13.2
0.9172,-2.823,13.2
1.1471,-2.7693,13.2
1.3405,-2.6309,13.2
1.5615,-2.5482,13.2
1.7571,-2.4185,13.2
1.9325,-2.2627,13.2
2.1179,-2.1179,13.2
2.2772,-1.9449,13.2
2.3882,-1.7352,13.2
2.5295,-1.5501,13.2
2.6647,-1.3577,13.2
2.7587,-1.1427,13.2
2.8126,-0.9139,13.2
2.8874,-0.6932,13.2
2.969,-0.4702,13.2
2.9667,-0.2335,13.2
2.9727,0.0,13.35
2.9875,0.2351,13.35
2.9283,0.4638,13.35
2.897,0.6955,13.35
2.8532,0.9271,13.35
2.7299,1.1308,13.35
2.6474,1.3489,13.35
2.5463,1.5604,13.35
2.4276,1.7637,13.35
2.2449,1.9174,13.35
2.1093,2.1093,13.35
1.9265,2.2556,13.35
1.7453,2.4022,13.35
1.5519,2.5324,13.35
1.3439,2.6375,13.35
1.1439,2.7616,13.35
0.915,2.816,13.35
0.6892,2.8707,13.35
0.4636,2.9273,13.35
0.2333,2.9647,13.35
0.0,2.9668,13.35
-0.2326,2.9554,13.35
-0.4701,2.968,13.35
-0.6919,2.8821,13.35
-0.9216,2.8364,13.35
-1.144,2.762,13.35
-1.3472,2.6441,13.35
-1.5482,2.5264,13.35
-1.7601,2.4226,13.35
-1.9348,2.2654,13.35
-2.0857,2.0857,13.35
-2.2513,1.9228,13.35
-2.3874,1.7345,13.35
-2.5364,1.5543,13.35
-2.6262,1.3381,13.35
-2.7557,-2.9656,13.35
-2.8458,-2.9582,13.35
-2.8984,-2.9681,13.35
-2.9249,-2.9678,13.35
-2.9433,-2.9935,13.35
-2.9822,-2.9438,13.35
-2.961,-2.9401,13.35
-2.9195,-2.9657,13.35
-2.8659,-2.9945,13.35
-2.8242,-2.9997,13.35
-2.7637,-2.9457,13.35
-2.6445,-1.3475,13.35
-2.5484,-1.5617,13.35
-2.4169,-1.756,13.35
-2.2415,-1.9145,13.35
-2.0906,-2.0906,13.35
-1.9163,-2.2437,13.35
-1.7585,-2.4204,13.35
-1.5481,-2.5263,13.35
-1.3459,-2.6415,13.35
-1.1362,-2.743,13.35
-0.9158,-2.8186,13.35
-0.6952,-2.8957,13.35
-0.4686,-2.9584,13.35
-0.2335,-2.9669,13.35
-0.0,-2.9769,13.35
0.2321,-2.9488,13.35
0.4649,-2.9352,13.35
0.6974,-2.905,13.35
0.9178,-2.8248,13.35
1.1375,-2.7462,13.35
1.3423,-2.6344,13.35
1.5543,-2.5364,13.35
1.7553,-2.416,13.35
1.916,-2.2434,13.35
2.1203,-2.1203,13.35
2.2651,-1.9345,13.35
2.4231,-1.7605,13.35
2.5132,-1.5401,13.35
2.6549,-1.3527,13.35
2.7553,-1.1413,13.35
2.8302,-0.9196,13.35
2.9151,-0.6998,13.35
2.9465,-0.4667,13.35
2.9412,-0.2315,13.35
2.9911,0.0,13.5
2.9786,0.2344,13.5
2.9659,0.4697,13.5
2.928,0.7029,13.5
2.8111,0.9134,13.5
2.7295,1.1306,13.5
2.6519,1.3512,13.5
2.545,1.5596,13.5
2.4101,1.751,13.5
2.2612,1.9312,13.5
2.114,2.114,13.5
1.947,2.2796,13.5
1.7565,2.4177,13.5
1.5514,2.5316,13.5
1.3547,2.6588,13.5
1.1474,2.77,13.5
0.9249,2.8467,13.5
0.6933,2.8876,13.5
0.4625,2.9203,13.5
0.2344,2.9789,13.5
0.0,3.0123,13.5
-0.233,2.9609,13.5
-0.4637,2.9276,13.5
-0.6979,2.9068,13.5
-0.9133,2.8109,13.5
-1.1486,2.7729,13.5
-1.346,2.6417,13.5
-1.5676,2.5581,13.5
-1.7492,2.4076,13.5
-1.9517,2.2852,13.5
-2.0979,2.0979,13.5
-2.2902,1.956,13.5
-2.4034,1.7462,13.5
-2.5536,1.5648,13.5
-2.6595,1.3551,13.5
-2.7844,-2.9589,13.5
-2.8258,-2.9882,13.5
-2.9288,-2.9883,13.5
-2.9312,-2.9978,13.5
-2.9825,-2.9606,13.5
-3.0094,-2.9481,13.5
-3.0001,-2.988,13.5
-2.9344,-2.9491,13.5
-2.9278,-2.976,13.5
-2.812,-2.9666,13.5
-2.7348,-2.9814,13.5
-2.642,-1.3462,13.5
-2.5434,-1.5586,13.5
-2.4103,-1.7512,13.5
-2.2802,-1.9475,13.5
-2.0999,-2.0999,13.5
-1.9326,-2.2627,13.5
-1.741,-2.3963,13.5
-1.565,-2.5538,13.5
-1.3427,-2.6353,13.5
-1.138,-2.7475,13.5
-0.914,-2.8131,13.5
-0.693,-2.8866,13.5
-0.4636,-2.9272,13.5
-0.236,-2.9982,13.5
-0.0,-2.9933,13.5
0.2348,-2.9838,13.5
0.4673,-2.9502,13.5
0.6967,-2.9019,13.5
0.9179,-2.8251,13.5
1.1397,-2.7515,13.5
1.3519,-2.6532,13.5
1.5691,-2.5605,13.5
1.7448,-2.4016,13.5
1.9574,-2.2918,13.5
2.0961,-2.0961,13.5
2.2891,-1.9551,13.5
2.4364,-1.7701,13.5
2.5326,-1.552,13.5
2.6435,-1.3469,13.5
2.7448,-1.1369,13.5
2.8491,-0.9257,13.5
2.8933,-0.6946,13.5
2.9425,-0.466,13.5
2.9538,-0.2325,13.5
2.9891,0.0,13.65
2.956,0.2326,13.65
2.9182,0.4622,13.65
2.9038,0.6971,13.65
2.8519,0.9266,13.65
2.7523,1.14,13.65
2.6491,1.3498,13.65
2.5307,1.5508,13.65
2.3836,1.7318,13.65
2.2455,1.9178,13.65
2.1087,2.1087,13.65
1.9413,2.273,13.65
1.7607,2.4233,13.65
1.5654,2.5544,13.65
1.3455,2.6407,13.65
1.1459,2.7665,13.65
0.914,2.8131,13.65
0.6942,2.8914,13.65
0.4644,2.9322,13.65
0.2349,2.9848,13.65
0.0,2.9884,13.65
-0.2346,2.9806,13.65
-0.4684,2.9572,13.65
-0.6998,2.915,13.65
-0.9175,2.8236,13.65
-1.1495,2.7751,13.65
-1.3521,2.6536,13.65
-1.5395,2.5122,13.65
-1.7339,2.3865,13.65
-1.9182,2.2459,13.65
-2.0862,2.0862,13.65
-2.2744,1.9426,13.65
-2.421,1.759,13.65
-2.5612,1.5695,13.65
-2.6623,1.3565,13.65
-2.7759,-2.9446,13.65
-2.8485,-2.9408,13.65
-2.8942,-2.9687,13.65
-2.9503,-2.9488,13.65
-2.985,-2.9447,13.65
-2.9863,-2.9621,13.65
-2.9691,-2.9728,13.65
-2.9113,-2.945,13.65
-2.8798,-2.9915,13.65
-2.8117,-2.9497,13.65
-2.7403,-2.981,13.65
-2.6405,-1.3454,13.65
-2.542,-1.5578,13.65
-2.3954,-1.7404,13.65
-2.2655,-1.9349,13.65
-2.0828,-2.0828,13.65
-1.9262,-2.2553,13.65
-1.7533,-2.4132,13.65
-1.5466,-2.5238,13.65
-1.3409,-2.6316,13.65
-1.1454,-2.7653,13.65
-0.9174,-2.8234,13.65
-0.6924,-2.8842,13.65
-0.4655,-2.9391,13.65
-0.2341,-2.9748,13.65
-0.0,-2.9486,13.65
0.2354,-2.991,13.65
0.4654,-2.9385,13.65
0.6933,-2.8879,13.65
0.9107,-2.8028,13.65
1.1427,-2.7588,13.65
1.3391,-2.6282,13.65
1.5411,-2.5149,13.65
1.7614,-2.4244,13.65
1.948,-2.2808,13.65
2.1016,-2.1016,13.65
2.2825,-1.9494,13.65
2.4232,-1.7605,13.65
2.5284,-1.5494,13.65
2.6504,-1.3505,13.65
2.7517,-1.1398,13.65
2.8431,-0.9238,13.65
2.8812,-0.6917,13.65
2.9288,-0.4639,13.65
2.9792,-0.2345,13.65
2.9745,0.0,13.8
2.9862,0.235,13.8
2.9458,0.4666,13.8
2.904,0.6972,13.8
2.8385,0.9223,13.8
2.7847,1.1535,13.8
2.6737,1.3623,13.8
2.5674,1.5733,13.8
2.4098,1.7508,13.8
2.2667,1.9359,13.8
2.1277,2.1277,13.8
1.9369,2.2678,13.8
1.7689,2.4346,13.8
1.5571,2.541,13.8
1.3506,2.6507,13.8
1.1553,2.7892,13.8
0.9224,2.8387,13.8
0.6976,2.9058,13.8
0.4642,2.931,13.8
0.2351,2.9873,13.8
0.0,3.0044,13.8
-0.2333,2.9642,13.8
-0.4691,2.962,13.8
-0.6949,2.8943,13.8
-0.92,2.8315,13.8
-1.1465,2.7678,13.8
-1.367,2.6829,13.8
-1.5512,2.5313,13.8
-1.7733,2.4408,13.8
-1.937,2.268,13.8
-2.1297,2.1297,13.8
-2.2771,1.9448,13.8
-2.3998,1.7436,13.8
-2.5495,1.5624,13.8
-2.6559,1.3532,13.8
-2.7443,-2.9898,13.8
-2.8503,-2.9536,13.8
-2.9267,-2.9791,13.8
-2.9883,-2.9499,13.8
-2.9909,-2.9761,13.8
-3.0206,-2.9802,13.8
-2.9741,-2.9834,13.8
-2.9363,-2.9531,13.8
-2.89,-2.975,13.8
-2.8493,-2.9998,13.8
-2.7899,-2.9734,13.8
-2.6831,-1.3671,13.8
-2.538,-1.5553,13.8
-2.4175,-1.7564,13.8
-2.2614,-1.9314,13.8
-2.1088,-2.1088,13.8
-1.9411,-2.2728,13.8
-1.7652,-2.4296,13.8
-1.5635,-2.5513,13.8
-1.3535,-2.6563,13.8
-1.1437,-2.7612,13.8
-0.9314,-2.8665,13.8
-0.7061,-2.941,13.8
-0.4717,-2.9783,13.8
-0.2343,-2.9777,13.8
-0.0,-2.9878,13.8
0.2354,-2.9905,13.8
0.468,-2.9546,13.8
0.7014,-2.9216,13.8
0.9343,-2.8756,13.8
1.1471,-2.7694,13.8
1.3676,-2.6842,13.8
1.5646,-2.5532,13.8
1.7488,-2.407,13.8
1.9387,-2.2699,13.8
2.1018,-2.1018,13.8
2.2968,-1.9616,13.8
2.4249,-1.7618,13.8
2.5425,-1.558,13.8
2.6543,-1.3524,13.8
2.7526,-1.1402,13.8
2.8611,-0.9296,13.8
2.8873,-0.6932,13.8
2.9442,-0.4663,13.8
2.9686,-0.2336,13.8
3.0028,0.0,13.95
3.013,0.2371,13.95
2.9498,0.4672,13.95
2.9213,0.7013,13.95
2.841,0.9231,13.95
2.7918,1.1564,13.95
2.6836,1.3674,13.95
2.5461,1.5602,13.95
2.3991,1.743,13.95
2.2924,1.9579,13.95
2.0953,2.0953,13.95
1.9434,2.2754,13.95
1.7436,2.3998,13.95
1.566,2.5556,13.95
1.3678,2.6845,13.95
1.1356,2.7415,13.95
0.9261,2.8503,13.95
0.6929,2.8862,13.95
0.4647,2.934,13.95
0.2355,2.9919,13.95
0.0,2.9739,13.95
-0.2356,2.994,13.95
-0.4636,2.927,13.95
-0.7056,2.939,13.95
-0.9273,2.8539,13.95
-1.1504,2.7774,13.95
-1.366,2.681,13.95
-1.5754,2.5708,13.95
-1.753,2.4127,13.95
-1.925,2.2539,13.95
-2.113,2.113,13.95
-2.2584,1.9289,13.95
-2.4083,1.7498,13.95
-2.5701,1.575,13.95
-2.6582,1.3544,13.95
-2.7424,-2.9493,13.95
-2.8718,-2.9818,13.95
-2.9281,-2.978,13.95
-2.9362,-2.9968,13.95
-3.0066,-2.9854,13.95
-2.9766,-2.9839,13.95
-3.0098,-2.9437,13.95
-2.9692,-2.9771,13.95
-2.8824,-2.9682,13.95
-2.8604,-2.9593,13.95
-2.7751,-2.9738,13.95
-2.6813,-1.3662,13.95
-2.5457,-1.56,13.95
-2.4251,-1.7619,13.95
-2.2837,-1.9505,13.95
-2.1097,-2.1097,13.95
-1.9451,-2.2774,13.95
-1.7597,-2.422,13.95
-1.5535,-2.535,13.95
-1.346,-2.6417,13.95
-1.1408,-2.7541,13.95
-0.9312,-2.8658,13.95
-0.7024,-2.9255,13.95
-0.4661,-2.9427,13.95
-0.2352,-2.9879,13.95
-0.0,-3.0193,13.95
0.2336,-2.9686,13.95
0.464,-2.9294,13.95
0.7048,-2.9359,13.95
0.9252,-2.8473,13.95
1.1537,-2.7853,13.95
1.3689,-2.6867,13.95
1.5763,-2.5723,13.95
1.7709,-2.4375,13.95
1.9462,-2.2787,13.95
2.1354,-2.1354,13.95
2.2904,-1.9562,13.95
2.4289,-1.7647,13.95
2.5441,-1.559,13.95
2.6912,-1.3712,13.95
2.7745,-1.1492,13.95
2.8742,-0.9339,13.95
2.8822,-0.692,13.95
2.9779,-0.4716,13.95
2.9925,-0.2355,13.95
2.9597,0.0,14.1
2.9373,0.2312,14.1
2.8979,0.459,14.1
2.8971,0.6955,14.1
2.8372,0.9219,14.1
2.7085,1.1219,14.1
2.6235,1.3368,14.1
2.5335,1.5525,14.1
2.404,1.7466,14.1
2.2713,1.9399,14.1
2.1064,2.1064,14.1
1.9196,2.2476,14.1
1.7467,2.4041,14.1
1.5466,2.5238,14.1
1.3505,2.6505,14.1
1.1251,2.7162,14.1
0.9144,2.8142,14.1
0.6943,2.8919,14.1
0.4634,2.9259,14.1
0.2327,2.9572,14.1
0.0,2.9848,14.1
-0.2303,2.9266,14.1
-0.4619,2.916,14.1
-0.6868,2.8607,14.1
-0.9229,2.8404,14.1
-1.1254,2.717,14.1
-1.3465,2.6427,14.1
-1.5411,2.5148,14.1
-1.7326,2.3847,14.1
-1.9308,2.2606,14.1
-2.1035,2.1035,14.1
-2.255,1.9259,14.1
-2.4127,1.7529,14.1
-2.5359,1.554,14.1
-2.656,1.3533,14.1
-2.7093,-2.9447,14.1
-2.8324,-2.9711,14.1
-2.8733,-2.9813,14.1
-2.9533,-2.9891,14.1
-2.9454,-2.9596,14.1
-2.9394,-2.9564,14.1
-2.935,-2.9545,14.1
-2.9219,-2.9726,14.1
-2.8632,-2.9599,14.1
-2.8051,-2.9734,14.1
-2.7184,-2.9581,14.1
-2.6566,-1.3536,14.1
-2.5327,-1.552,14.1
-2.4163,-1.7556,14.1
-2.2718,-1.9403,14.1
-2.0948,-2.0948,14.1
-1.9138,-2.2408,14.1
-1.7423,-2.398,14.1
-1.5483,-2.5265,14.1
-1.3358,-2.6217,14.1
-1.138,-2.7473,14.1
-0.9077,-2.7937,14.1
-0.6872,-2.8626,14.1
-0.4646,-2.9334,14.1
-0.2331,-2.9624,14.1
-0.0,-2.9637,14.1
0.2334,-2.9662,14.1
0.4644,-2.932,14.1
0.6973,-2.9043,14.1
0.9112,-2.8044,14.1
1.1328,-2.7348,14.1
1.3457,-2.6411,14.1
1.5382,-2.5101,14.1
1.7361,-2.3895,14.1
1.906,-2.2316,14.1
2.0937,-2.0937,14.1
2.2476,-1.9196,14.1
2.4003,-1.7439,14.1
2.5106,-1.5385,14.1
2.6486,-1.3495,14.1
2.7373,-1.1338,14.1
2.7942,-0.9079,14.1
2.8929,-0.6945,14.1
2.9465,-0.4667,14.1
2.9784,-0.2344,14.1
2.9618,0.0,14.25
2.945,0.2318,14.25
2.94,0.4656,14.25
2.9079,0.6981,14.25
2.8583,0.9287,14.25
2.7344,1.1326,14.25
2.6586,1.3546,14.25
2.5513,1.5634,14.25
2.4073,1.749,14.25
2.2844,1.951,14.25
2.1086,2.1086,14.25
1.9192,2.247,14.25
1.7523,2.4118,14.25
1.5643,2.5527,14.25
1.3602,2.6696,14.25
1.1441,2.7621,14.25
0.9117,2.8058,14.25
0.689,2.8698,14.25
0.4692,2.9623,14.25
0.2341,2.975,14.25
0.0,3.0006,14.25
-0.2324,2.9527,14.25
-0.4695,2.9646,14.25
-0.7022,2.9248,14.25
-0.924,2.8436,14.25
-1.1325,2.7342,14.25
-1.3632,2.6754,14.25
-1.56,2.5457,14.25
-1.753,2.4128,14.25
-1.9448,2.2771,14.25
-2.0992,2.0992,14.25
-2.2871,1.9534,14.25
-2.414,1.7539,14.25
-2.5373,1.5549,14.25
-2.6452,1.3478,14.25
-2.7352,-2.9657,14.25
-2.8572,-2.9752,14.25
-2.9098,-2.9674,14.25
-2.9265,-2.9819,14.25
-2.9922,-2.9414,14.25
-2.9947,-2.9715,14.25
-2.9889,-2.9594,14.25
-2.9585,-2.9526,14.25
-2.8837,-2.958,14.25
-2.8539,-2.9896,14.25
-2.7777,-2.964,14.25
-2.6338,-1.342,14.25
-2.5394,-1.5561,14.25
-2.4097,-1.7508,14.25
-2.2532,-1.9244,14.25
-2.1224,-2.1224,14.25
-1.9519,-2.2854,14.25
-1.7607,-2.4234,14.25
-1.5592,-2.5443,14.25
-1.3522,-2.6538,14.25
-1.1427,-2.7588,14.25
-0.9268,-2.8523,14.25
-0.6968,-2.9024,14.25
-0.4678,-2.9534,14.25
-0.2321,-2.949,14.25
-0.0,-2.9507,14.25
0.2316,-2.9428,14.25
0.4646,-2.9333,14.25
0.6891,-2.8702,14.25
0.9268,-2.8525,14.25
1.1425,-2.7582,14.25
1.3607,-2.6706,14.25
1.5646,-2.5532,14.25
1.7629,-2.4264,14.25
1.9212,-2.2495,14.25
2.1178,-2.1178,14.25
2.2483,-1.9202,14.25
2.4097,-1.7507,14.25
2.5619,-1.5699,14.25
2.6368,-1.3435,14.25
2.7731,-1.1487,14.25
2.8605,-0.9294,14.25
2.8812,-0.6917,14.25
2.9363,-0.4651,14.25
2.9494,-0.2321,14.25
3.0419,0.0,14.4
3.0191,0.2376,14.4
3.0071,0.4763,14.4
2.9352,0.7047,14.4
2.8809,0.9361,14.4
2.8208,1.1684,14.4
2.6691,1.3599,14.4
2.5782,1.5799,14.4
2.4558,1.7842,14.4
2.306,1.9695,14.4
2.1287,2.1287,14.4
1.9683,2.3045,14.4
1.7774,2.4464,14.4
1.5659,2.5553,14.4
1.367,2.6828,14.4
1.1671,2.8177,14.4
0.9359,2.8804,14.4
0.7042,2.933,14.4
0.4723,2.9818,14.4
0.2365,3.0047,14.4
0.0,3.0483,14.4
-0.2388,3.034,14.4
-0.4728,2.9851,14.4
-0.7131,2.9704,14.4
-0.9315,2.8668,14.4
-1.1499,2.7761,14.4
-1.3848,2.7179,14.4
-1.5678,2.5584,14.4
-1.7924,2.4671,14.4
-1.9694,2.3059,14.4
-2.1561,2.1561,14.4
-2.3006,1.9649,14.4
-2.4318,1.7668,14.4
-2.5743,1.5775,14.4
-2.7179,1.3848,14.4
-2.8164,-2.9835,14.4
-2.8719,-2.9955,14.4
-2.9235,-2.9411,14.4
-3.0165,-2.9512,14.4
-3.0005,-2.9707,14.4
-2.9978,-2.9659,14.4
-3.0345,-2.971,14.4
-3.0112,-2.9467,14.4
-2.9528,-2.9563,14.4
-2.8937,-2.9918,14.4
-2.8051,-2.968,14.4
-2.6687,-1.3598,14.4
-2.5947,-1.59,14.4
-2.4622,-1.7889,14.4
-2.3115,-1.9742,14.4
-2.1535,-2.1535,14.4
-1.9765,-2.3142,14.4
-1.772,-2.4389,14.4
-1.5842,-2.5852,14.4
-1.3647,-2.6783,14.4
-1.1628,-2.8073,14.4
-0.9272,-2.8536,14.4
-0.7034,-2.93,14.4
-0.4702,-2.969,14.4
-0.2355,-2.9925,14.4
-0.0,-3.0401,14.4
0.2365,-3.0052,14.4
0.4688,-2.9597,14.4
0.7007,-2.9188,14.4
0.9291,-2.8594,14.4
1.152,-2.7813,14.4
1.3626,-2.6742,14.4
1.5938,-2.6008,14.4
1.787,-2.4596,14.4
1.9713,-2.3081,14.4
2.1337,-2.1337,14.4
2.3217,-1.9829,14.4
2.4338,-1.7683,14.4
2.5832,-1.583,14.4
2.7114,-1.3815,14.4
2.8007,-1.1601,14.4
2.8588,-0.9289,14.4
2.9441,-0.7068,14.4
2.9805,-0.4721,14.4
3.0157,-0.2373,14.4
2.9563,0.0,14.55
2.9691,0.2337,14.55
2.937,0.4652,14.55
2.8861,0.6929,14.55
2.8173,0.9154,14.55
2.7516,1.1398,14.55
2.633,1.3416,14.55
2.5037,1.5343,14.55
2.3969,1.7415,14.55
2.2258,1.901,14.55
2.0703,2.0703,14.55
1.9166,2.244,14.55
1.752,2.4114,14.55
1.5476,2.5255,14.55
1.3398,2.6296,14.55
1.1209,2.7061,14.55
0.9164,2.8205,14.55
0.6892,2.8706,14.55
0.4634,2.9257,14.55
0.2315,2.9415,14.55
0.0,2.9465,14.55
-0.2323,2.9515,14.55
-0.463,2.9233,14.55
-0.6882,2.8665,14.55
-0.9158,2.8185,14.55
-1.1313,2.7312,14.55
-1.3297,2.6097,14.55
-1.5337,2.5028,14.55
-1.7217,2.3698,14.55
-1.9218,2.2502,14.55
-2.1045,2.1045,14.55
-2.2246,1.9,14.55
-2.3852,1.733,14.55
-2.4967,1.53,14.55
-2.6255,1.3377,14.55
-2.7484,-2.9541,14.55
-2.7801,-2.9837,14.55
-2.8631,-2.9762,14.55
-2.9146,-2.9792,14.55
-2.9511,-2.981,14.55
-2.973,-2.9432,14.55
-2.9601,-2.9943,14.55
-2.8891,-2.9886,14.55
-2.8584,-2.9464,14.55
-2.7925,-2.9933,14.55
-2.7017,-2.9998,14.55
-2.6212,-1.3356,14.55
-2.5173,-1.5426,14.55
-2.4026,-1.7456,14.55
-2.2267,-1.9018,14.55
-2.1044,-2.1044,14.55
-1.9036,-2.2289,14.55
-1.7383,-2.3925,14.55
-1.5284,-2.4941,14.55
-1.3302,-2.6107,14.55
-1.1262,-2.7188,14.55
-0.914,-2.8129,14.55
-0.6927,-2.8853,14.55
-0.4581,-2.8922,14.55
-0.2309,-2.934,14.55
-0.0,-2.9533,14.55
0.2327,-2.9565,14.55
0.466,-2.942,14.55
0.6913,-2.8795,14.55
0.9072,-2.7922,14.55
1.126,-2.7185,14.55
1.3493,-2.6482,14.55
1.536,-2.5066,14.55
1.7281,-2.3786,14.55
1.9321,-2.2622,14.55
2.1068,-2.1068,14.55
2.266,-1.9353,14.55
2.4033,-1.7461,14.55
2.4957,-1.5294,14.55
2.6551,-1.3529,14.55
2.7392,-1.1346,14.55
2.8336,-0.9207,14.55
2.8442,-0.6828,14.55
2.9259,-0.4634,14.55
2.9624,-0.2331,14.55
2.9812,0.0,14.7
2.979,0.2344,14.7
2.969,0.4702,14.7
2.8668,0.6882,14.7
2.8393,0.9226,14.7
2.7375,1.1339,14.7
2.6557,1.3532,14.7
2.5508,1.5631,14.7
2.3956,1.7405,14.7
2.2718,1.9403,14.7
2.1079,2.1079,14.7
1.9178,2.2454,14.7
1.7594,2.4217,14.7
1.5474,2.5252,14.7
1.3399,2.6297,14.7
1.1362,2.7429,14.7
0.9122,2.8076,14.7
0.6887,2.8688,14.7
0.4641,2.9304,14.7
0.2316,2.943,14.7
0.0,3.0015,14.7
-0.2327,2.9565,14.7
-0.4652,2.9375,14.7
-0.6948,2.8942,14.7
-0.9227,2.8398,14.7
-1.1432,2.76,14.7
-1.3596,2.6684,14.7
-1.5533,2.5347,14.7
-1.7636,2.4274,14.7
-1.938,2.2691,14.7
-2.1083,2.1083,14.7
-2.2825,1.9494,14.7
-2.4084,1.7498,14.7
-2.5175,1.5427,14.7
-2.6622,1.3564,14.7
-2.7537,-2.9962,14.7
-2.8368,-2.9571,14.7
-2.8819,-2.9833,14.7
-2.9246,-2.9475,14.7
-2.9478,-2.9572,14.7
-2.9508,-2.9785,14.7
-2.9476,-2.9899,14.7
-2.9442,-2.9942,14.7
-2.9143,-2.9881,14.7
-2.8056,-2.9558,14.7
-2.7245,-2.9799,14.7
-2.6306,-1.3403,14.7
-2.5621,-1.5701,14.7
-2.3858,-1.7334,14.7
-2.2564,-1.9271,14.7
-2.1102,-2.1102,14.7
-1.9305,-2.2604,14.7
-1.7451,-2.4019,14.7
-1.5523,-2.5332,14.7
-1.3448,-2.6393,14.7
-1.1442,-2.7624,14.7
-0.9131,-2.8101,14.7
-0.6923,-2.8835,14.7
-0.4702,-2.9687,14.7
-0.2339,-2.9718,14.7
-0.0,-2.9789,14.7
0.2319,-2.9468,14.7
0.4626,-2.9206,14.7
0.6972,-2.9039,14.7
0.9245,-2.8454,14.7
1.133,-2.7353,14.7
1.3616,-2.6722,14.7
1.5702,-2.5623,14.7
1.7613,-2.4242,14.7
1.9463,-2.2788,14.7
2.1027,-2.1027,14.7
2.2781,-1.9457,14.7
2.3841,-1.7322,14.7
2.5323,-1.5518,14.7
2.6323,-1.3412,14.7
2.7579,-1.1424,14.7
2.8102,-0.9131,14.7
2.8717,-0.6894,14.7
2.9607,-0.4689,14.7
2.9439,-0.2317,14.7
3.0272,0.0,14.85
3.0173,0.2375,14.85
2.9861,0.473,14.85
2.98,0.7154,14.85
2.8824,0.9365,14.85
2.8018,1.1605,14.85
2.686,1.3686,14.85
2.5885,1.5862,14.85
2.4731,1.7968,14.85
2.3277,1.9881,14.85
2.143,2.143,14.85
1.9635,2.2989,14.85
1.7734,2.4409,14.85
1.599,2.6094,14.85
1.3738,2.6963,14.85
1.1625,2.8065,14.85
0.9307,2.8643,14.85
0.7127,2.9687,14.85
0.4782,3.0189,14.85
0.2361,2.9999,14.85
0.0,3.0339,14.85
-0.2384,3.0291,14.85
-0.4717,2.9781,14.85
-0.7152,2.9791,14.85
-0.9418,2.8986,14.85
-1.153,2.7836,14.85
-1.3784,2.7052,14.85
-1.5892,2.5934,14.85
-1.791,2.4651,14.85
-1.9858,2.3251,14.85
-2.1676,2.1676,14.85
-2.3077,1.971,14.85
-2.4794,1.8014,14.85
-2.5656,1.5722,14.85
-2.7121,1.3819,14.85
-2.8151,-2.9845,14.85
-2.8911,-2.9525,14.85
-2.9241,-2.9917,14.85
-3.0228,-2.9929,14.85
-3.0528,-2.9667,14.85
-3.0284,-2.979,14.85
-3.0389,-2.9913,14.85
-3.0093,-2.9525,14.85
-2.9593,-2.9639,14.85
-2.894,-2.9481,14.85
-2.8077,-2.9426,14.85
-2.7194,-1.3856,14.85
-2.599,-1.5927,14.85
-2.4492,-1.7795,14.85
-2.2895,-1.9554,14.85
-2.1315,-2.1315,14.85
-1.9901,-2.3301,14.85
-1.7988,-2.4759,14.85
-1.5984,-2.6084,14.85
-1.3788,-2.706,14.85
-1.1645,-2.8115,14.85
-0.9411,-2.8963,14.85
-0.7099,-2.9569,14.85
-0.4734,-2.9889,14.85
-0.2377,-3.0205,14.85
-0.0,-3.012,14.85
0.2392,-3.039,14.85
0.4779,-3.0172,14.85
0.7109,-2.9611,14.85
0.937,-2.8838,14.85
1.1697,-2.824,14.85
1.3912,-2.7304,14.85
1.5918,-2.5976,14.85
1.7873,-2.46,14.85
1.9599,-2.2948,14.85
2.1631,-2.1631,14.85
2.3276,-1.988,14.85
2.4798,-1.8017,14.85
2.5983,-1.5923,14.85
2.7125,-1.3821,14.85
2.8085,-1.1633,14.85
2.9128,-0.9464,14.85
2.943,-0.7066,14.85
3.001,-0.4753,14.85
3.0306,-0.2385,14.85
2.9871,0.0,15.0
2.9856,0.235,15.0
2.9823,0.4723,15.0
2.921,0.7013,15.0
2.8659,0.9312,15.0
2.803,1.161,15.0
2.6648,1.3578,15.0
2.5658,1.5723,15.0
2.4299,1.7654,15.0
2.2681,1.9372,15.0
2.1463,2.1463,15.0
1.952,2.2855,15.0
1.7739,2.4416,15.0
1.5803,2.5788,15.0
1.3669,2.6827,15.0
1.1445,2.7631,15.0
0.9337,2.8737,15.0
0.7077,2.9476,15.0
0.4686,2.9589,15.0
0.2348,2.9837,15.0
0.0,3.0251,15.0
-0.2383,3.0285,15.0
-0.4671,2.9491,15.0
-0.698,2.9073,15.0
-0.9342,2.8753,15.0
-1.1412,2.7551,15.0
-1.3721,2.6928,15.0
-1.5673,2.5576,15.0
-1.7782,2.4475,15.0
-1.9709,2.3077,15.0
-2.1227,2.1227,15.0
-2.2797,1.9471,15.0
-2.4268,1.7632,15.0
-2.5669,1.573,15.0
-2.6543,1.3524,15.0
-2.8058,-2.9882,15.0
-2.8706,-2.9943,15.0
-2.9273,-2.9627,15.0
-2.9798,-2.949,15.0
-3.0239,-2.9616,15.0
-2.9947,-2.9876,15.0
-3.0179,-2.9805,15.0
-2.9591,-2.9539,15.0
-2.9169,-2.94,15.0
-2.8604,-2.9986,15.0
-2.7912,-2.9904,15.0
-2.6869,-1.3691,15.0
-2.5608,-1.5692,15.0
-2.4531,-1.7823,15.0
-2.3089,-1.972,15.0
-2.1293,-2.1293,15.0
-1.9506,-2.2839,15.0
-1.7837,-2.4551,15.0
-1.5774,-2.574,15.0
-1.3621,-2.6733,15.0
-1.1473,-2.7697,15.0
-0.9221,-2.838,15.0
-0.7031,-2.9284,15.0
-0.4745,-2.9957,15.0
-0.2374,-3.017,15.0
-0.0,-2.9985,15.0
0.2384,-3.0289,15.0
0.4707,-2.9719,15.0
0.6969,-2.9029,15.0
0.9272,-2.8537,15.0
1.1618,-2.8048,15.0
1.3538,-2.657,15.0
1.5742,-2.5688,15.0
1.7812,-2.4516,15.0
1.9505,-2.2838,15.0
2.1406,-2.1406,15.0
2.2753,-1.9433,15.0
2.4174,-1.7563,15.0
2.5467,-1.5606,15.0
2.6721,-1.3615,15.0
2.7672,-1.1462,15.0
2.8854,-0.9375,15.0
2.9283,-0.703,15.0
2.994,-0.4742,15.0
2.9737,-0.234,15.0
4.6699,0.0,15.15
4.6209,0.3637,15.15
4.6062,0.7296,15.15
4.5223,1.0857,15.15
4.449,1.4456,15.15
4.2772,1.7717,15.15
4.1389,2.1089,15.15
3.9824,2.4404,15.15
3.7854,2.7502,15.15
3.5438,3.0267,15.15
3.2801,3.2801,15.15
3.0181,3.5337,15.15
2.7431,3.7756,15.15
2.4253,3.9577,15.15
2.1044,4.1301,15.15
1.7723,4.2788,15.15
1.4317,4.4063,15.15
1.0799,4.4981,15.15
0.7271,4.5908,15.15
0.364,4.625,15.15
0.0,4.6633,15.15
-0.3635,4.6182,15.15
-0.7232,4.5661,15.15
-1.0789,4.494,15.15
-1.4298,4.4006,15.15
-1.7808,4.2992,15.15
-2.0983,4.1182,15.15
-2.4256,3.9582,15.15
-2.725,3.7507,15.15
-3.0146,3.5296,15.15
-3.2789,3.2789,15.15
-3.5581,3.0389,15.15
-3.7481,2.7231,15.15
-3.9456,2.4179,15.15
-4.1462,2.1126,15.15
-4.2999,-2.9401,15.15
-4.4148,-2.9609,15.15
-4.5488,-2.9854,15.15
-4.5725,-2.9795,15.15
-4.6187,-2.9739,15.15
-4.6239,-2.9503,15.15
-4.6221,-2.9973,15.15
-4.5916,-2.9834,15.15
-4.5339,-2.9605,15.15
-4.4427,-2.9847,15.15
-4.3151,-2.9456,15.15
-4.1524,-2.1157,15.15
-3.9464,-2.4183,15.15
-3.7524,-2.7263,15.15
-3.5466,-3.0291,15.15
-3.29,-3.29,15.15
-3.0051,-3.5185,15.15
-2.7347,-3.764,15.15
-2.4209,-3.9506,15.15
-2.1006,-4.1226,15.15
-1.7828,-4.3041,15.15
-1.4394,-4.4301,15.15
-1.0848,-4.5185,15.15
-0.7311,-4.6161,15.15
-0.3661,-4.6513,15.15
-0.0,-4.6249,15.15
0.3635,-4.6188,15.15
0.723,-4.5648,15.15
1.0854,-4.5212,15.15
1.446,-4.4504,15.15
1.7781,-4.2928,15.15
2.101,-4.1234,15.15
2.4208,-3.9503,15.15
2.7469,-3.7808,15.15
3.0124,-3.527,15.15
3.2801,-3.2801,15.15
3.5549,-3.0362,15.15
3.7486,-2.7235,15.15
3.9791,-2.4384,15.15
4.1653,-2.1223,15.15
4.294,-1.7786,15.15
4.4305,-1.4395,15.15
4.5517,-1.0928,15.15
4.6209,-0.7319,15.15
4.6671,-0.3673,15.15
4.6161,0.0,15.3
4.592,0.3614,15.3
4.538,0.7188,15.3
4.4841,1.0765,15.3
4.3766,1.422,15.3
4.2828,1.774,15.3
4.1194,2.0989,15.3
3.9242,2.4048,15.3
3.7243,2.7059,15.3
3.5239,3.0097,15.3
3.2681,3.2681,15.3
3.0028,3.5158,15.3
2.7121,3.7328,15.3
2.4288,3.9635,15.3
2.0934,4.1085,15.3
1.7692,4.2712,15.3
1.4276,4.3936,15.3
1.0736,4.4719,15.3
0.7258,4.5828,15.3
0.361,4.5873,15.3
0.0,4.6513,15.3
-0.3643,4.6291,15.3
-0.7252,4.579,15.3
-1.0833,4.5122,15.3
-1.4194,4.3685,15.3
-1.7698,4.2726,15.3
-2.1069,4.1351,15.3
-2.4112,3.9348,15.3
-2.7028,3.7201,15.3
-2.9972,3.5093,15.3
-3.2844,3.2844,15.3
-3.4984,2.9879,15.3
-3.7517,2.7258,15.3
-3.9405,2.4147,15.3
-4.1279,2.1033,15.3
-4.2507,-2.9529,15.3
-4.3811,-2.9786,15.3
-4.5039,-2.9483,15.3
-4.5408,-2.9942,15.3
-4.6268,-2.9498,15.3
-4.6403,-2.9773,15.3
-4.63,-2.9414,15.3
-4.5461,-2.9486,15.3
-4.4674,-2.947,15.3
-4.3958,-2.9643,15.3
-4.2441,-2.981,15.3
-4.1252,-2.1019,15.3
-3.9238,-2.4045,15.3
-3.7629,-2.7339,15.3
-3.51,-2.9978,15.3
-3.2516,-3.2516,15.3
-3.0072,-3.521,15.3
-2.7013,-3.7181,15.3
-2.4197,-3.9485,15.3
-2.1051,-4.1315,15.3
-1.7698,-4.2727,15.3
-1.4306,-4.4028,15.3
-1.081,-4.5026,15.3
-0.719,-4.5395,15.3
-0.3637,-4.6211,15.3
-0.0,-4.6017,15.3
0.3603,-4.5781,15.3
0.7268,-4.5886,15.3
1.081,-4.5026,15.3
1.4346,-4.4152,15.3
1.78,-4.2973,15.3
2.0993,-4.1201,15.3
2.4001,-3.9165,15.3
2.7317,-3.7599,15.3
2.9869,-3.4972,15.3
3.2756,-3.2756,15.3
3.5251,-3.0107,15.3
3.7203,-2.703,15.3
3.9261,-2.4059,15.3
4.1274,-2.103,15.3
4.2725,-1.7697,15.3
4.3803,-1.4232,15.3
4.4877,-1.0774,15.3
4.5839,-0.726,15.3
4.6274,-0.3642,15.3
4.6378,0.0,15.45
4.6099,0.3628,15.45
4.5647,0.723,15.45
4.5358,1.0889,15.45
4.3919,1.427,15.45
4.2627,1.7657,15.45
4.1401,2.1095,15.45
3.9543,2.4232,15.45
3.7635,2.7343,15.45
3.5078,2.9959,15.45
3.2829,3.2829,15.45
3.0113,3.5258,15.45
2.7336,3.7625,15.45
2.4134,3.9383,15.45
2.1091,4.1394,15.45
1.7727,4.2796,15.45
1.4319,4.407,15.45
1.0785,4.4922,15.45
0.7304,4.6115,15.45
0.3634,4.6171,15.45
0.0,4.6283,15.45
-0.3625,4.6061,15.45
-0.7264,4.5861,15.45
-1.0774,4.4879,15.45
-1.4365,4.421,15.45
-1.7744,4.2838,15.45
-2.0966,4.1149,15.45
-2.4318,3.9684,15.45
-2.7246,3.7501,15.45
-3.0085,3.5226,15.45
-3.2846,3.2846,15.45
-3.511,2.9987,15.45
-3.7733,2.7415,15.45
-3.9365,2.4123,15.45
-4.1519,2.1155,15.45
-4.2941,-2.9601,15.45
-4.4371,-2.9801,15.45
-4.4887,-2.9955,15.45
-4.5585,-2.985,15.45
-4.6131,-2.971,15.45
-4.6679,-2.9465,15.45
-4.6142,-2.983,15.45
-4.615,-2.9579,15.45
-4.5346,-2.9799,15.45
-4.3874,-2.9888,15.45
-4.2802,-2.9779,15.45
-4.1171,-2.0978,15.45
-3.9499,-2.4205,15.45
-3.7324,-2.7117,15.45
-3.518,-3.0047,15.45
-3.2969,-3.2969,15.45
-3.0217,-3.538,15.45
-2.7212,-3.7454,15.45
-2.4225,-3.9532,15.45
-2.0999,-4.1213,15.45
-1.7654,-4.2622,15.45
-1.4274,-4.3929,15.45
-1.0854,-4.5208,15.45
-0.7269,-4.5894,15.45
-0.3663,-4.6537,15.45
-0.0,-4.6523,15.45
0.3664,-4.6553,15.45
0.7285,-4.5994,15.45
1.0878,-4.5312,15.45
1.4423,-4.4389,15.45
1.7679,-4.2681,15.45
2.0978,-4.1173,15.45
2.4229,-3.9539,15.45
2.7443,-3.7772,15.45
3.0245,-3.5412,15.45
3.2634,-3.2634,15.45
3.5266,-3.012,15.45
3.7799,-2.7462,15.45
3.9616,-2.4277,15.45
4.1187,-2.0986,15.45
4.311,-1.7857,15.45
4.4041,-1.431,15.45
4.5123,-1.0833,15.45
4.575,-0.7246,15.45
4.6019,-0.3622,15.45
4.7046,0.0,15.6
4.7082,0.3705,15.6
4.6518,0.7368,15.6
4.5436,1.0908,15.6
4.4654,1.4509,15.6
4.3336,1.795,15.6
4.1831,2.1314,15.6
4.0038,2.4535,15.6
3.801,2.7616,15.6
3.57,3.049,15.6
3.3031,3.3031,15.6
3.0369,3.5557,15.6
2.7734,3.8172,15.6
2.4711,4.0324,15.6
2.1446,4.209,15.6
1.7898,4.321,15.6
1.4553,4.4788,15.6
1.0998,4.581,15.6
0.7386,4.6635,15.6
0.3708,4.7115,15.6
0.0,4.7262,15.6
-0.3692,4.6917,15.6
-0.7351,4.6411,15.6
-1.0979,4.5729,15.6
-1.4548,4.4774,15.6
-1.8059,4.3597,15.6
-2.143,4.2058,15.6
-2.4668,4.0254,15.6
-2.749,3.7837,15.6
-3.0529,3.5745,15.6
-3.3059,3.3059,15.6
-3.5599,3.0405,15.6
-3.7813,2.7473,15.6
-4.0304,2.4698,15.6
-4.1886,2.1342,15.6
-4.3621,-2.961,15.6
-4.4754,-2.9891,15.6
-4.5954,-2.9535,15.6
-4.6434,-2.9466,15.6
-4.6709,-2.9692,15.6
-4.6908,-2.9636,15.6
-4.6968,-2.9921,15.6
-4.6332,-2.9525,15.6
-4.5935,-2.9636,15.6
-4.4896,-2.9489,15.6
-4.3199,-2.9748,15.6
-4.1988,-2.1394,15.6
-4.0172,-2.4618,15.6
-3.809,-2.7674,15.6
-3.5647,-3.0445,15.6
-3.3444,-3.3444,15.6
-3.0479,-3.5686,15.6
-2.747,-3.7809,15.6
-2.4411,-3.9835,15.6
-2.1252,-4.171,15.6
-1.7951,-4.3338,15.6
-1.4503,-4.4635,15.6
-1.0978,-4.5726,15.6
-0.7328,-4.6268,15.6
-0.3679,-4.6748,15.6
-0.0,-4.6763,15.6
0.3675,-4.6699,15.6
0.7384,-4.6619,15.6
1.0938,-4.5562,15.6
1.454,-4.475,15.6
1.8072,-4.363,15.6
2.123,-4.1667,15.6
2.4682,-4.0278,15.6
2.7589,-3.7972,15.6
3.049,-3.5699,15.6
3.3393,-3.3393,15.6
3.5706,-3.0495,15.6
3.8101,-2.7682,15.6
3.9909,-2.4456,15.6
4.2024,-2.1412,15.6
4.3489,-1.8014,15.6
4.4802,-1.4557,15.6
4.5794,-1.0994,15.6
4.66,-0.7381,15.6
4.6658,-0.3672,15.6
4.6307,0.0,15.75
4.6047,0.3624,15.75
4.5508,0.7208,15.75
4.5078,1.0822,15.75
4.3604,1.4168,15.75
4.2455,1.7585,15.75
4.0799,2.0788,15.75
3.9522,2.4219,15.75
3.7073,2.6935,15.75
3.4879,2.9789,15.75
3.2387,3.2387,15.75
3.0055,3.519,15.75
2.6936,3.7075,15.75
2.3985,3.9139,15.75
2.0834,4.089,15.75
1.7626,4.2553,15.75
1.4188,4.3665,15.75
1.0764,4.4834,15.75
0.7252,4.579,15.75
0.3632,4.6151,15.75
0.0,4.6298,15.75
-0.3623,4.603,15.75
-0.7195,4.5426,15.75
-1.0823,4.5083,15.75
-1.431,4.4041,15.75
-1.7595,4.2479,15.75
-2.0816,4.0853,15.75
-2.4035,3.9222,15.75
-2.6904,3.703,15.75
-2.992,3.5031,15.75
-3.2762,3.2762,15.75
-3.509,2.997,15.75
-3.74,2.7173,15.75
-3.9448,2.4174,15.75
-4.1003,2.0892,15.75
-4.2456,-2.9893,15.75
-4.3996,-2.9787,15.75
-4.488,-2.9449,15.75
-4.5221,-2.9478,15.75
-4.6096,-2.9778,15.75
-4.6135,-2.9662,15.75
-4.6028,-2.9453,15.75
-4.566,-2.9412,15.75
-4.506,-2.9694,15.75
-4.3597,-2.9697,15.75
-4.2579,-2.9667,15.75
-4.1144,-2.0964,15.75
-3.9118,-2.3971,15.75
-3.7051,-2.6919,15.75
-3.518,-3.0047,15.75
-3.2778,-3.2778,15.75
-2.988,-3.4985,15.75
-2.7173,-3.74,15.75
-2.4144,-3.94,15.75
-2.0869,-4.0958,15.75
-1.7534,-4.2331,15.75
-1.4184,-4.3653,15.75
-1.076,-4.4818,15.75
-0.7246,-4.5749,15.75
-0.3607,-4.5833,15.75
-0.0,-4.6369,15.75
0.3611,-4.588,15.75
0.7247,-4.5758,15.75
1.0686,-4.451,15.75
1.417,-4.3612,15.75
1.7719,-4.2777,15.75
2.1014,-4.1241,15.75
2.4189,-3.9472,15.75
2.6944,-3.7086,15.75
3.0062,-3.5198,15.75
3.247,-3.247,15.75
3.4987,-2.9882,15.75
3.7357,-2.7141,15.75
3.907,-2.3942,15.75
4.1211,-2.0998,15.75
4.2437,-1.7578,15.75
4.3676,-1.4191,15.75
4.504,-1.0813,15.75
4.5334,-0.718,15.75
4.5815,-0.3606,15.75
4.7604,0.0,15.9
4.7427,0.3733,15.9
4.6768,0.7407,15.9
4.6308,1.1118,15.9
4.5236,1.4698,15.9
4.3506,1.8021,15.9
4.1988,2.1394,15.9
4.033,2.4714,15.9
3.8221,2.7769,15.9
3.6189,3.0908,15.9
3.3426,3.3426,15.9
3.0754,3.6008,15.9
2.7653,3.8062,15.9
2.4856,4.0562,15.9
2.147,4.2138,15.9
1.8053,4.3584,15.9
1.4628,4.5021,15.9
1.1109,4.6271,15.9
0.742,4.6846,15.9
0.373,4.7391,15.9
0.0,4.7465,15.9
-0.3702,4.7039,15.9
-0.7443,4.6991,15.9
-1.0989,4.5774,15.9
-1.4563,4.4821,15.9
-1.8211,4.3965,15.9
-2.1396,4.1993,15.9
-2.4752,4.0391,15.9
-2.7987,3.8521,15.9
-3.0808,3.6071,15.9
-3.3457,3.3457,15.9
-3.5823,3.0596,15.9
-3.8345,2.7859,15.9
-4.0451,2.4788,15.9
-4.2172,2.1488,15.9
-4.3884,-2.9755,15.9
-4.4776,-2.9746,15.9
-4.5947,-2.9468,15.9
-4.6663,-2.9654,15.9
-4.7014,-2.9651,15.9
-4.7167,-2.9732,15.9
-4.7347,-2.9426,15.9
-4.695,-2.942,15.9
-4.592,-2.9752,15.9
-4.5218,-2.9765,15.9
-4.3933,-2.9527,15.9
-4.1956,-2.1378,15.9
-4.049,-2.4812,15.9
-3.8302,-2.7828,15.9
-3.6165,-3.0888,15.9
-3.356,-3.356,15.9
-3.0636,-3.587,15.9
-2.7765,-3.8215,15.9
-2.4846,-4.0545,15.9
-2.1453,-4.2103,15.9
-1.8011,-4.3483,15.9
-1.4555,-4.4795,15.9
-1.1086,-4.6175,15.9
-0.7363,-4.6487,15.9
-0.3733,-4.7431,15.9
-0.0,-4.7047,15.9
0.3736,-4.7471,15.9
0.7447,-4.702,15.9
1.11,-4.6234,15.9
1.4573,-4.4851,15.9
1.8178,-4.3884,15.9
2.1583,-4.236,15.9
2.4738,-4.0368,15.9
2.7998,-3.8537,15.9
3.069,-3.5933,15.9
3.3351,-3.3351,15.9
3.5956,-3.0709,15.9
3.8098,-2.768,15.9
4.024,-2.4659,15.9
4.2375,-2.1591,15.9
4.3733,-1.8115,15.9
4.5134,-1.4665,15.9
4.6272,-1.1109,15.9
4.6869,-0.7423,15.9
4.7477,-0.3736,15.9
4.5935,0.0,16.05
4.5949,0.3616,16.05
4.545,0.7199,16.05
4.4734,1.074,16.05
4.3624,1.4174,16.05
4.2144,1.7457,16.05
4.094,2.086,16.05
3.8915,2.3847,16.05
3.7297,2.7098,16.05
3.503,2.9918,16.05
3.235,3.235,16.05
2.9701,3.4775,16.05
2.6955,3.71,16.05
2.3811,3.8856,16.05
2.0832,4.0885,16.05
1.7422,4.206,16.05
1.4165,4.3594,16.05
1.069,4.4527,16.05
0.7207,4.5503,16.05
0.3599,4.5726,16.05
0.0,4.5884,16.05
-0.3587,4.5571,16.05
-0.7149,4.5134,16.05
-1.0765,4.4838,16.05
-1.4102,4.3401,16.05
-1.7437,4.2097,16.05
-2.0685,4.0596,16.05
-2.3996,3.9158,16.05
-2.6948,3.709,16.05
-2.9644,3.4709,16.05
-3.2364,3.2364,16.05
-3.4958,2.9857,16.05
-3.7246,2.7061,16.05
-3.9103,2.3963,16.05
-4.0792,2.0784,16.05
-4.2559,-2.9718,16.05
-4.359,-2.9939,16.05
-4.4749,-2.9714,16.05
-4.5477,-2.9718,16.05
-4.5698,-2.9527,16.05
-4.5601,-2.9825,16.05
-4.5611,-2.9674,16.05
-4.5349,-2.9983,16.05
-4.4515,-2.9564,16.05
-4.3376,-2.9437,16.05
-4.236,-2.9629,16.05
-4.064,-2.0707,16.05
-3.9088,-2.3953,16.05
-3.7293,-2.7095,16.05
-3.5052,-2.9937,16.05
-3.2501,-3.2501,16.05
-2.977,-3.4857,16.05
-2.6967,-3.7117,16.05
-2.4077,-3.9289,16.05
-2.0907,-4.1032,16.05
-1.749,-4.2226,16.05
-1.4221,-4.3768,16.05
-1.0649,-4.4357,16.05
-0.7162,-4.522,16.05
-0.3584,-4.5538,16.05
-0.0,-4.5999,16.05
0.3592,-4.5642,16.05
0.72,-4.5459,16.05
1.068,-4.4486,16.05
1.4233,-4.3804,16.05
1.7423,-4.2062,16.05
2.0823,-4.0867,16.05
2.3809,-3.8853,16.05
2.6977,-3.7131,16.05
2.9676,-3.4746,16.05
3.2307,-3.2307,16.05
3.4993,-2.9887,16.05
3.7059,-2.6925,16.05
3.9229,-2.4039,16.05
4.1071,-2.0927,16.05
4.255,-1.7625,16.05
4.3761,-1.4219,16.05
4.4468,-1.0676,16.05
4.5235,-0.7164,16.05
4.5569,-0.3586,16.05
4.6994,0.0,16.2
4.6625,0.3669,16.2
4.6268,0.7328,16.2
4.5232,1.0859,16.2
4.4525,1.4467,16.2
4.3319,1.7943,16.2
4.1874,2.1336,16.2
3.9654,2.43,16.2
3.7841,2.7493,16.2
3.5673,3.0467,16.2
3.3196,3.3196,16.2
3.045,3.5653,16.2
2.7591,3.7976,16.2
2.4449,3.9898,16.2
2.1353,4.1907,16.2
1.7811,4.2999,16.2
1.4375,4.4241,16.2
1.0884,4.5334,16.2
0.7355,4.6436,16.2
0.3688,4.6865,16.2
0.0,4.664,16.2
-0.3649,4.6368,16.2
-0.729,4.603,16.2
-1.085,4.5195,16.2
-1.4351,4.4169,16.2
-1.7972,4.3388,16.2
-2.1159,4.1526,16.2
-2.4304,3.966,16.2
-2.7404,3.7719,16.2
-3.0316,3.5496,16.2
-3.3013,3.3013,16.2
-3.5368,3.0207,16.2
-3.7895,2.7532,16.2
-3.9905,2.4454,16.2
-4.1874,2.1336,16.2
-4.3443,-2.9837,16.2
-4.4487,-2.9577,16.2
-4.5254,-2.9945,16.2
-4.6437,-2.9793,16.2
-4.6333,-2.9818,16.2
-4.6897,-2.9753,16.2
-4.6891,-2.9573,16.2
-4.6182,-2.9743,16.2
-4.528,-2.9803,16.2
-4.4358,-2.9642,16.2
-4.3328,-2.9473,16.2
-4.1437,-2.1113,16.2
-3.9618,-2.4278,16.2
-3.7853,-2.7502,16.2
-3.5492,-3.0313,16.2
-3.3254,-3.3254,16.2
-3.0406,-3.5601,16.2
-2.7389,-3.7698,16.2
-2.4376,-3.9778,16.2
-2.1318,-4.1839,16.2
-1.7912,-4.3244,16.2
-1.4383,-4.4266,16.2
-1.0921,-4.5491,16.2
-0.7293,-4.6043,16.2
-0.3657,-4.6467,16.2
-0.0,-4.6682,16.2
0.368,-4.6753,16.2
0.7356,-4.6442,16.2
1.0931,-4.5529,16.2
1.45,-4.4625,16.2
1.7817,-4.3014,16.2
2.1257,-4.172,16.2
2.4431,-3.9867,16.2
2.7468,-3.7807,16.2
3.0451,-3.5654,16.2
3.2913,-3.2913,16.2
3.5591,-3.0398,16.2
3.7797,-2.7461,16.2
3.9602,-2.4268,16.2
4.1486,-2.1138,16.2
4.301,-1.7816,16.2
4.4614,-1.4496,16.2
4.5462,-1.0914,16.2
4.6006,-0.7287,16.2
4.6629,-0.367,16.2
4.6146,0.0,16.35
4.5861,0.3609,16.35
4.5731,0.7243,16.35
4.4962,1.0794,16.35
4.3777,1.4224,16.35
4.2528,1.7616,16.35
4.097,2.0875,16.35
3.9202,2.4023,16.35
3.7363,2.7146,16.35
3.5313,3.016,16.35
3.2697,3.2697,16.35
3.0025,3.5154,16.35
2.7119,3.7326,16.35
2.4229,3.9538,16.35
2.1032,4.1277,16.35
1.7616,4.253,16.35
1.4181,4.3646,16.35
1.0838,4.5143,16.35
0.7181,4.534,16.35
0.3611,4.5877,16.35
0.0,4.5893,16.35
-0.3639,4.6236,16.35
-0.7254,4.5801,16.35
-1.0765,4.4841,16.35
-1.4239,4.3825,16.35
-1.7567,4.2411,16.35
-2.1009,4.1232,16.35
-2.4226,3.9533,16.35
-2.7088,3.7283,16.35
-3.0012,3.514,16.35
-3.2503,3.2503,16.35
-3.5049,2.9935,16.35
-3.7447,2.7207,16.35
-3.9365,2.4123,16.35
-4.0922,2.0851,16.35
-4.261,-2.9617,16.35
-4.386,-2.9963,16.35
-4.4594,-2.9731,16.35
-4.563,-2.9958,16.35
-4.5841,-2.9446,16.35
-4.6277,-2.9723,16.35
-4.624,-2.9461,16.35
-4.5849,-2.9915,16.35
-4.474,-2.9474,16.35
-4.3956,-2.9525,16.35
-4.2654,-2.9956,16.35
-4.1171,-2.0977,16.35
-3.9338,-2.4107,16.35
-3.7421,-2.7188,16.35
-3.5171,-3.0039,16.35
-3.2645,-3.2645,16.35
-3.0133,-3.5281,16.35
-2.726,-3.752,16.35
-2.4075,-3.9287,16.35
-2.0865,-4.095,16.35
-1.7615,-4.2526,16.35
-1.4169,-4.3609,16.35
-1.0762,-4.4828,16.35
-0.7233,-4.5666,16.35
-0.3641,-4.6266,16.35
-0.0,-4.5886,16.35
0.3611,-4.5883,16.35
0.7258,-4.5828,16.35
1.0824,-4.5087,16.35
1.4244,-4.384,16.35
1.773,-4.2804,16.35
2.1005,-4.1224,16.35
2.3994,-3.9154,16.35
2.6967,-3.7117,16.35
2.9886,-3.4992,16.35
3.2803,-3.2803,16.35
3.5172,-3.0039,16.35
3.7232,-2.7051,16.35
3.9258,-2.4057,16.35
4.1224,-2.1005,16.35
4.2437,-1.7578,16.35
4.3677,-1.4192,16.35
4.482,-1.076,16.35
4.5786,-0.7252,16.35
4.607,-0.3626,16.35
4.6686,0.0,16.5
4.7005,0.3699,16.5
4.6645,0.7388,16.5
4.5401,1.09,16.5
4.4532,1.4469,16.5
4.3344,1.7953,16.5
4.1606,2.12,16.5
4.024,2.4659,16.5
3.8194,2.7749,16.5
3.5942,3.0697,16.5
3.3068,3.3068,16.5
3.0666,3.5905,16.5
2.7597,3.7984,16.5
2.4423,3.9855,16.5
2.1196,4.16,16.5
1.7932,4.3291,16.5
1.4565,4.4827,16.5
1.0999,4.5813,16.5
0.7341,4.6352,16.5
0.3701,4.7022,16.5
0.0,4.7093,16.5
-0.3687,4.6842,16.5
-0.7365,4.6502,16.5
-1.0987,4.5762,16.5
-1.4563,4.4821,16.5
-1.8089,4.3671,16.5
-2.1316,4.1835,16.5
-2.4588,4.0124,16.5
-2.7473,3.7814,16.5
-3.0519,3.5733,16.5
-3.3358,3.3358,16.5
-3.5813,3.0588,16.5
-3.798,2.7594,16.5
-3.9834,2.441,16.5
-4.16,2.1196,16.5
-4.3616,-2.9409,16.5
-4.4583,-2.9742,16.5
-4.5918,-2.9594,16.5
-4.6536,-2.9542,16.5
-4.6935,-2.9767,16.5
-4.724,-2.9457,16.5
-4.6641,-2.9861,16.5
-4.6258,-2.947,16.5
-4.5688,-2.981,16.5
-4.4928,-2.9747,16.5
-4.3579,-2.9813,16.5
-4.1929,-2.1364,16.5
-4.004,-2.4536,16.5
-3.798,-2.7594,16.5
-3.5728,-3.0515,16.5
-3.3335,-3.3335,16.5
-3.064,-3.5874,16.5
-2.7662,-3.8074,16.5
-2.458,-4.0111,16.5
-2.1448,-4.2095,16.5
-1.8092,-4.3678,16.5
-1.4554,-4.4791,16.5
-1.1029,-4.5941,16.5
-0.736,-4.6472,16.5
-0.3668,-4.6609,16.5
-0.0,-4.7057,16.5
0.3674,-4.6684,16.5
0.7345,-4.6373,16.5
1.0938,-4.5558,16.5
1.4528,-4.4712,16.5
1.7985,-4.3421,16.5
2.1205,-4.1618,16.5
2.4548,-4.0059,16.5
2.7684,-3.8104,16.5
3.0616,-3.5847,16.5
3.302,-3.302,16.5
3.5623,-3.0425,16.5
3.8251,-2.7791,16.5
4.0266,-2.4675,16.5
4.1746,-2.1271,16.5
4.3488,-1.8013,16.5
4.477,-1.4547,16.5
4.5837,-1.1004,16.5
4.6431,-0.7354,16.5
4.7082,-0.3705,16.5
4.5926,0.0,16.65
4.5285,0.3564,16.65
4.4854,0.7104,16.65
4.439,1.0657,16.65
4.325,1.4053,16.65
4.2338,1.7537,16.65
4.0695,2.0735,16.65
3.9061,2.3936,16.65
3.6918,2.6823,16.65
3.4538,2.9498,16.65
3.214,3.214,16.65
2.9773,3.486,16.65
2.678,3.686,16.65
2.3942,3.9069,16.65
2.0816,4.0854,16.65
1.7355,4.1898,16.65
1.4031,4.3183,16.65
1.0649,4.4356,16.65
0.7151,4.515,16.65
0.3563,4.5277,16.65
0.0,4.5735,16.65
-0.3593,4.5658,16.65
-0.7174,4.5292,16.65
-1.0671,4.4448,16.65
-1.4028,4.3175,16.65
-1.7483,4.2208,16.65
-2.0746,4.0716,16.65
-2.386,3.8936,16.65
-2.681,3.69,16.65
-2.9699,3.4773,16.65
-3.2226,3.2226,16.65
-3.454,2.95,16.65
-3.7065,2.6929,16.65
-3.9164,2.4,16.65
-4.0782,2.0779,16.65
-4.229,-2.9967,16.65
-4.3263,-2.9784,16.65
-4.4341,-2.9564,16.65
-4.4884,-2.9509,16.65
-4.5748,-2.9925,16.65
-4.5737,-2.9457,16.65
-4.569,-2.964,16.65
-4.5065,-2.9749,16.65
-4.4553,-2.9816,16.65
-4.358,-2.993,16.65
-4.1904,-2.9773,16.65
-4.0599,-2.0686,16.65
-3.9003,-2.3901,16.65
-3.685,-2.6773,16.65
-3.4812,-2.9732,16.65
-3.2236,-3.2236,16.65
-2.9761,-3.4845,16.65
-2.6708,-3.6761,16.65
-2.3789,-3.8821,16.65
-2.0806,-4.0834,16.65
-1.7565,-4.2406,16.65
-1.4105,-4.3411,16.65
-1.065,-4.4359,16.65
-0.7126,-4.4989,16.65
-0.3571,-4.5373,16.65
-0.0,-4.5379,16.65
0.3595,-4.5678,16.65
0.7137,-4.5061,16.65
1.0597,-4.4139,16.65
1.403,-4.3179,16.65
1.7467,-4.217,16.65
2.0711,-4.0647,16.65
2.391,-3.9018,16.65
2.6832,-3.6932,16.65
2.9815,-3.4909,16.65
3.216,-3.216,16.65
3.4809,-2.973,16.65
3.6802,-2.6738,16.65
3.8945,-2.3865,16.65
4.0431,-2.0601,16.65
4.1911,-1.736,16.65
4.355,-1.415,16.65
4.4209,-1.0614,16.65
4.4968,-0.7122,16.65
4.5741,-0.36,16.65
4.6352,0.0,16.8
4.6315,0.3645,16.8
4.6165,0.7312,16.8
4.5392,1.0898,16.8
4.4192,1.4359,16.8
4.3073,1.7841,16.8
4.1408,2.1099,16.8
3.951,2.4212,16.8
3.7811,2.7471,16.8
3.5248,3.0105,16.8
3.2729,3.2729,16.8
3.008,3.522,16.8
2.7244,3.7499,16.8
2.4484,3.9955,16.8
2.105,4.1314,16.8
1.7857,4.311,16.8
1.4437,4.4433,16.8
1.0826,4.5095,16.8
0.7273,4.5919,16.8
0.3657,4.6468,16.8
0.0,4.6647,16.8
-0.3656,4.6459,16.8
-0.7294,4.6051,16.8
-1.0825,4.509,16.8
-1.4443,4.4452,16.8
-1.7866,4.3133,16.8
-2.1111,4.1433,16.8
-2.4423,3.9855,16.8
-2.7533,3.7895,16.8
-3.0102,3.5245,16.8
-3.2835,3.2835,16.8
-3.5286,3.0137,16.8
-3.7695,2.7387,16.8
-3.9738,2.4352,16.8
-4.175,2.1273,16.8
-4.299,-2.9846,16.8
-4.4256,-2.9632,16.8
-4.5055,-2.9558,16.8
-4.6026,-2.961,16.8
-4.6294,-2.9545,16.8
-4.6323,-2.9475,16.8
-4.6443,-2.9556,16.8
-4.621,-2.9862,16.8
-4.5369,-2.9445,16.8
-4.4513,-2.9513,16.8
-4.3075,-2.9803,16.8
-4.1561,-2.1176,16.8
-3.9481,-2.4194,16.8
-3.7746,-2.7424,16.8
-3.5356,-3.0197,16.8
-3.2789,-3.2789,16.8
-3.0387,-3.5579,16.8
-2.7308,-3.7586,16.8
-2.4424,-3.9856,16.8
-2.1223,-4.1652,16.8
-1.7827,-4.3039,16.8
-1.442,-4.4381,16.8
-1.0871,-4.5282,16.8
-0.7325,-4.6246,16.8
-0.3663,-4.6541,16.8
-0.0,-4.6649,16.8
0.3667,-4.6592,16.8
0.7242,-4.5724,16.8
1.0871,-4.5281,16.8
1.437,-4.4227,16.8
1.7845,-4.3082,16.8
2.1155,-4.152,16.8
2.4321,-3.9688,16.8
2.7248,-3.7504,16.8
3.0221,-3.5385,16.8
3.2766,-3.2766,16.8
3.5412,-3.0245,16.8
3.7575,-2.73,16.8
3.9777,-2.4376,16.8
4.1694,-2.1244,16.8
4.3023,-1.7821,16.8
4.406,-1.4316,16.8
4.5479,-1.0919,16.8
4.5883,-0.7267,16.8
4.6587,-0.3666,16.8
4.5967,0.0,16.95
4.5831,0.3607,16.95
4.5468,0.7201,16.95
4.4911,1.0782,16.95
4.3783,1.4226,16.95
4.2724,1.7697,16.95
4.1305,2.1046,16.95
3.9523,2.422,16.95
3.7353,2.7139,16.95
3.5046,2.9932,16.95
3.2712,3.2712,16.95
3.0225,3.5389,16.95
2.7199,3.7436,16.95
2.4264,3.9596,16.95
2.0883,4.0985,16.95
1.774,4.2827,16.95
1.4316,4.4061,16.95
1.0772,4.4869,16.95
0.7257,4.5822,16.95
0.3653,4.6412,16.95
0.0,4.6347,16.95
-0.3614,4.5921,16.95
-0.724,4.571,16.95
-1.0837,4.514,16.95
-1.4381,4.426,16.95
-1.7776,4.2916,16.95
-2.0937,4.109,16.95
-2.4182,3.9461,16.95
-2.7181,3.7412,16.95
-2.9979,3.5101,16.95
-3.2905,3.2905,16.95
-3.4982,2.9877,16.95
-3.7328,2.712,16.95
-3.9625,2.4282,16.95
-4.1357,2.1072,16.95
-4.2545,-2.9493,16.95
-4.4043,-2.9423,16.95
-4.4733,-2.9554,16.95
-4.59,-2.97,16.95
-4.5825,-2.9796,16.95
-4.6009,-2.9487,16.95
-4.6063,-2.9848,16.95
-4.5956,-2.9854,16.95
-4.4706,-2.9621,16.95
-4.4094,-2.9843,16.95
-4.2479,-2.9904,16.95
-4.1366,-2.1077,16.95
-3.9308,-2.4088,16.95
-3.7328,-2.7121,16.95
-3.5363,-3.0203,16.95
-3.2766,-3.2766,16.95
-3.0152,-3.5303,16.95
-2.7299,-3.7574,16.95
-2.4114,-3.9351,16.95
-2.112,-4.145,16.95
-1.7648,-4.2606,16.95
-1.4254,-4.3869,16.95
-1.0851,-4.52,16.95
-0.7228,-4.5636,16.95
-0.364,-4.6251,16.95
-0.0,-4.61,16.95
0.3636,-4.6197,16.95
0.7273,-4.5919,16.95
1.0854,-4.5209,16.95
1.4357,-4.4185,16.95
1.762,-4.2538,16.95
2.1119,-4.1448,16.95
2.4186,-3.9469,16.95
2.7193,-3.7428,16.95
2.9916,-3.5028,16.95
3.2515,-3.2515,16.95
3.5348,-3.019,16.95
3.7192,-2.7022,16.95
3.9557,-2.4241,16.95
4.1221,-2.1003,16.95
4.2646,-1.7665,16.95
4.422,-1.4368,16.95
4.4785,-1.0752,16.95
4.5775,-0.725,16.95
4.6193,-0.3635,16.95
4.6767,0.0,17.1
4.64,0.3652,17.1
4.6157,0.7311,17.1
4.5447,1.0911,17.1
4.4349,1.441,17.1
4.3138,1.7869,17.1
4.1539,2.1165,17.1
3.9858,2.4425,17.1
3.76,2.7318,17.1
3.5339,3.0182,17.1
3.3118,3.3118,17.1
3.0463,3.5667,17.1
2.7568,3.7944,17.1
2.4414,3.9841,17.1
2.1229,4.1665,17.1
1.7829,4.3042,17.1
1.4375,4.424,17.1
1.0917,4.5473,17.1
0.7274,4.5927,17.1
0.365,4.638,17.1
0.0,4.6516,17.1
-0.3671,4.6647,17.1
-0.731,4.6153,17.1
-1.0836,4.5133,17.1
-1.4336,4.4121,17.1
-1.7894,4.32,17.1
-2.1216,4.1639,17.1
-2.4247,3.9568,17.1
-2.7579,3.7959,17.1
-3.0314,3.5494,17.1
-3.3141,3.3141,17.1
-3.5397,3.0232,17.1
-3.757,2.7296,17.1
-3.9674,2.4312,17.1
-4.1453,2.1121,17.1
-4.3391,-2.9826,17.1
-4.4512,-2.9418,17.1
-4.5343,-2.9878,17.1
-4.6043,-2.9761,17.1
-4.6297,-2.9979,17.1
-4.6397,-2.9503,17.1
-4.6521,-2.9715,17.1
-4.6231,-2.9823,17.1
-4.5231,-2.9871,17.1
-4.4438,-2.9555,17.1
-4.2887,-2.9712,17.1
-4.1453,-2.1121,17.1
-3.9916,-2.4461,17.1
-3.7535,-2.7271,17.1
-3.5381,-3.0218,17.1
-3.2855,-3.2855,17.1
-3.0216,-3.5379,17.1
-2.7557,-3.7929,17.1
-2.4391,-3.9803,17.1
-2.1238,-4.1681,17.1
-1.7877,-4.316,17.1
-1.4515,-4.4671,17.1
-1.0877,-4.5307,17.1
-0.733,-4.6279,17.1
-0.3686,-4.683,17.1
-0.0,-4.6507,17.1
0.3682,-4.6779,17.1
0.7282,-4.598,17.1
1.0952,-4.5617,17.1
1.4444,-4.4454,17.1
1.7977,-4.3401,17.1
2.1221,-4.1649,17.1
2.4369,-3.9767,17.1
2.7303,-3.758,17.1
3.0453,-3.5656,17.1
3.2952,-3.2952,17.1
3.5469,-3.0293,17.1
3.7766,-2.7439,17.1
3.9647,-2.4296,17.1
4.1827,-2.1312,17.1
4.3112,-1.7858,17.1
4.4487,-1.4455,17.1
4.5352,-1.0888,17.1
4.6355,-0.7342,17.1
4.6265,-0.3641,17.1
4.5906,0.0,17.25
4.5843,0.3608,17.25
4.5447,0.7198,17.25
4.5172,1.0845,17.25
4.3754,1.4216,17.25
4.2797,1.7727,17.25
4.1377,2.1083,17.25
3.9184,2.4012,17.25
3.7165,2.7002,17.25
3.5333,3.0177,17.25
3.2483,3.2483,17.25
3.0073,3.5211,17.25
2.7036,3.7212,17.25
2.4132,3.9379,17.25
2.099,4.1196,17.25
1.7652,4.2617,17.25
1.4213,4.3744,17.25
1.0824,4.5087,17.25
0.7183,4.5353,17.25
0.3601,4.5757,17.25
0.0,4.6212,17.25
-0.36,4.5747,17.25
-0.7184,4.5355,17.25
-1.0824,4.5086,17.25
-1.4255,4.3873,17.25
-1.7689,4.2705,17.25
-2.1065,4.1342,17.25
-2.4042,3.9233,17.25
-2.7212,3.7455,17.25
-2.9811,3.4905,17.25
-3.2536,3.2536,17.25
-3.5273,3.0126,17.25
-3.719,2.702,17.25
-3.9327,2.41,17.25
-4.0932,2.0856,17.25
-4.2829,-2.9882,17.25
-4.3822,-2.9786,17.25
-4.5029,-2.9925,17.25
-4.5453,-2.9621,17.25
-4.6003,-2.9651,17.25
-4.5913,-2.9945,17.25
-4.6172,-2.983,17.25
-4.5868,-2.9706,17.25
-4.4707,-2.9811,17.25
-4.4004,-2.9841,17.25
-4.2517,-2.943,17.25
-4.0903,-2.0841,17.25
-3.9305,-2.4086,17.25
-3.7545,-2.7278,17.25
-3.5093,-2.9973,17.25
-3.2602,-3.2602,17.25
-3.0134,-3.5282,17.25
-2.709,-3.7286,17.25
-2.4134,-3.9383,17.25
-2.1015,-4.1244,17.25
-1.7749,-4.2851,17.25
-1.4186,-4.366,17.25
-1.0757,-4.4807,17.25
-0.7241,-4.5719,17.25
-0.3618,-4.597,17.25
-0.0,-4.6418,17.25
0.3608,-4.5847,17.25
0.7265,-4.5867,17.25
1.0738,-4.4728,17.25
1.4268,-4.3912,17.25
1.7758,-4.2871,17.25
2.0977,-4.1169,17.25
2.4005,-3.9173,17.25
2.7178,-3.7407,17.25
3.0027,-3.5158,17.25
3.2543,-3.2543,17.25
3.5084,-2.9964,17.25
3.7358,-2.7142,17.25
3.9392,-2.414,17.25
4.1152,-2.0968,17.25
4.2745,-1.7705,17.25
4.3895,-1.4262,17.25
4.4887,-1.0776,17.25
4.5573,-0.7218,17.25
4.5959,-0.3617,17.25
4.6504,0.0,17.4
4.6201,0.3636,17.4
4.6104,0.7302,17.4
4.4946,1.079,17.4
4.4088,1.4325,17.4
4.3006,1.7814,17.4
4.1513,2.1152,17.4
3.9669,2.4309,17.4
3.7609,2.7325,17.4
3.5558,3.0369,17.4
3.2876,3.2876,17.4
3.0234,3.5399,17.4
2.7182,3.7413,17.4
2.4325,3.9695,17.4
2.1231,4.1669,17.4
1.7817,4.3015,17.4
1.432,4.4074,17.4
1.0813,4.5039,17.4
0.723,4.5649,17.4
0.3657,4.6465,17.4
0.0,4.6556,17.4
-0.3627,4.6082,17.4
-0.728,4.5963,17.4
-1.0858,4.5227,17.4
-1.4336,4.412,17.4
-1.7857,4.311,17.4
-2.1021,4.1256,17.4
-2.4331,3.9705,17.4
-2.7191,3.7426,17.4
-3.0021,3.515,17.4
-3.3066,3.3066,17.4
-3.5536,3.0351,17.4
-3.7487,2.7236,17.4
-3.9511,2.4213,17.4
-4.1156,2.097,17.4
-4.2733,-2.9798,17.4
-4.4345,-2.9491,17.4
-4.5383,-2.9825,17.4
-4.6198,-2.9615,17.4
-4.6466,-2.9594,17.4
-4.6603,-2.9773,17.4
-4.6177,-2.9818,17.4
-4.5884,-2.9646,17.4
-4.5118,-2.9528,17.4
-4.4022,-2.9533,17.4
-4.3189,-2.9814,17.4
-4.1191,-2.0988,17.4
-3.9433,-2.4164,17.4
-3.7467,-2.7221,17.4
-3.5255,-3.011,17.4
-3.3035,-3.3035,17.4
-3.0345,-3.5529,17.4
-2.7439,-3.7767,17.4
-2.4221,-3.9525,17.4
-2.1012,-4.1239,17.4
-1.7855,-4.3105,17.4
-1.4296,-4.3997,17.4
-1.0867,-4.5263,17.4
-0.729,-4.6025,17.4
-0.3669,-4.6615,17.4
-0.0,-4.6698,17.4
0.3633,-4.6164,17.4
0.7275,-4.5934,17.4
1.0802,-4.4995,17.4
1.4323,-4.4082,17.4
1.7805,-4.2985,17.4
2.1208,-4.1623,17.4
2.4407,-3.9829,17.4
2.7395,-3.7706,17.4
3.0033,-3.5164,17.4
3.2978,-3.2978,17.4
3.5231,-3.009,17.4
3.7551,-2.7283,17.4
3.9406,-2.4148,17.4
4.1271,-2.1029,17.4
4.285,-1.7749,17.4
4.4147,-1.4344,17.4
4.5079,-1.0822,17.4
4.5913,-0.7272,17.4
4.625,-0.364,17.4
4.6584,0.0,17.55
4.6255,0.364,17.55
4.5886,0.7268,17.55
4.4977,1.0798,17.55
4.394,1.4277,17.55
4.2845,1.7747,17.55
4.1399,2.1094,17.55
3.9232,2.4042,17.55
3.7273,2.708,17.55
3.5306,3.0154,17.55
3.2767,3.2767,17.55
2.9946,3.5062,17.55
2.7371,3.7673,17.55
2.4183,3.9463,17.55
2.111,4.1432,17.55
1.7781,4.2928,17.55
1.4278,4.3942,17.55
1.0773,4.4873,17.55
0.7248,4.5761,17.55
0.3649,4.6359,17.55
0.0,4.6431,17.55
-0.3619,4.5977,17.55
-0.7223,4.5601,17.55
-1.0805,4.5008,17.55
-1.438,4.4256,17.55
-1.7813,4.3004,17.55
-2.1031,4.1276,17.55
-2.4282,3.9625,17.55
-2.7262,3.7523,17.55
-3.0161,3.5315,17.55
-3.26,3.26,17.55
-3.5049,2.9935,17.55
-3.7461,2.7217,17.55
-3.9348,2.4113,17.55
-4.1275,2.103,17.55
-4.2519,-2.9923,17.55
-4.4058,-2.9782,17.55
-4.5202,-2.9541,17.55
-4.5702,-2.9598,17.55
-4.6021,-2.9983,17.55
-4.6096,-2.9543,17.55
-4.6391,-2.9424,17.55
-4.5604,-2.9795,17.55
-4.475,-2.9579,17.55
-4.4018,-2.97,17.55
-4.2963,-2.9824,17.55
-4.1389,-2.1089,17.55
-3.9526,-2.4221,17.55
-3.7361,-2.7144,17.55
-3.5301,-3.015,17.55
-3.2906,-3.2906,17.55
-2.9986,-3.5109,17.55
-2.715,-3.7368,17.55
-2.4275,-3.9614,17.55
-2.0951,-4.1119,17.55
-1.7645,-4.2599,17.55
-1.429,-4.398,17.55
-1.0783,-4.4915,17.55
-0.7259,-4.583,17.55
-0.3646,-4.6332,17.55
-0.0,-4.6368,17.55
0.363,-4.613,17.55
0.7259,-4.5832,17.55
1.0805,-4.5006,17.55
1.4265,-4.3902,17.55
1.7629,-4.256,17.55
2.1134,-4.1478,17.55
2.4161,-3.9428,17.55
2.7359,-3.7656,17.55
3.0091,-3.5232,17.55
3.2777,-3.2777,17.55
3.5306,-3.0154,17.55
3.7454,-2.7212,17.55
3.9243,-2.4048,17.55
4.1448,-2.1119,17.55
4.2664,-1.7672,17.55
4.3995,-1.4295,17.55
4.5102,-1.0828,17.55
4.5511,-0.7208,17.55
4.6388,-0.3651,17.55
4.5592,0.0,17.7
4.5625,0.3591,17.7
4.5517,0.7209,17.7
4.4289,1.0633,17.7
4.3315,1.4074,17.7
4.2426,1.7574,17.7
4.0963,2.0872,17.7
3.9057,2.3934,17.7
3.6861,2.6781,17.7
3.4779,2.9704,17.7
3.2601,3.2601,17.7
2.9588,3.4643,17.7
2.6881,3.6999,17.7
2.3999,3.9163,17.7
2.0822,4.0866,17.7
1.7513,4.2279,17.7
1.4247,4.3847,17.7
1.0721,4.4656,17.7
0.7135,4.5046,17.7
0.3588,4.5586,17.7
0.0,4.5736,17.7
-0.3588,4.5589,17.7
-0.7131,4.5021,17.7
-1.0683,4.4498,17.7
-1.4214,4.3746,17.7
-1.7522,4.2302,17.7
-2.0876,4.0971,17.7
-2.3856,3.893,17.7
-2.6817,3.6911,17.7
-2.9872,3.4975,17.7
-3.242,3.242,17.7
-3.4992,2.9886,17.7
-3.692,2.6824,17.7
-3.8838,2.38,17.7
-4.0664,2.0719,17.7
-4.2298,-2.953,17.7
-4.3309,-2.9573,17.7
-4.4542,-2.9809,17.7
-4.4969,-2.9445,17.7
-4.5692,-2.9803,17.7
-4.5843,-2.9568,17.7
-4.5906,-2.984,17.7
-4.5481,-2.9916,17.7
-4.4548,-2.943,17.7
-4.3423,-2.9696,17.7
-4.2586,-2.9692,17.7
-4.0912,-2.0846,17.7
-3.9055,-2.3933,17.7
-3.7077,-2.6938,17.7
-3.4673,-2.9614,17.7
-3.2259,-3.2259,17.7
-2.9656,-3.4723,17.7
-2.6905,-3.7032,17.7
-2.383,-3.8888,17.7
-2.0863,-4.0946,17.7
-1.7587,-4.2458,17.7
-1.4186,-4.3661,17.7
-1.0723,-4.4663,17.7
-0.714,-4.5082,17.7
-0.3571,-4.5378,17.7
-0.0,-4.5793,17.7
0.3609,-4.5852,17.7
0.7208,-4.551,17.7
1.0685,-4.4505,17.7
1.4072,-4.331,17.7
1.7446,-4.2118,17.7
2.0847,-4.0915,17.7
2.379,-3.8821,17.7
2.6812,-3.6904,17.7
2.9787,-3.4876,17.7
3.2348,-3.2348,17.7
3.4956,-2.9855,17.7
3.7174,-2.7008,17.7
3.8843,-2.3803,17.7
4.0888,-2.0833,17.7
4.2211,-1.7484,17.7
4.3493,-1.4132,17.7
4.4654,-1.072,17.7
4.5529,-0.7211,17.7
4.5399,-0.3573,17.7
4.7342,0.0,17.85
4.7014,0.37,17.85
4.7041,0.7451,17.85
4.6239,1.1101,17.85
4.4942,1.4602,17.85
4.3855,1.8165,17.85
4.236,2.1584,17.85
4.0228,2.4652,17.85
3.8336,2.7853,17.85
3.5831,3.0602,17.85
3.3445,3.3445,17.85
3.0858,3.6131,17.85
2.7675,3.8092,17.85
2.4765,4.0413,17.85
2.1607,4.2405,17.85
1.8028,4.3522,17.85
1.4733,4.5345,17.85
1.113,4.6359,17.85
0.7444,4.7002,17.85
0.3705,4.7074,17.85
0.0,4.7241,17.85
-0.3713,4.7182,17.85
-0.7409,4.678,17.85
-1.1115,4.6297,17.85
-1.4685,4.5196,17.85
-1.8242,4.4039,17.85
-2.1559,4.2311,17.85
-2.4789,4.0452,17.85
-2.7997,3.8534,17.85
-3.0949,3.6237,17.85
-3.3691,3.3691,17.85
-3.5857,3.0625,17.85
-3.8393,2.7894,17.85
-4.0356,2.473,17.85
-4.2321,2.1564,17.85
-4.3711,-2.9479,17.85
-4.4826,-2.9492,17.85
-4.6279,-2.9872,17.85
-4.667,-2.9538,17.85
-4.7133,-2.9577,17.85
-4.7288,-2.9988,17.85
-4.7532,-2.9897,17.85
-4.666,-2.9401,17.85
-4.5858,-2.9657,17.85
-4.4781,-2.9721,17.85
-4.3637,-2.9873,17.85
-4.2264,-2.1535,17.85
-4.0556,-2.4852,17.85
-3.8137,-2.7708,17.85
-3.6026,-3.0769,17.85
-3.3698,-3.3698,17.85
-3.0654,-3.5892,17.85
-2.7971,-3.8498,17.85
-2.4676,-4.0268,17.85
-2.1619,-4.2429,17.85
-1.8025,-4.3517,17.85
-1.4602,-4.4939,17.85
-1.1085,-4.6171,17.85
-0.7456,-4.7075,17.85
-0.3696,-4.6965,17.85
-0.0,-4.7396,17.85
0.3717,-4.7224,17.85
0.7381,-4.6604,17.85
1.1037,-4.5972,17.85
1.4549,-4.4779,17.85
1.8048,-4.3572,17.85
2.1578,-4.2348,17.85
2.4713,-4.0329,17.85
2.8026,-3.8575,17.85
3.091,-3.6191,17.85
3.3687,-3.3687,17.85
3.6134,-3.0861,17.85
3.8273,-2.7807,17.85
4.0238,-2.4658,17.85
4.2199,-2.1502,17.85
4.358,-1.8051,17.85
4.4969,-1.4611,17.85
4.6217,-1.1096,17.85
4.7057,-0.7453,17.85
4.6972,-0.3697,17.85
2.9994,0.0,18.0
2.9672,0.2335,18.0
2.9726,0.4708,18.0
2.8893,0.6937,18.0
2.8634,0.9304,18.0
2.7531,1.1404,18.0
2.6563,1.3534,18.0
2.5271,1.5486,18.0
2.4117,1.7522,18.0
2.2866,1.953,18.0
2.1286,2.1286,18.0
1.9558,2.29,18.0
1.7463,2.4036,18.0
1.563,2.5505,18.0
1.3421,2.6341,18.0
1.1348,2.7396,18.0
0.9287,2.8583,18.0
0.6903,2.8752,18.0
0.4662,2.9437,18.0
0.2333,2.964,18.0
0.0,3.0037,18.0
-0.2344,2.9784,18.0
-0.4676,2.952,18.0
-0.7016,2.9224,18.0
-0.9316,2.8671,18.0
-1.1426,2.7584,18.0
-1.343,2.6357,18.0
-1.5568,2.5404,18.0
-1.7534,2.4134,18.0
-1.9251,2.254,18.0
-2.1085,2.1085,18.0
-2.2881,1.9542,18.0
-2.4319,1.7669,18.0
-2.5487,1.5618,18.0
-2.6795,1.3653,18.0
-2.7543,-2.9689,18.0
-2.848,-2.9993,18.0
-2.9012,-2.9958,18.0
-2.9467,-2.9421,18.0
-2.961,-2.9754,18.0
-2.9595,-2.9899,18.0
-2.9787,-2.9454,18.0
-2.9421,-2.9972,18.0
-2.9294,-2.9436,18.0
-2.8412,-2.946,18.0
-2.7651,-2.9639,18.0
-2.6477,-1.349,18.0
-2.5212,-1.545,18.0
-2.4077,-1.7493,18.0
-2.2618,-1.9318,18.0
-2.1089,-2.1089,18.0
-1.9259,-2.255,18.0
-1.7683,-2.4338,18.0
-1.5476,-2.5254,18.0
-1.3505,-2.6505,18.0
-1.1349,-2.7398,18.0
-0.9152,-2.8168,18.0
-0.6999,-2.9153,18.0
-0.4702,-2.9686,18.0
-0.2349,-2.9852,18.0
-0.0,-2.9839,18.0
0.2324,-2.9523,18.0
0.4694,-2.9635,18.0
0.6963,-2.9004,18.0
0.921,-2.8346,18.0
1.1329,-2.7352,18.0
1.3462,-2.6421,18.0
1.559,-2.5441,18.0
1.7477,-2.4056,18.0
1.9409,-2.2725,18.0
2.1191,-2.1191,18.0
2.2875,-1.9537,18.0
2.4099,-1.7509,18.0
2.5452,-1.5597,18.0
2.6795,-1.3653,18.0
2.7328,-1.132,18.0
2.8248,-0.9178,18.0
2.906,-0.6977,18.0
2.9343,-0.4647,18.0
2.9788,-0.2344,18.0
3.0065,0.0,18.15
2.9943,0.2357,18.15
3.0193,0.4782,18.15
2.9275,0.7028,18.15
2.8987,0.9418,18.15
2.8038,1.1614,18.15
2.713,1.3824,18.15
2.6045,1.596,18.15
2.4444,1.776,18.15
2.3114,1.9741,18.15
2.155,2.155,18.15
1.9741,2.3114,18.15
1.78,2.4499,18.15
1.57,2.5621,18.15
1.3718,2.6922,18.15
1.1702,2.8251,18.15
0.9318,2.8678,18.15
0.7057,2.9393,18.15
0.4717,2.978,18.15
0.2397,3.046,18.15
0.0,3.0478,18.15
-0.236,2.9987,18.15
-0.4739,2.9921,18.15
-0.7116,2.9641,18.15
-0.9325,2.8699,18.15
-1.1613,2.8036,18.15
-1.3767,2.7019,18.15
-1.5825,2.5824,18.15
-1.797,2.4733,18.15
-1.9742,2.3115,18.15
-2.1558,2.1558,18.15
-2.3075,1.9708,18.15
-2.465,1.7909,18.15
-2.5685,1.574,18.15
-2.6932,1.3723,18.15
-2.7999,-2.9696,18.15
-2.8745,-2.9472,18.15
-2.9217,-2.9794,18.15
-2.9841,-2.9422,18.15
-3.014,-2.9531,18.15
-3.0253,-2.973,18.15
-2.9995,-2.9982,18.15
-2.9881,-2.9921,18.15
-2.9297,-2.9927,18.15
-2.9045,-2.9495,18.15
-2.8029,-2.9684,18.15
-2.7035,-1.3775,18.15
-2.5799,-1.581,18.15
-2.4398,-1.7726,18.15
-2.2991,-1.9636,18.15
-2.1317,-2.1317,18.15
-1.9749,-2.3123,18.15
-1.7744,-2.4423,18.15
-1.5886,-2.5924,18.15
-1.3792,-2.7069,18.15
-1.1562,-2.7913,18.15
-0.9292,-2.8599,18.15
-0.7056,-2.9391,18.15
-0.4756,-3.003,18.15
-0.2355,-2.9924,18.15
-0.0,-3.0161,18.15
0.2381,-3.0252,18.15
0.4765,-3.0086,18.15
0.7115,-2.9638,18.15
0.9324,-2.8697,18.15
1.1679,-2.8196,18.15
1.3883,-2.7247,18.15
1.5753,-2.5706,18.15
1.7979,-2.4746,18.15
1.9599,-2.2947,18.15
2.148,-2.148,18.15
2.3088,-1.9719,18.15
2.4698,-1.7944,18.15
2.5963,-1.591,18.15
2.6941,-1.3727,18.15
2.8103,-1.1641,18.15
2.9021,-0.943,18.15
2.9308,-0.7036,18.15
3.0134,-0.4773,18.15
3.0135,-0.2372,18.15
2.9944,0.0,18.3
2.9876,0.2351,18.3
2.9382,0.4654,18.3
2.9303,0.7035,18.3
2.8723,0.9333,18.3
2.7529,1.1403,18.3
2.671,1.3609,18.3
2.5587,1.568,18.3
2.4352,1.7693,18.3
2.2897,1.9556,18.3
2.1264,2.1264,18.3
1.9615,2.2966,18.3
1.7519,2.4113,18.3
1.5564,2.5398,18.3
1.3694,2.6876,18.3
1.1454,2.7652,18.3
0.9271,2.8532,18.3
0.6967,2.902,18.3
0.4708,2.9725,18.3
0.2338,2.9713,18.3
0.0,2.9897,18.3
-0.2346,2.9815,18.3
-0.4711,2.9741,18.3
-0.7008,2.9192,18.3
-0.9209,2.8341,18.3
-1.1524,2.782,18.3
-1.3575,2.6642,18.3
-1.5722,2.5656,18.3
-1.7613,2.4243,18.3
-1.9485,2.2814,18.3
-2.1356,2.1356,18.3
-2.2786,1.9461,18.3
-2.4079,1.7494,18.3
-2.5493,1.5622,18.3
-2.6848,1.368,18.3
-2.7923,-2.9861,18.3
-2.8591,-2.9992,18.3
-2.9002,-2.9668,18.3
-2.9579,-2.9752,18.3
-2.9617,-2.946,18.3
-2.9777,-2.9541,18.3
-2.9797,-2.9907,18.3
-2.9756,-2.9726,18.3
-2.9272,-2.9995,18.3
-2.8195,-2.9581,18.3
-2.7395,-2.9801,18.3
-2.662,-1.3564,18.3
-2.545,-1.5596,18.3
-2.4315,-1.7666,18.3
-2.2879,-1.9541,18.3
-2.1011,-2.1011,18.3
-1.9263,-2.2554,18.3
-1.7572,-2.4186,18.3
-1.5778,-2.5748,18.3
-1.3651,-2.6791,18.3
-1.1444,-2.7628,18.3
-0.921,-2.8345,18.3
-0.6982,-2.9081,18.3
-0.4668,-2.947,18.3
-0.2347,-2.9827,18.3
-0.0,-3.0131,18.3
0.2349,-2.9847,18.3
0.4705,-2.9708,18.3
0.7054,-2.9383,18.3
0.9231,-2.841,18.3
1.1488,-2.7735,18.3
1.3515,-2.6526,18.3
1.5695,-2.5611,18.3
1.7433,-2.3994,18.3
1.9569,-2.2913,18.3
2.1198,-2.1198,18.3
2.2852,-1.9518,18.3
2.4153,-1.7548,18.3
2.5772,-1.5793,18.3
2.647,-1.3487,18.3
2.7645,-1.1451,18.3
2.8223,-0.917,18.3
2.8931,-0.6946,18.3
2.928,-0.4638,18.3
3.0094,-0.2368,18.3
2.9817,0.0,18.45
2.9668,0.2335,18.45
2.8898,0.4577,18.45
2.8558,0.6856,18.45
2.8313,0.92,18.45
2.7334,1.1322,18.45
2.6196,1.3347,18.45
2.5071,1.5363,18.45
2.3657,1.7188,18.45
2.258,1.9285,18.45
2.0877,2.0877,18.45
1.9298,2.2595,18.45
1.7361,2.3895,18.45
1.5486,2.5271,18.45
1.3425,2.6347,18.45
1.1196,2.7029,18.45
0.9033,2.7802,18.45
0.6836,2.8473,18.45
0.4573,2.8871,18.45
0.2325,2.9542,18.45
0.0,2.9491,18.45
-0.2313,2.9383,18.45
-0.4612,2.9119,18.45
-0.6913,2.8797,18.45
-0.9129,2.8096,18.45
-1.1314,2.7314,18.45
-1.3494,2.6484,18.45
-1.5523,2.5331,18.45
-1.7509,2.4099,18.45
-1.9088,2.2349,18.45
-2.0922,2.0922,18.45
-2.2393,1.9126,18.45
-2.3651,1.7183,18.45
-2.4927,1.5275,18.45
-2.6485,1.3495,18.45
-2.7135,-2.9898,18.45
-2.7926,-2.9589,18.45
-2.8615,-2.9514,18.45
-2.9023,-2.9573,18.45
-2.9358,-2.9969,18.45
-2.9334,-2.9456,18.45
-2.9459,-2.9794,18.45
-2.8952,-2.9752,18.45
-2.844,-2.9573,18.45
-2.8331,-2.9922,18.45
-2.7026,-2.9568,18.45
-2.6368,-1.3435,18.45
-2.5411,-1.5572,18.45
-2.3778,-1.7276,18.45
-2.2415,-1.9144,18.45
-2.0819,-2.0819,18.45
-1.9084,-2.2345,18.45
-1.7499,-2.4085,18.45
-1.5431,-2.518,18.45
-1.3504,-2.6503,18.45
-1.1244,-2.7145,18.45
-0.9119,-2.8066,18.45
-0.6832,-2.8455,18.45
-0.4585,-2.8949,18.45
-0.2322,-2.9507,18.45
-0.0,-2.9448,18.45
0.2332,-2.9637,18.45
0.4631,-2.9237,18.45
0.6866,-2.8597,18.45
0.9124,-2.8081,18.45
1.1279,-2.7229,18.45
1.3337,-2.6174,18.45
1.5369,-2.508,18.45
1.7405,-2.3955,18.45
1.9282,-2.2577,18.45
2.1045,-2.1045,18.45
2.2638,-1.9335,18.45
2.3758,-1.7261,18.45
2.5305,-1.5507,18.45
2.6485,-1.3495,18.45
2.7047,-1.1203,18.45
2.7902,-0.9066,18.45
2.8883,-0.6934,18.45
2.9168,-0.462,18.45
2.9133,-0.2293,18.45
3.0083,0.0,18.6
2.9795,0.2345,18.6
2.9654,0.4697,18.6
2.9192,0.7008,18.6
2.8681,0.9319,18.6
2.8093,1.1637,18.6
2.6853,1.3682,18.6
2.5912,1.5879,18.6
2.4275,1.7637,18.6
2.2745,1.9426,18.6
2.1296,2.1296,18.6
1.9432,2.2752,18.6
1.7638,2.4277,18.6
1.5762,2.5721,18.6
1.3777,2.7039,18.6
1.1594,2.7991,18.6
0.9414,2.8974,18.6
0.7019,2.9236,18.6
0.476,3.0052,18.6
0.2346,2.9812,18.6
0.0,3.0407,18.6
-0.239,3.0374,18.6
-0.4744,2.9955,18.6
-0.6978,2.9065,18.6
-0.9372,2.8843,18.6
-1.1497,2.7757,18.6
-1.365,2.6789,18.6
-1.5671,2.5572,18.6
-1.7707,2.4371,18.6
-1.9648,2.3004,18.6
-2.1396,2.1396,18.6
-2.2878,1.954,18.6
-2.4205,1.7586,18.6
-2.5658,1.5723,18.6
-2.6739,1.3624,18.6
-2.8076,-2.9894,18.6
-2.855,-2.9615,18.6
-2.9286,-2.9712,18.6
-2.9997,-2.9881,18.6
-3.0241,-2.9482,18.6
-2.9925,-2.9676,18.6
-3.0223,-2.9717,18.6
-2.9715,-2.9927,18.6
-2.9128,-2.9484,18.6
-2.8637,-2.9914,18.6
-2.7838,-2.943,18.6
-2.688,-1.3696,18.6
-2.5625,-1.5703,18.6
-2.4407,-1.7733,18.6
-2.3051,-1.9687,18.6
-2.1517,-2.1517,18.6
-1.9502,-2.2834,18.6
-1.7812,-2.4516,18.6
-1.5684,-2.5595,18.6
-1.3577,-2.6646,18.6
-1.1444,-2.7629,18.6
-0.9297,-2.8612,18.6
-0.6989,-2.911,18.6
-0.4716,-2.9773,18.6
-0.2355,-2.9925,18.6
-0.0,-3.0061,18.6
0.2359,-2.9976,18.6
0.4701,-2.968,18.6
0.7025,-2.9259,18.6
0.9362,-2.8813,18.6
1.1488,-2.7734,18.6
1.3723,-2.6933,18.6
1.5741,-2.5687,18.6
1.7783,-2.4476,18.6
1.9706,-2.3072,18.6
2.1142,-2.1142,18.6
2.3054,-1.969,18.6
2.4621,-1.7888,18.6
2.5689,-1.5742,18.6
2.7088,-1.3802,18.6
2.7939,-1.1573,18.6
2.8859,-0.9377,18.6
2.927,-0.7027,18.6
2.9694,-0.4703,18.6
3.0353,-0.2389,18.6
3.0348,0.0,18.75
3.034,0.2388,18.75
3.0083,0.4765,18.75
2.937,0.7051,18.75
2.8769,0.9348,18.75
2.8249,1.1701,18.75
2.7058,1.3787,18.75
2.6002,1.5934,18.75
2.4883,1.8078,18.75
2.3262,1.9867,18.75
2.1672,2.1672,18.75
1.9875,2.327,18.75
1.8085,2.4892,18.75
1.6023,2.6147,18.75
1.3814,2.7112,18.75
1.1766,2.8406,18.75
0.9363,2.8818,18.75
0.7119,2.9651,18.75
0.4768,3.0104,18.75
0.2397,3.0454,18.75
0.0,3.0191,18.75
-0.2393,3.0404,18.75
-0.4732,2.9877,18.75
-0.7112,2.9622,18.75
-0.9496,2.9227,18.75
-1.169,2.8222,18.75
-1.3835,2.7153,18.75
-1.5852,2.5869,18.75
-1.7985,2.4754,18.75
-1.9994,2.341,18.75
-2.1646,2.1646,18.75
-2.3353,1.9945,18.75
-2.4641,1.7903,18.75
-2.6125,1.6009,18.75
-2.7051,1.3783,18.75
-2.836,-2.9697,18.75
-2.8929,-2.9551,18.75
-2.955,-2.9625,18.75
-3.0307,-2.952,18.75
-3.0408,-2.9952,18.75
-3.0694,-2.9455,18.75
-3.0301,-2.9507,18.75
-3.0309,-2.9669,18.75
-2.9889,-2.9414,18.75
-2.8922,-2.9752,18.75
-2.8263,-2.948,18.75
-2.7269,-1.3894,18.75
-2.5764,-1.5788,18.75
-2.4434,-1.7752,18.75
-2.3198,-1.9813,18.75
-2.1679,-2.1679,18.75
-1.972,-2.3089,18.75
-1.8048,-2.4842,18.75
-1.5803,-2.5789,18.75
-1.3752,-2.699,18.75
-1.1735,-2.8332,18.75
-0.9461,-2.9119,18.75
-0.7094,-2.9548,18.75
-0.4812,-3.0382,18.75
-0.2381,-3.0254,18.75
-0.0,-3.0604,18.75
0.2375,-3.0182,18.75
0.4741,-2.9932,18.75
0.7147,-2.9769,18.75
0.9371,-2.8841,18.75
1.1685,-2.8209,18.75
1.3715,-2.6917,18.75
1.5948,-2.6024,18.75
1.78,-2.45,18.75
1.9985,-2.3399,18.75
2.1503,-2.1503,18.75
2.3043,-1.9681,18.75
2.4775,-1.8,18.75
2.5822,-1.5824,18.75
2.7375,-1.3948,18.75
2.7914,-1.1562,18.75
2.9018,-0.9429,18.75
2.9928,-0.7185,18.75
3.0347,-0.4806,18.75
3.0541,-0.2404,18.75
2.9655,0.0,18.9
2.9505,0.2322,18.9
2.9415,0.4659,18.9
2.8728,0.6897,18.9
2.8028,0.9107,18.9
2.7515,1.1397,18.9
2.6587,1.3547,18.9
2.5596,1.5685,18.9
2.4214,1.7592,18.9
2.2783,1.9458,18.9
2.0927,2.0927,18.9
1.9258,2.2548,18.9
1.7471,2.4047,18.9
1.5586,2.5434,18.9
1.3446,2.6389,18.9
1.1478,2.771,18.9
0.9282,2.8567,18.9
0.6982,2.908,18.9
0.47,2.9673,18.9
0.2325,2.9545,18.9
0.0,2.9659,18.9
-0.2313,2.9394,18.9
-0.462,2.9169,18.9
-0.6959,2.8987,18.9
-0.9187,2.8276,18.9
-1.1324,2.734,18.9
-1.346,2.6417,18.9
-1.5519,2.5325,18.9
-1.7601,2.4225,18.9
-1.9186,2.2464,18.9
-2.1202,2.1202,18.9
-2.2815,1.9486,18.9
-2.411,1.7517,18.9
-2.5352,1.5535,18.9
-2.6546,1.3526,18.9
-2.7386,-2.9537,18.9
-2.837,-2.9819,18.9
-2.9193,-2.9929,18.9
-2.9665,-2.9781,18.9
-2.9887,-2.9671,18.9
-2.9782,-2.9849,18.9
-2.9847,-2.9883,18.9
-2.962,-2.9444,18.9
-2.879,-2.9833,18.9
-2.8109,-2.9635,18.9
-2.756,-2.9621,18.9
-2.6443,-1.3474,18.9
-2.5381,-1.5554,18.9
-2.4106,-1.7514,18.9
-2.2508,-1.9223,18.9
-2.0855,-2.0855,18.9
-1.9226,-2.2511,18.9
-1.7389,-2.3934,18.9
-1.5664,-2.5561,18.9
-1.3451,-2.6399,18.9
-1.134,-2.7377,18.9
-0.9113,-2.8048,18.9
-0.7009,-2.9193,18.9
-0.4632,-2.9247,18.9
-0.2339,-2.9724,18.9
-0.0,-2.9513,18.9
0.2348,-2.9832,18.9
0.4655,-2.9388,18.9
0.6948,-2.894,18.9
0.9161,-2.8193,18.9
1.1338,-2.7373,18.9
1.3527,-2.6548,18.9
1.5628,-2.5502,18.9
1.7599,-2.4223,18.9
1.9184,-2.2462,18.9
2.0821,-2.0821,18.9
2.2812,-1.9483,18.9
2.4276,-1.7637,18.9
2.5461,-1.5602,18.9
2.6435,-1.3469,18.9
2.7377,-1.134,18.9
2.8456,-0.9246,18.9
2.8945,-0.6949,18.9
2.9575,-0.4684,18.9
2.9441,-0.2317,18.9
2.9498,0.0,19.05
2.9489,0.2321,19.05
2.9274,0.4637,19.05
2.8534,0.6851,19.05
2.7899,0.9065,19.05
2.7512,1.1396,19.05
2.6658,1.3583,19.05
2.5269,1.5485,19.05
2.3806,1.7296,19.05
2.261,1.9311,19.05
2.1139,2.1139,19.05
1.9241,2.2529,19.05
1.7395,2.3942,19.05
1.5514,2.5316,19.05
1.3382,2.6264,19.05
1.1443,2.7626,19.05
0.9158,2.8185,19.05
0.6975,2.9052,19.05
0.4599,2.9034,19.05
0.2302,2.9251,19.05
0.0,2.9761,19.05
-0.2314,2.9398,19.05
-0.4656,2.9395,19.05
-0.6985,2.9095,19.05
-0.9201,2.8318,19.05
-1.1293,2.7265,19.05
-1.3498,2.6491,19.05
-1.5451,2.5214,19.05
-1.7369,2.3907,19.05
-1.9192,2.2471,19.05
-2.0929,2.0929,19.05
-2.2414,1.9143,19.05
-2.3911,1.7373,19.05
-2.5188,1.5435,19.05
-2.6571,1.3539,19.05
-2.7329,-2.9948,19.05
-2.8195,-2.9944,19.05
-2.8726,-2.9419,19.05
-2.9189,-2.9561,19.05
-2.9604,-2.9495,19.05
-2.9547,-2.9971,19.05
-2.9564,-2.9791,19.05
-2.9493,-2.9719,19.05
-2.8635,-2.9722,19.05
-2.8372,-2.9431,19.05
-2.7589,-2.9641,19.05
-2.6617,-1.3562,19.05
-2.5433,-1.5585,19.05
-2.4093,-1.7504,19.05
-2.2591,-1.9294,19.05
-2.0759,-2.0759,19.05
-1.928,-2.2574,19.05
-1.7237,-2.3725,19.05
-1.5504,-2.53,19.05
-1.3541,-2.6576,19.05
-1.1267,-2.7202,19.05
-0.9217,-2.8366,19.05
-0.6964,-2.9007,19.05
-0.4679,-2.954,19.05
-0.2338,-2.9712,19.05
-0.0,-2.978,19.05
0.233,-2.9604,19.05
0.4641,-2.9304,19.05
0.6909,-2.8778,19.05
0.9083,-2.7955,19.05
1.1434,-2.7603,19.05
1.3418,-2.6333,19.05
1.563,-2.5505,19.05
1.7406,-2.3957,19.05
1.9287,-2.2583,19.05
2.0748,-2.0748,19.05
2.249,-1.9208,19.05
2.3776,-1.7274,19.05
2.5039,-1.5344,19.05
2.6636,-1.3572,19.05
2.7209,-1.127,19.05
2.8407,-0.923,19.05
2.8686,-0.6887,19.05
2.9143,-0.4616,19.05
2.978,-0.2344,19.05
2.9738,0.0,19.2
2.9718,0.2339,19.2
2.9157,0.4618,19.2
2.9056,0.6976,19.2
2.8491,0.9257,19.2
2.7374,1.1339,19.2
2.656,1.3533,19.2
2.5339,1.5528,19.2
2.4123,1.7526,19.2
2.2632,1.933,19.2
2.1178,2.1178,19.2
1.9171,2.2446,19.2
1.7578,2.4194,19.2
1.5597,2.5453,19.2
1.355,2.6592,19.2
1.1356,2.7416,19.2
0.9087,2.7968,19.2
0.6949,2.8946,19.2
0.4665,2.9457,19.2
0.2343,2.9767,19.2
0.0,2.9495,19.2
-0.2341,2.9746,19.2
-0.462,2.917,19.2
-0.6907,2.8772,19.2
-0.9108,2.8031,19.2
-1.1471,2.7693,19.2
-1.3465,2.6426,19.2
-1.5513,2.5315,19.2
-1.7431,2.3992,19.2
-1.947,2.2797,19.2
-2.0924,2.0924,19.2
-2.2677,1.9368,19.2
-2.3797,1.7289,19.2
-2.5406,1.5569,19.2
-2.6205,1.3352,19.2
-2.766,-2.9623,19.2
-2.8129,-2.9447,19.2
-2.8982,-2.9892,19.2
-2.9478,-2.9549,19.2
-2.9473,-2.9972,19.2
-2.9577,-2.9674,19.2
-2.9524,-2.971,19.2
-2.9269,-2.993,19.2
-2.8817,-2.9974,19.2
-2.8047,-2.9517,19.2
-2.7189,-2.9854,19.2
-2.6477,-1.349,19.2
-2.5302,-1.5505,19.2
-2.393,-1.7386,19.2
-2.2513,-1.9228,19.2
-2.1157,-2.1157,19.2
-1.9283,-2.2577,19.2
-1.743,-2.399,19.2
-1.5414,-2.5154,19.2
-1.3408,-2.6315,19.2
-1.1321,-2.7332,19.2
-0.9176,-2.824,19.2
-0.6986,-2.9097,19.2
-0.4625,-2.9199,19.2
-0.2327,-2.957,19.2
-0.0,-2.9859,19.2
0.2337,-2.9697,19.2
0.4662,-2.9432,19.2
0.6893,-2.8712,19.2
0.9161,-2.8195,19.2
1.1349,-2.7398,19.2
1.3361,-2.6222,19.2
1.5548,-2.5372,19.2
1.7319,-2.3837,19.2
1.9265,-2.2556,19.2
2.1025,-2.1025,19.2
2.2679,-1.9369,19.2
2.3804,-1.7294,19.2
2.5066,-1.5361,19.2
2.6638,-1.3573,19.2
2.7689,-1.1469,19.2
2.8179,-0.9156,19.2
2.9026,-0.6968,19.2
2.9076,-0.4605,19.2
2.9618,-0.2331,19.2
2.9583,0.0,19.35
2.9943,0.2357,19.35
2.9615,0.4691,19.35
2.8958,0.6952,19.35
2.8145,0.9145,19.35
2.7664,1.1459,19.35
2.6413,1.3458,19.35
2.5301,1.5505,19.35
2.4254,1.7622,19.35
2.2764,1.9442,19.35
2.1107,2.1107,19.35
1.9469,2.2796,19.35
1.7344,2.3872,19.35
1.5681,2.5589,19.35
1.3447,2.6392,19.35
1.1456,2.7657,19.35
0.9196,2.8304,19.35
0.6974,2.9049,19.35
0.4666,2.9463,19.35
0.2322,2.9503,19.35
0.0,2.9566,19.35
-0.2349,2.9844,19.35
-0.4692,2.9625,19.35
-0.689,2.87,19.35
-0.9298,2.8616,19.35
-1.1417,2.7564,19.35
-1.363,2.6749,19.35
-1.5708,2.5633,19.35
-1.769,2.4348,19.35
-1.9182,2.2459,19.35
-2.1104,2.1104,19.35
-2.2888,1.9548,19.35
-2.408,1.7495,19.35
-2.5638,1.5711,19.35
-2.6387,1.3445,19.35
-2.7448,-2.9942,19.35
-2.8463,-2.9643,19.35
-2.923,-2.9812,19.35
-2.9437,-2.9604,19.35
-2.9648,-2.9939,19.35
-2.9976,-2.9923,19.35
-2.9892,-2.9475,19.35
-2.9527,-2.9683,19.35
-2.8917,-2.9833,19.35
-2.813,-2.9554,19.35
-2.7373,-2.9485,19.35
-2.681,-1.3661,19.35
-2.5647,-1.5717,19.35
-2.3928,-1.7385,19.35
-2.2885,-1.9546,19.35
-2.086,-2.086,19.35
-1.9207,-2.2489,19.35
-1.7596,-2.4219,19.35
-1.571,-2.5636,19.35
-1.3598,-2.6688,19.35
-1.1431,-2.7596,19.35
-0.9211,-2.8348,19.35
-0.6913,-2.8795,19.35
-0.466,-2.9424,19.35
-0.2347,-2.982,19.35
-0.0,-2.9689,19.35
0.2325,-2.9539,19.35
0.4678,-2.9535,19.35
0.6985,-2.9094,19.35
0.9206,-2.8333,19.35
1.1383,-2.748,19.35
1.345,-2.6397,19.35
1.5507,-2.5305,19.35
1.7536,-2.4136,19.35
1.9168,-2.2443,19.35
2.0977,-2.0977,19.35
2.25,-1.9217,19.35
2.428,-1.7641,19.35
2.5581,-1.5676,19.35
2.6687,-1.3598,19.35
2.759,-1.1428,19.35
2.8416,-0.9233,19.35
2.8964,-0.6954,19.35
2.9486,-0.467,19.35
2.982,-0.2347,19.35
3.0056,0.0,19.5
2.9578,0.2328,19.5
2.9205,0.4626,19.5
2.9241,0.702,19.5
2.8292,0.9193,19.5
2.7382,1.1342,19.5
2.6637,1.3572,19.5
2.5457,1.56,19.5
2.4073,1.749,19.5
2.2755,1.9435,19.5
2.128,2.128,19.5
1.9275,2.2569,19.5
1.7617,2.4248,19.5
1.5503,2.5299,19.5
1.3521,2.6537,19.5
1.1474,2.7701,19.5
0.914,2.8132,19.5
0.6932,2.8876,19.5
0.4624,2.9194,19.5
0.2324,2.953,19.5
0.0,2.9835,19.5
-0.2321,2.9491,19.5
-0.4636,2.9268,19.5
-0.6912,2.879,19.5
-0.9204,2.8328,19.5
-1.1313,2.7313,19.5
-1.3675,2.6838,19.5
-1.5478,2.5258,19.5
-1.7652,2.4296,19.5
-1.9344,2.2649,19.5
-2.1118,2.1118,19.5
-2.2623,1.9321,19.5
-2.4388,1.7719,19.5
-2.5285,1.5495,19.5
-2.6475,1.349,19.5
-2.7481,-2.9898,19.5
-2.843,-2.9785,19.5
-2.9282,-2.9701,19.5
-2.9394,-2.9614,19.5
-2.9721,-2.9909,19.5
-2.979,-2.9709,19.5
-2.9556,-2.9617,19.5
-2.923,-2.9881,19.5
-2.9274,-2.9957,19.5
-2.8147,-2.9468,19.5
-2.7674,-2.9489,19.5
-2.6711,-1.361,19.5
-2.5392,-1.556,19.5
-2.3955,-1.7404,19.5
-2.268,-1.9371,19.5
-2.1219,-2.1219,19.5
-1.927,-2.2562,19.5
-1.7619,-2.4251,19.5
-1.5448,-2.5209,19.5
-1.3485,-2.6466,19.5
-1.1498,-2.7759,19.5
-0.924,-2.8439,19.5
-0.6987,-2.9103,19.5
-0.4698,-2.9663,19.5
-0.2363,-3.0023,19.5
-0.0,-2.9863,19.5
0.2329,-2.9589,19.5
0.4698,-2.966,19.5
0.6919,-2.8818,19.5
0.9186,-2.8272,19.5
1.1458,-2.7662,19.5
1.3514,-2.6523,19.5
1.5604,-2.5463,19.5
1.738,-2.3922,19.5
1.9382,-2.2693,19.5
2.1246,-2.1246,19.5
2.2865,-1.9529,19.5
2.393,-1.7386,19.5
2.5315,-1.5513,19.5
2.6485,-1.3495,19.5
2.7633,-1.1446,19.5
2.826,-0.9182,19.5
2.8764,-0.6906,19.5
2.9636,-0.4694,19.5
3.0042,-0.2364,19.5
2.9669,0.0,19.65
2.9729,0.234,19.65
2.946,0.4666,19.65
2.8646,0.6877,19.65
2.8185,0.9158,19.65
2.7368,1.1336,19.65
2.6726,1.3618,19.65
2.5244,1.5469,19.65
2.4199,1.7582,19.65
2.2514,1.9229,19.65
2.0948,2.0948,19.65
1.946,2.2784,19.65
1.7537,2.4138,19.65
1.5517,2.5322,19.65
1.3404,2.6306,19.65
1.1361,2.7428,19.65
0.9239,2.8436,19.65
0.6889,2.8696,19.65
0.4665,2.9453,19.65
0.2336,2.9683,19.65
0.0,2.9984,19.65
-0.2337,2.9694,19.65
-0.4659,2.9413,19.65
-0.69,2.8742,19.65
-0.9241,2.844,19.65
-1.1309,2.7302,19.65
-1.3621,2.6733,19.65
-1.5593,2.5446,19.65
-1.7614,2.4243,19.65
-1.9306,2.2604,19.65
-2.1165,2.1165,19.65
-2.2542,1.9253,19.65
-2.4013,1.7447,19.65
-2.5288,1.5497,19.65
-2.6417,1.346,19.65
-2.7589,-2.9985,19.65
-2.8512,-2.9649,19.65
-2.9006,-2.9499,19.65
-2.9177,-2.9881,19.65
-2.9345,-2.9625,19.65
-2.9532,-2.9696,19.65
-2.9903,-2.96,19.65
-2.9646,-2.9509,19.65
-2.9151,-2.9687,19.65
-2.834,-2.9994,19.65
-2.7279,-2.9702,19.65
-2.663,-1.3568,19.65
-2.5194,-1.5439,19.65
-2.4014,-1.7447,19.65
-2.2608,-1.9309,19.65
-2.0992,-2.0992,19.65
-1.9317,-2.2617,19.65
-1.735,-2.388,19.65
-1.5549,-2.5374,19.65
-1.3614,-2.6719,19.65
-1.1484,-2.7725,19.65
-0.9251,-2.8471,19.65
-0.694,-2.8905,19.65
-0.4661,-2.9426,19.65
-0.234,-2.9738,19.65
-0.0,-2.9989,19.65
0.2335,-2.9672,19.65
0.4625,-2.9199,19.65
0.6927,-2.8853,19.65
0.9272,-2.8537,19.65
1.1479,-2.7712,19.65
1.3517,-2.6529,19.65
1.5508,-2.5307,19.65
1.7427,-2.3986,19.65
1.9327,-2.2629,19.65
2.0839,-2.0839,19.65
2.2443,-1.9169,19.65
2.3863,-1.7337,19.65
2.532,-1.5516,19.65
2.66,-1.3553,19.65
2.7511,-1.1395,19.65
2.8097,-0.9129,19.65
2.9119,-0.6991,19.65
2.9556,-0.4681,19.65
2.9342,-0.2309,19.65
3.0598,0.0,19.8
3.0495,0.24,19.8
2.9888,0.4734,19.8
2.9746,0.7141,19.8
2.8898,0.9389,19.8
2.8395,1.1762,19.8
2.7242,1.388,19.8
2.6176,1.6041,19.8
2.4826,1.8037,19.8
2.3198,1.9813,19.8
2.1388,2.1388,19.8
1.9973,2.3386,19.8
1.8052,2.4846,19.8
1.5784,2.5758,19.8
1.3709,2.6906,19.8
1.163,2.8077,19.8
0.9369,2.8833,19.8
0.7113,2.9627,19.8
0.4726,2.984,19.8
0.2388,3.0348,19.8
0.0,3.0614,19.8
-0.2371,3.0123,19.8
-0.4749,2.9983,19.8
-0.705,2.9364,19.8
-0.946,2.9114,19.8
-1.1652,2.8129,19.8
-1.3898,2.7276,19.8
-1.6066,2.6218,19.8
-1.7986,2.4755,19.8
-1.9807,2.3191,19.8
-2.1511,2.1511,19.8
-2.3336,1.9931,19.8
-2.4792,1.8012,19.8
-2.6113,1.6002,19.8
-2.7322,1.3921,19.8
-2.8245,-2.9727,19.8
-2.915,-2.9711,19.8
-2.9515,-2.9941,19.8
-3.0154,-2.9839,19.8
-3.065,-2.9418,19.8
-3.0577,-2.9871,19.8
-3.0282,-2.9724,19.8
-3.0232,-2.9454,19.8
-2.9873,-2.9504,19.8
-2.9201,-2.9707,19.8
-2.7909,-2.9578,19.8
-2.6959,-1.3736,19.8
-2.5894,-1.5868,19.8
-2.4512,-1.7809,19.8
-2.3055,-1.9691,19.8
-2.1363,-2.1363,19.8
-1.9625,-2.2978,19.8
-1.8,-2.4775,19.8
-1.6026,-2.6152,19.8
-1.3905,-2.729,19.8
-1.1727,-2.8311,19.8
-0.9452,-2.9089,19.8
-0.7098,-2.9565,19.8
-0.4815,-3.0402,19.8
-0.2404,-3.0551,19.8
-0.0,-3.0458,19.8
0.2394,-3.0418,19.8
0.4778,-3.0165,19.8
0.7173,-2.9879,19.8
0.9452,-2.9092,19.8
1.1781,-2.8441,19.8
1.3904,-2.7288,19.8
1.5783,-2.5756,19.8
1.8087,-2.4894,19.8
1.9955,-2.3364,19.8
2.1641,-2.1641,19.8
2.3004,-1.9647,19.8
2.482,-1.8033,19.8
2.6077,-1.598,19.8
2.7088,-1.3802,19.8
2.8127,-1.165,19.8
2.8875,-0.9382,19.8
2.982,-0.7159,19.8
3.0092,-0.4766,19.8
3.0305,-0.2385,19.8
3.0179,0.0,19.95
3.0203,0.2377,19.95
3.0255,0.4792,19.95
2.9646,0.7117,19.95
2.8855,0.9376,19.95
2.823,1.1693,19.95
2.7044,1.378,19.95
2.5905,1.5875,19.95
2.4717,1.7958,19.95
2.2998,1.9642,19.95
2.161,2.161,19.95
1.9805,2.3189,19.95
1.7767,2.4455,19.95
1.5923,2.5984,19.95
1.3714,2.6914,19.95
1.1561,2.7912,19.95
0.9436,2.904,19.95
0.7069,2.9446,19.95
0.473,2.9862,19.95
0.2371,3.0125,19.95
0.0,3.0124,19.95
-0.2367,3.0078,19.95
-0.4769,3.0113,19.95
-0.7091,2.9536,19.95
-0.9404,2.8944,19.95
-1.1531,2.7839,19.95
-1.368,2.6848,19.95
-1.5731,2.567,19.95
-1.803,2.4817,19.95
-1.9896,2.3295,19.95
-2.1445,2.1445,19.95
-2.3268,1.9873,19.95
-2.4344,1.7687,19.95
-2.5842,1.5836,19.95
-2.7051,1.3783,19.95
-2.8127,-2.9612,19.95
-2.9145,-2.94,19.95
-2.9318,-2.9677,19.95
-2.974,-2.9975,19.95
-3.0417,-2.9635,19.95
-3.0578,-2.9452,19.95
-3.0146,-2.9829,19.95
-2.9986,-2.9621,19.95
-2.9522,-2.9593,19.95
-2.8899,-2.9484,19.95
-2.8041,-2.999,19.95
-2.725,-1.3884,19.95
-2.5971,-1.5915,19.95
-2.4351,-1.7692,19.95
-2.3257,-1.9863,19.95
-2.1559,-2.1559,19.95
-1.9562,-2.2904,19.95
-1.7973,-2.4737,19.95
-1.5746,-2.5695,19.95
-1.3873,-2.7227,19.95
-1.1614,-2.8038,19.95
-0.9406,-2.8949,19.95
-0.7095,-2.9555,19.95
-0.4727,-2.9842,19.95
-0.2378,-3.0218,19.95
-0.0,-3.0228,19.95
0.2382,-3.0269,19.95
0.4764,-3.008,19.95
0.7025,-2.9263,19.95
0.9361,-2.8811,19.95
1.1701,-2.8248,19.95
1.3921,-2.7322,19.95
1.601,-2.6126,19.95
1.7767,-2.4454,19.95
1.9558,-2.2899,19.95
2.1271,-2.1271,19.95
2.3064,-1.9698,19.95
2.4592,-1.7867,19.95
2.582,-1.5823,19.95
2.6987,-1.3751,19.95
2.7806,-1.1518,19.95
2.8656,-0.9311,19.95
2.9459,-0.7072,19.95
2.9729,-0.4709,19.95
3.0402,-0.2393,19.95
2.958,0.0,20.1
2.9864,0.235,20.1
2.9487,0.467,20.1
2.906,0.6977,20.1
2.8329,0.9205,20.1
2.7706,1.1476,20.1
2.6616,1.3561,20.1
2.5243,1.5469,20.1
2.4059,1.748,20.1
2.2583,1.9287,20.1
2.1245,2.1245,20.1
1.9458,2.2783,20.1
1.7426,2.3984,20.1
1.5427,2.5175,20.1
1.3661,2.6811,20.1
1.152,2.7811,20.1
0.9244,2.845,20.1
0.6987,2.9103,20.1
0.4656,2.9396,20.1
0.2335,2.9667,20.1
0.0,2.9633,20.1
-0.2328,2.9581,20.1
-0.4712,2.9751,20.1
-0.6934,2.8881,20.1
-0.9154,2.8174,20.1
-1.1398,2.7517,20.1
-1.3658,2.6806,20.1
-1.5725,2.5662,20.1
-1.767,2.4321,20.1
-1.9316,2.2616,20.1
-2.1202,2.1202,20.1
-2.2841,1.9508,20.1
-2.4184,1.7571,20.1
-2.5679,1.5736,20.1
-2.6396,1.3449,20.1
-2.7647,-2.9785,20.1
-2.8597,-2.9884,20.1
-2.8754,-2.9501,20.1
-2.9422,-2.9741,20.1
-2.9734,-2.9873,20.1
-2.9836,-2.9538,20.1
-2.9812,-2.9553,20.1
-2.9349,-2.988,20.1
-2.8743,-2.9432,20.1
-2.8455,-2.9974,20.1
-2.7432,-2.9498,20.1
-2.6822,-1.3666,20.1
-2.5237,-1.5465,20.1
-2.4201,-1.7583,20.1
-2.2805,-1.9477,20.1
-2.102,-2.102,20.1
-1.9226,-2.251,20.1
-1.7671,-2.4322,20.1
-1.5455,-2.522,20.1
-1.3599,-2.669,20.1
-1.1456,-2.7657,20.1
-0.9208,-2.8339,20.1
-0.6942,-2.8917,20.1
-0.4623,-2.9187,20.1
-0.2357,-2.995,20.1
-0.0,-2.9979,20.1
0.2351,-2.9868,20.1
0.4639,-2.9291,20.1
0.6897,-2.8727,20.1
0.9226,-2.8394,20.1
1.14,-2.7522,20.1
1.3443,-2.6383,20.1
1.561,-2.5474,20.1
1.749,-2.4073,20.1
1.9252,-2.2542,20.1
2.1113,-2.1113,20.1
2.2601,-1.9303,20.1
2.3887,-1.7355,20.1
2.5551,-1.5658,20.1
2.6367,-1.3435,20.1
2.755,-1.1412,20.1
2.8395,-0.9226,20.1
2.9064,-0.6978,20.1
2.9415,-0.4659,20.1
2.9967,-0.2358,20.1
3.0315,0.0,20.25
3.0032,0.2364,20.25
2.9579,0.4685,20.25
2.9612,0.7109,20.25
2.9013,0.9427,20.25
2.8011,1.1603,20.25
2.6693,1.3601,20.25
2.5777,1.5796,20.25
2.4661,1.7918,20.25
2.2935,1.9588,20.25
2.12,2.12,20.25
1.9676,2.3038,20.25
1.7648,2.429,20.25
1.5684,2.5594,20.25
1.376,2.7006,20.25
1.1599,2.8003,20.25
0.9392,2.8905,20.25
0.6991,2.9121,20.25
0.473,2.9866,20.25
0.2377,3.0204,20.25
0.0,3.0435,20.25
-0.2382,3.0261,20.25
-0.4706,2.9711,20.25
-0.7023,2.9252,20.25
-0.9268,2.8524,20.25
-1.166,2.815,20.25
-1.3841,2.7164,20.25
-1.5838,2.5845,20.25
-1.7789,2.4484,20.25
-1.9585,2.2931,20.25
-2.1331,2.1331,20.25
-2.2783,1.9459,20.25
-2.4541,1.783,20.25
-2.5902,1.5873,20.25
-2.6698,1.3604,20.25
-2.7823,-2.9752,20.25
-2.8776,-2.9861,20.25
-2.9387,-2.9592,20.25
-2.9716,-2.9803,20.25
-3.0118,-2.9442,20.25
-3.0137,-2.9619,20.25
-3.0232,-2.9973,20.25
-2.9753,-2.9567,20.25
-2.9505,-2.9903,20.25
-2.8777,-2.9647,20.25
-2.7743,-2.9689,20.25
-2.6843,-1.3677,20.25
-2.5909,-1.5877,20.25
-2.4205,-1.7586,20.25
-2.2794,-1.9468,20.25
-2.1171,-2.1171,20.25
-1.9529,-2.2866,20.25
-1.7642,-2.4282,20.25
-1.5755,-2.571,20.25
-1.3706,-2.69,20.25
-1.1669,-2.8172,20.25
-0.9292,-2.8597,20.25
-0.7031,-2.9287,20.25
-0.4714,-2.9765,20.25
-0.2361,-3.0003,20.25
-0.0,-2.9928,20.25
0.2372,-3.0134,20.25
0.4733,-2.9884,20.25
0.707,-2.9449,20.25
0.937,-2.8837,20.25
1.1642,-2.8107,20.25
1.3579,-2.6651,20.25
1.583,-2.5833,20.25
1.7849,-2.4567,20.25
1.9603,-2.2952,20.25
2.1463,-2.1463,20.25
2.298,-1.9627,20.25
2.4438,-1.7755,20.25
2.5749,-1.5779,20.25
2.6707,-1.3608,20.25
2.7843,-1.1533,20.25
2.8558,-0.9279,20.25
2.918,-0.7005,20.25
2.9565,-0.4683,20.25
2.9924,-0.2355,20.25
2.9946,0.0,20.4
2.9923,0.2355,20.4
2.9554,0.4681,20.4
2.9121,0.6991,20.4
2.8757,0.9344,20.4
2.803,1.161,20.4
2.6795,1.3653,20.4
2.5556,1.5661,20.4
2.45,1.78,20.4
2.2743,1.9424,20.4
2.1407,2.1407,20.4
1.9505,2.2837,20.4
1.7651,2.4294,20.4
1.5788,2.5763,20.4
1.3763,2.7012,20.4
1.1507,2.7781,20.4
0.9265,2.8513,20.4
0.7068,2.9439,20.4
0.475,2.9993,20.4
0.2358,2.996,20.4
0.0,3.0409,20.4
-0.2379,3.0222,20.4
-0.4694,2.9639,20.4
-0.701,2.92,20.4
-0.9376,2.8857,20.4
-1.1458,2.7662,20.4
-1.3717,2.692,20.4
-1.5596,2.5451,20.4
-1.765,2.4293,20.4
-1.9642,2.2997,20.4
-2.1232,2.1232,20.4
-2.2702,1.939,20.4
-2.4354,1.7694,20.4
-2.5666,1.5728,20.4
-2.6729,1.3619,20.4
-2.7752,-2.9643,20.4
-2.8893,-2.9556,20.4
-2.9077,-2.9638,20.4
-2.959,-2.9424,20.4
-2.9771,-2.95,20.4
-3.0164,-2.9465,20.4
-3.0224,-2.9487,20.4
-2.97,-2.9706,20.4
-2.9552,-2.9616,20.4
-2.865,-2.9921,20.4
-2.7963,-2.9715,20.4
-2.6727,-1.3618,20.4
-2.559,-1.5682,20.4
-2.436,-1.7699,20.4
-2.3001,-1.9644,20.4
-2.1214,-2.1214,20.4
-1.9709,-2.3077,20.4
-1.7663,-2.4312,20.4
-1.5614,-2.548,20.4
-1.3785,-2.7054,20.4
-1.1508,-2.7782,20.4
-0.9399,-2.8928,20.4
-0.7097,-2.9561,20.4
-0.4677,-2.953,20.4
-0.2356,-2.9932,20.4
-0.0,-3.0091,20.4
0.2384,-3.029,20.4
0.4737,-2.9909,20.4
0.7089,-2.9529,20.4
0.9258,-2.8492,20.4
1.1517,-2.7804,20.4
1.3805,-2.7094,20.4
1.5718,-2.565,20.4
1.7621,-2.4253,20.4
1.9692,-2.3056,20.4
2.1406,-2.1406,20.4
2.302,-1.9661,20.4
2.4603,-1.7875,20.4
2.5892,-1.5867,20.4
2.692,-1.3717,20.4
2.8002,-1.1599,20.4
2.8624,-0.93,20.4
2.9106,-0.6988,20.4
2.9835,-0.4725,20.4
2.9938,-0.2356,20.4
2.9888,0.0,20.55
2.9232,0.2301,20.55
2.9351,0.4649,20.55
2.8996,0.6961,20.55
2.7921,0.9072,20.55
2.7443,1.1367,20.55
2.6242,1.3371,20.55
2.5261,1.548,20.55
2.4014,1.7448,20.55
2.2678,1.9369,20.55
2.1108,2.1108,20.55
1.9188,2.2466,20.55
1.7382,2.3924,20.55
1.5323,2.5005,20.55
1.352,2.6534,20.55
1.1398,2.7518,20.55
0.9158,2.8185,20.55
0.6962,2.8998,20.55
0.4618,2.9155,20.55
0.2299,2.9213,20.55
0.0,2.9502,20.55
-0.2304,2.9274,20.55
-0.4596,2.9017,20.55
-0.6879,2.8652,20.55
-0.9113,2.8047,20.55
-1.1267,2.7202,20.55
-1.3311,2.6124,20.55
-1.5596,2.5451,20.55
-1.737,2.3908,20.55
-1.9154,2.2427,20.55
-2.072,2.072,20.55
-2.2375,1.911,20.55
-2.4177,1.7565,20.55
-2.5179,1.543,20.55
-2.6374,1.3438,20.55
-2.7183,-2.981,20.55
-2.8176,-2.9573,20.55
-2.8958,-2.9723,20.55
-2.9025,-2.9882,20.55
-2.9358,-2.9608,20.55
-2.9309,-2.9721,20.55
-2.9385,-2.9415,20.55
-2.9182,-2.9678,20.55
-2.8645,-2.9765,20.55
-2.8029,-2.9447,20.55
-2.7329,-2.9626,20.55
-2.6548,-1.3527,20.55
-2.5236,-1.5465,20.55
-2.3812,-1.7301,20.55
-2.2378,-1.9113,20.55
-2.0896,-2.0896,20.55
-1.9266,-2.2557,20.55
-1.7367,-2.3903,20.55
-1.5577,-2.542,20.55
-1.3465,-2.6427,20.55
-1.1292,-2.7262,20.55
-0.9171,-2.8225,20.55
-0.6884,-2.8673,20.55
-0.4639,-2.9288,20.55
-0.2343,-2.9774,20.55
-0.0,-2.9646,20.55
0.2313,-2.9396,20.55
0.4585,-2.8952,20.55
0.6886,-2.8683,20.55
0.9079,-2.7943,20.55
1.1398,-2.7517,20.55
1.3311,-2.6125,20.55
1.5517,-2.5321,20.55
1.7522,-2.4116,20.55
1.9178,-2.2454,20.55
2.1037,-2.1037,20.55
2.2645,-1.934,20.55
2.3704,-1.7222,20.55
2.524,-1.5467,20.55
2.6123,-1.331,20.55
2.7198,-1.1266,20.55
2.7909,-0.9068,20.55
2.8909,-0.694,20.55
2.9108,-0.461,20.55
2.9444,-0.2317,20.55
2.9585,0.0,20.7
2.9914,0.2354,20.7
2.9277,0.4637,20.7
2.9046,0.6973,20.7
2.8485,0.9255,20.7
2.7568,1.1419,20.7
2.6673,1.3591,20.7
2.5579,1.5675,20.7
2.3959,1.7407,20.7
2.2622,1.9321,20.7
2.089,2.089,20.7
1.9118,2.2384,20.7
1.7419,2.3975,20.7
1.5472,2.5248,20.7
1.3392,2.6282,20.7
1.1423,2.7578,20.7
0.9226,2.8395,20.7
0.6931,2.8869,20.7
0.4658,2.941,20.7
0.2314,2.9397,20.7
0.0,2.9762,20.7
-0.2331,2.9624,20.7
-0.4676,2.9524,20.7
-0.7001,2.9159,20.7
-0.926,2.8498,20.7
-1.1333,2.7361,20.7
-1.3532,2.6557,20.7
-1.5491,2.528,20.7
-1.7626,2.426,20.7
-1.9325,2.2626,20.7
-2.0936,2.0936,20.7
-2.2676,1.9367,20.7
-2.401,1.7444,20.7
-2.5405,1.5568,20.7
-2.6489,1.3497,20.7
-2.7625,-2.9962,20.7
-2.831,-2.9403,20.7
-2.8837,-2.9727,20.7
-2.9218,-2.9632,20.7
-2.9661,-2.963,20.7
-2.99,-2.9924,20.7
-2.9355,-2.9895,20.7
-2.912,-2.9892,20.7
-2.8847,-2.9415,20.7
-2.8126,-2.9933,20.7
-2.7706,-2.9823,20.7
-2.6606,-1.3556,20.7
-2.5314,-1.5513,20.7
-2.4247,-1.7616,20.7
-2.2595,-1.9298,20.7
-2.1055,-2.1055,20.7
-1.946,-2.2785,20.7
-1.7458,-2.4029,20.7
-1.5633,-2.551,20.7
-1.3581,-2.6654,20.7
-1.1291,-2.7259,20.7
-0.9225,-2.8392,20.7
-0.6876,-2.8641,20.7
-0.4605,-2.9072,20.7
-0.2331,-2.9616,20.7
-0.0,-2.9601,20.7
0.2313,-2.9384,20.7
0.4683,-2.9565,20.7
0.6881,-2.8661,20.7
0.9188,-2.8279,20.7
1.1325,-2.7341,20.7
1.3471,-2.6439,20.7
1.5455,-2.5221,20.7
1.7427,-2.3986,20.7
1.9213,-2.2496,20.7
2.1084,-2.1084,20.7
2.2422,-1.915,20.7
2.4273,-1.7635,20.7
2.5498,-1.5625,20.7
2.6718,-1.3614,20.7
2.7257,-1.129,20.7
2.8558,-0.9279,20.7
2.9049,-0.6974,20.7
2.9415,-0.4659,20.7
2.9667,-0.2335,20.7
2.9853,0.0,20.85
2.9838,0.2348,20.85
2.9759,0.4713,20.85
2.9094,0.6985,20.85
2.8642,0.9306,20.85
2.7969,1.1585,20.85
2.6506,1.3505,20.85
2.5714,1.5758,20.85
2.4416,1.7739,20.85
2.3071,1.9704,20.85
2.1101,2.1101,20.85
1.9383,2.2695,20.85
1.7733,2.4408,20.85
1.5669,2.5569,20.85
1.3661,2.6811,20.85
1.1415,2.7558,20.85
0.928,2.856,20.85
0.6972,2.9041,20.85
0.4687,2.9592,20.85
0.2343,2.9776,20.85
0.0,3.0012,20.85
-0.2378,3.0219,20.85
-0.4727,2.9845,20.85
-0.7017,2.9227,20.85
-0.9278,2.8554,20.85
-1.1541,2.7863,20.85
-1.3545,2.6584,20.85
-1.565,2.5538,20.85
-1.7648,2.429,20.85
-1.941,2.2726,20.85
-2.1152,2.1152,20.85
-2.2752,1.9432,20.85
-2.4142,1.754,20.85
-2.5734,1.577,20.85
-2.6923,1.3718,20.85
-2.7761,-2.981,20.85
-2.8666,-2.9486,20.85
-2.9186,-2.9979,20.85
-2.9941,-2.9909,20.85
-3.0137,-2.9448,20.85
-3.0006,-2.9974,20.85
-3.0155,-2.9527,20.85
-2.9646,-2.9978,20.85
-2.8963,-2.9641,20.85
-2.8817,-2.9926,20.85
-2.7645,-2.9918,20.85
-2.6828,-1.3669,20.85
-2.5472,-1.5609,20.85
-2.4423,-1.7744,20.85
-2.2872,-1.9534,20.85
-2.1247,-2.1247,20.85
-1.9475,-2.2802,20.85
-1.7502,-2.409,20.85
-1.5687,-2.56,20.85
-1.3715,-2.6917,20.85
-1.1444,-2.7629,20.85
-0.9263,-2.8508,20.85
-0.6985,-2.9095,20.85
-0.4708,-2.9722,20.85
-0.2347,-2.9821,20.85
-0.0,-2.9901,20.85
0.2349,-2.9851,20.85
0.4708,-2.9725,20.85
0.6945,-2.893,20.85
0.9315,-2.8668,20.85
1.1417,-2.7563,20.85
1.3692,-2.6872,20.85
1.5818,-2.5813,20.85
1.7711,-2.4377,20.85
1.9482,-2.281,20.85
2.1227,-2.1227,20.85
2.2943,-1.9595,20.85
2.4469,-1.7777,20.85
2.5658,-1.5723,20.85
2.66,-1.3554,20.85
2.7968,-1.1585,20.85
2.8367,-0.9217,20.85
2.9049,-0.6974,20.85
2.9717,-0.4707,20.85
2.9791,-0.2345,20.85
3.007,0.0,21.0
2.9614,0.2331,21.0
2.9406,0.4658,21.0
2.8742,0.69,21.0
2.8359,0.9215,21.0
2.7693,1.1471,21.0
2.6578,1.3542,21.0
2.5541,1.5652,21.0
2.4143,1.7541,21.0
2.2661,1.9354,21.0
2.1212,2.1212,21.0
1.9406,2.2721,21.0
1.7511,2.4102,21.0
1.5632,2.5509,21.0
1.343,2.6357,21.0
1.1354,2.7411,21.0
0.9152,2.8167,21.0
0.6979,2.9071,21.0
0.4656,2.9396,21.0
0.2317,2.9441,21.0
0.0,2.979,21.0
-0.2348,2.984,21.0
-0.4669,2.9481,21.0
-0.6905,2.8761,21.0
-0.9239,2.8435,21.0
-1.1291,2.7258,21.0
-1.3649,2.6789,21.0
-1.5467,2.5239,21.0
-1.7641,2.4281,21.0
-1.9197,2.2477,21.0
-2.1003,2.1003,21.0
-2.2716,1.9401,21.0
-2.3932,1.7388,21.0
-2.5192,1.5438,21.0
-2.6788,1.3649,21.0
-2.7442,-2.9509,21.0
-2.8425,-2.9489,21.0
-2.9153,-2.9857,21.0
-2.9263,-2.9518,21.0
-2.9752,-2.9763,21.0
-2.9979,-2.9764,21.0
-2.9779,-2.9405,21.0
-2.945,-2.9731,21.0
-2.8798,-2.9638,21.0
-2.8202,-2.963,21.0
-2.7761,-2.988,21.0
-2.665,-1.3579,21.0
-2.5366,-1.5545,21.0
-2.4318,-1.7668,21.0
-2.2726,-1.941,21.0
-2.0971,-2.0971,21.0
-1.9496,-2.2827,21.0
-1.7625,-2.4258,21.0
-1.5657,-2.555,21.0
-1.3592,-2.6675,21.0
-1.139,-2.7497,21.0
-0.919,-2.8285,21.0
-0.6951,-2.8954,21.0
-0.4662,-2.9433,21.0
-0.2352,-2.9879,21.0
-0.0,-3.0042,21.0
0.2341,-2.9748,21.0
0.4637,-2.9279,21.0
0.7006,-2.9182,21.0
0.9251,-2.8472,21.0
1.1479,-2.7712,21.0
1.3434,-2.6365,21.0
1.5565,-2.54,21.0
1.7373,-2.3912,21.0
1.9328,-2.263,21.0
2.1254,-2.1254,21.0
2.2637,-1.9334,21.0
2.4343,-1.7686,21.0
2.5213,-1.5451,21.0
2.6469,-1.3487,21.0
2.7669,-1.1461,21.0
2.8053,-0.9115,21.0
2.9041,-0.6972,21.0
2.946,-0.4666,21.0
2.9706,-0.2338,21.0
2.996,0.0,21.15
2.9808,0.2346,21.15
2.9479,0.4669,21.15
2.9316,0.7038,21.15
2.8305,0.9197,21.15
2.7979,1.1589,21.15
2.6661,1.3585,21.15
2.5706,1.5753,21.15
2.4197,1.758,21.15
2.2715,1.9401,21.15
2.1167,2.1167,21.15
1.9447,2.2769,21.15
1.776,2.4444,21.15
1.5587,2.5436,21.15
1.3669,2.6826,21.15
1.1497,2.7757,21.15
0.9224,2.8387,21.15
0.7027,2.927,21.15
0.4716,2.9778,21.15
0.2371,3.0121,21.15
0.0,3.0014,21.15
-0.2344,2.9784,21.15
-0.4703,2.9692,21.15
-0.7066,2.9433,21.15
-0.9211,2.8349,21.15
-1.1452,2.7647,21.15
-1.3605,2.6702,21.15
-1.5759,2.5717,21.15
-1.7506,2.4094,21.15
-1.939,2.2702,21.15
-2.1133,2.1133,21.15
-2.2694,1.9383,21.15
-2.4201,1.7583,21.15
-2.5757,1.5784,21.15
-2.6919,1.3716,21.15
-2.7944,-2.9702,21.15
-2.884,-2.9691,21.15
-2.921,-2.9461,21.15
-2.9574,-2.9595,21.15
-3.0061,-2.9775,21.15
-3.0174,-2.9572,21.15
-2.9758,-2.9649,21.15
-2.9738,-2.9707,21.15
-2.9347,-2.9994,21.15
-2.8787,-2.9489,21.15
-2.7607,-2.9809,21.15
-2.7027,-1.3771,21.15
-2.5845,-1.5838,21.15
-2.412,-1.7524,21.15
-2.2962,-1.9612,21.15
-2.1227,-2.1227,21.15
-1.9619,-2.2971,21.15
-1.7812,-2.4516,21.15
-1.5681,-2.5589,21.15
-1.3565,-2.6623,21.15
-1.1459,-2.7663,21.15
-0.9335,-2.8731,21.15
-0.6999,-2.9153,21.15
-0.4697,-2.9654,21.15
-0.2338,-2.9706,21.15
-0.0,-3.016,21.15
0.2338,-2.9705,21.15
0.4711,-2.9747,21.15
0.6944,-2.8922,21.15
0.9214,-2.8357,21.15
1.1575,-2.7944,21.15
1.364,-2.6771,21.15
1.5837,-2.5844,21.15
1.771,-2.4376,21.15
1.944,-2.2761,21.15
2.1311,-2.1311,21.15
2.2696,-1.9384,21.15
2.4495,-1.7796,21.15
2.5769,-1.5791,21.15
2.6635,-1.3571,21.15
2.7942,-1.1574,21.15
2.8592,-0.929,21.15
2.9351,-0.7047,21.15
2.941,-0.4658,21.15
2.9657,-0.2334,21.15
2.9794,0.0,21.3
2.9482,0.232,21.3
2.9174,0.4621,21.3
2.8933,0.6946,21.3
2.8334,0.9206,21.3
2.7586,1.1426,21.3
2.6594,1.355,21.3
2.5109,1.5387,21.3
2.3684,1.7208,21.3
2.2649,1.9344,21.3
2.0704,2.0704,21.3
1.9339,2.2644,21.3
1.7313,2.3829,21.3
1.5401,2.5133,21.3
1.3529,2.6552,21.3
1.1351,2.7403,21.3
0.9209,2.8342,21.3
0.6898,2.8734,21.3
0.4613,2.9124,21.3
0.234,2.9732,21.3
0.0,2.9289,21.3
-0.2339,2.9724,21.3
-0.4658,2.9408,21.3
-0.6955,2.897,21.3
-0.9214,2.8359,21.3
-1.1218,2.7082,21.3
-1.3526,2.6546,21.3
-1.5573,2.5412,21.3
-1.7305,2.3818,21.3
-1.9214,2.2496,21.3
-2.0876,2.0876,21.3
-2.2468,1.9189,21.3
-2.3764,1.7265,21.3
-2.5369,1.5546,21.3
-2.6321,1.3411,21.3
-2.7237,-2.9574,21.3
-2.8051,-2.9953,21.3
-2.8989,-2.945,21.3
-2.929,-2.9421,21.3
-2.9489,-2.9718,21.3
-2.9418,-2.9969,21.3
-2.9458,-2.9414,21.3
-2.9434,-2.996,21.3
-2.8656,-2.9446,21.3
-2.7966,-2.9675,21.3
-2.7038,-2.9649,21.3
-2.6323,-1.3412,21.3
-2.5165,-1.5421,21.3
-2.378,-1.7277,21.3
-2.2454,-1.9178,21.3
-2.0871,-2.0871,21.3
-1.9026,-2.2277,21.3
-1.7399,-2.3947,21.3
-1.5297,-2.4962,21.3
-1.3412,-2.6323,21.3
-1.1278,-2.7228,21.3
-0.9201,-2.8319,21.3
-0.6877,-2.8643,21.3
-0.4671,-2.9489,21.3
-0.2343,-2.9772,21.3
-0.0,-2.9653,21.3
0.2309,-2.934,21.3
0.4596,-2.9021,21.3
0.6916,-2.8807,21.3
0.9148,-2.8155,21.3
1.1317,-2.7321,21.3
1.3503,-2.6502,21.3
1.5601,-2.5458,21.3
1.7346,-2.3874,21.3
1.9141,-2.2411,21.3
2.0761,-2.0761,21.3
2.2462,-1.9184,21.3
2.3942,-1.7395,21.3
2.5113,-1.5389,21.3
2.6507,-1.3506,21.3
2.72,-1.1267,21.3
2.83,-0.9195,21.3
2.8667,-0.6882,21.3
2.9391,-0.4655,21.3
2.9759,-0.2342,21.3
3.031,0.0,21.45
3.0066,0.2366,21.45
2.958,0.4685,21.45
2.9379,0.7053,21.45
2.8543,0.9274,21.45
2.7758,1.1498,21.45
2.6931,1.3722,21.45
2.5496,1.5624,21.45
2.4443,1.7759,21.45
2.3034,1.9673,21.45
2.1076,2.1076,21.45
1.9592,2.2939,21.45
1.7643,2.4284,21.45
1.5761,2.5719,21.45
1.3715,2.6916,21.45
1.1447,2.7634,21.45
0.9303,2.8631,21.45
0.6963,2.9001,21.45
0.4743,2.9949,21.45
0.2342,2.9754,21.45
0.0,2.9929,21.45
-0.2343,2.9767,21.45
-0.4693,2.9629,21.45
-0.7085,2.951,21.45
-0.9375,2.8852,21.45
-1.1597,2.7998,21.45
-1.3515,2.6525,21.45
-1.5644,2.5529,21.45
-1.7824,2.4533,21.45
-1.9361,2.2669,21.45
-2.1039,2.1039,21.45
-2.2628,1.9326,21.45
-2.4401,1.7729,21.45
-2.5497,1.5625,21.45
-2.6526,1.3516,21.45
-2.7973,-2.9546,21.45
-2.8614,-2.9596,21.45
-2.9498,-2.967,21.45
-2.9848,-2.9985,21.45
-2.9787,-2.9453,21.45
-2.9856,-2.9679,21.45
-2.9826,-2.9816,21.45
-2.9627,-2.9841,21.45
-2.8982,-2.9527,21.45
-2.8773,-2.9657,21.45
-2.753,-2.9983,21.45
-2.6557,-1.3531,21.45
-2.5386,-1.5557,21.45
-2.4167,-1.7558,21.45
-2.2868,-1.9531,21.45
-2.1171,-2.1171,21.45
-1.963,-2.2983,21.45
-1.7796,-2.4494,21.45
-1.5639,-2.5521,21.45
-1.3574,-2.6641,21.45
-1.1421,-2.7573,21.45
-0.9255,-2.8485,21.45
-0.6957,-2.8977,21.45
-0.4657,-2.94,21.45
-0.2353,-2.9891,21.45
-0.0,-3.029,21.45
0.2369,-3.0105,21.45
0.4658,-2.9412,21.45
0.7051,-2.937,21.45
0.9264,-2.8511,21.45
1.1471,-2.7693,21.45
1.3606,-2.6703,21.45
1.561,-2.5473,21.45
1.7492,-2.4075,21.45
1.9421,-2.2739,21.45
2.1239,-2.1239,21.45
2.2641,-1.9337,21.45
2.4396,-1.7725,21.45
2.5856,-1.5844,21.45
2.657,-1.3538,21.45
2.803,-1.161,21.45
2.8605,-0.9294,21.45
2.9409,-0.706,21.45
2.9866,-0.473,21.45
3.0136,-0.2372,21.45
2.9926,0.0,21.6
2.9828,0.2348,21.6
2.9456,0.4665,21.6
2.9234,0.7018,21.6
2.8709,0.9328,21.6
2.7566,1.1418,21.6
2.6545,1.3525,21.6
2.5678,1.5736,21.6
2.4287,1.7646,21.6
2.2634,1.9332,21.6
2.102,2.102,21.6
1.9486,2.2816,21.6
1.7718,2.4386,21.6
1.5607,2.5468,21.6
1.3519,2.6533,21.6
1.1509,2.7785,21.6
0.9225,2.8392,21.6
0.7018,2.9231,21.6
0.469,2.9613,21.6
0.235,2.9865,21.6
0.0,2.9984,21.6
-0.2332,2.9628,21.6
-0.4692,2.9625,21.6
-0.6993,2.9129,21.6
-0.9339,2.8743,21.6
-1.1379,2.7471,21.6
-1.3702,2.6891,21.6
-1.5712,2.564,21.6
-1.7511,2.4102,21.6
-1.9503,2.2836,21.6
-2.123,2.123,21.6
-2.2944,1.9596,21.6
-2.4217,1.7594,21.6
-2.5582,1.5677,21.6
-2.668,1.3594,21.6
-2.7428,-2.9531,21.6
-2.8318,-2.974,21.6
-2.8937,-2.9554,21.6
-2.9822,-2.9625,21.6
-3.0124,-2.9646,21.6
-2.9719,-2.951,21.6
-3.0095,-2.9619,21.6
-2.9847,-2.9674,21.6
-2.9213,-2.9529,21.6
-2.8541,-2.9951,21.6
-2.7511,-2.9429,21.6
-2.6523,-1.3514,21.6
-2.5678,-1.5735,21.6
-2.4373,-1.7708,21.6
-2.2786,-1.9461,21.6
-2.1198,-2.1198,21.6
-1.9492,-2.2823,21.6
-1.7725,-2.4397,21.6
-1.5657,-2.5549,21.6
-1.3701,-2.689,21.6
-1.1454,-2.7653,21.6
-0.9326,-2.8703,21.6
-0.6993,-2.913,21.6
-0.4717,-2.9782,21.6
-0.2364,-3.0033,21.6
-0.0,-2.9846,21.6
0.2335,-2.9674,21.6
0.4721,-2.9808,21.6
0.7039,-2.932,21.6
0.9299,-2.8619,21.6
1.1362,-2.743,21.6
1.3726,-2.6938,21.6
1.5611,-2.5475,21.6
1.7559,-2.4168,21.6
1.9426,-2.2745,21.6
2.0989,-2.0989,21.6
2.2612,-1.9313,21.6
2.441,-1.7735,21.6
2.5659,-1.5724,21.6
2.6555,-1.353,21.6
2.788,-1.1548,21.6
2.8451,-0.9244,21.6
2.9301,-0.7035,21.6
2.9556,-0.4681,21.6
2.9695,-0.2337,21.6
3.0116,0.0,21.75
3.0461,0.2397,21.75
3.009,0.4766,21.75
2.9581,0.7102,21.75
2.8752,0.9342,21.75
2.7701,1.1474,21.75
2.7,1.3757,21.75
2.5647,1.5717,21.75
2.435,1.7691,21.75
2.3093,1.9724,21.75
2.1247,2.1247,21.75
1.9853,2.3245,21.75
1.7961,2.4722,21.75
1.585,2.5864,21.75
1.3797,2.7078,21.75
1.1535,2.7847,21.75
0.9302,2.863,21.75
0.7005,2.9176,21.75
0.4715,2.9772,21.75
0.2369,3.0099,21.75
0.0,3.0273,21.75
-0.2357,2.9945,21.75
-0.4697,2.9658,21.75
-0.7049,2.9362,21.75
-0.9388,2.8894,21.75
-1.1673,2.818,21.75
-1.372,2.6928,21.75
-1.5801,2.5784,21.75
-1.792,2.4665,21.75
-1.9667,2.3028,21.75
-2.1577,2.1577,21.75
-2.3245,1.9853,21.75
-2.4659,1.7916,21.75
-2.5861,1.5848,21.75
-2.7162,1.384,21.75
-2.783,-2.946,21.75
-2.8562,-2.9593,21.75
-2.9333,-2.9475,21.75
-2.9679,-2.9434,21.75
-3.0214,-2.9888,21.75
-3.0483,-2.9466,21.75
-3.041,-2.9905,21.75
-2.9978,-2.9714,21.75
-2.9297,-2.9409,21.75
-2.8958,-2.9501,21.75
-2.8172,-2.9718,21.75
-2.722,-1.3869,21.75
-2.5763,-1.5787,21.75
-2.4362,-1.77,21.75
-2.299,-1.9635,21.75
-2.1251,-2.1251,21.75
-1.9714,-2.3082,21.75
-1.7913,-2.4655,21.75
-1.5693,-2.5609,21.75
-1.3682,-2.6853,21.75
-1.1681,-2.8201,21.75
-0.9281,-2.8565,21.75
-0.7052,-2.9375,21.75
-0.472,-2.9803,21.75
-0.2352,-2.9882,21.75
-0.0,-3.0445,21.75
0.2358,-2.9955,21.75
0.4702,-2.9687,21.75
0.702,-2.9238,21.75
0.9301,-2.8627,21.75
1.1636,-2.8092,21.75
1.3693,-2.6873,21.75
1.5937,-2.6006,21.75
1.7955,-2.4713,21.75
1.9787,-2.3168,21.75
2.159,-2.159,21.75
2.3011,-1.9653,21.75
2.4467,-1.7776,21.75
2.5608,-1.5693,21.75
2.6915,-1.3714,21.75
2.7695,-1.1472,21.75
2.8872,-0.9381,21.75
2.9331,-0.7042,21.75
3.0015,-0.4754,21.75
3.0008,-0.2362,21.75
2.9629,0.0,21.9
2.9547,0.2325,21.9
2.9192,0.4623,21.9
2.9101,0.6987,21.9
2.8226,0.9171,21.9
2.7747,1.1493,21.9
2.66,1.3553,21.9
2.521,1.5449,21.9
2.4235,1.7607,21.9
2.282,1.949,21.9
2.0998,2.0998,21.9
1.9284,2.2579,21.9
1.7594,2.4216,21.9
1.5557,2.5387,21.9
1.3421,2.6341,21.9
1.1334,2.7363,21.9
0.927,2.8529,21.9
0.6925,2.8847,21.9
0.4639,2.9287,21.9
0.2335,2.9675,21.9
0.0,2.9537,21.9
-0.2331,2.9614,21.9
-0.4655,2.9393,21.9
-0.6903,2.8751,21.9
-0.9195,2.8299,21.9
-1.1479,2.7713,21.9
-1.3664,2.6816,21.9
-1.5683,2.5592,21.9
-1.7646,2.4288,21.9
-1.9404,2.2719,21.9
-2.1117,2.1117,21.9
-2.2649,1.9344,21.9
-2.4137,1.7537,21.9
-2.5504,1.5629,21.9
-2.6775,1.3642,21.9
-2.7272,-2.9461,21.9
-2.8494,-2.9482,21.9
-2.8935,-2.9902,21.9
-2.9555,-2.943,21.9
-2.9929,-2.9666,21.9
-2.9926,-2.9738,21.9
-2.9734,-2.9466,21.9
-2.9276,-2.9482,21.9
-2.8914,-2.9436,21.9
-2.8628,-2.9632,21.9
-2.7603,-2.9642,21.9
-2.6685,-1.3597,21.9
-2.5521,-1.5639,21.9
-2.4292,-1.7649,21.9
-2.2509,-1.9224,21.9
-2.1142,-2.1142,21.9
-1.9177,-2.2453,21.9
-1.7361,-2.3895,21.9
-1.569,-2.5604,21.9
-1.3432,-2.6363,21.9
-1.1426,-2.7584,21.9
-0.9203,-2.8325,21.9
-0.6903,-2.8753,21.9
-0.4665,-2.9452,21.9
-0.2356,-2.9934,21.9
-0.0,-2.9662,21.9
0.2354,-2.9909,21.9
0.4667,-2.9464,21.9
0.6983,-2.9088,21.9
0.9212,-2.8351,21.9
1.1301,-2.7283,21.9
1.3669,-2.6827,21.9
1.5536,-2.5352,21.9
1.7664,-2.4313,21.9
1.9475,-2.2802,21.9
2.1113,-2.1113,21.9
2.2894,-1.9553,21.9
2.4076,-1.7492,21.9
2.5374,-1.5549,21.9
2.6724,-1.3616,21.9
2.7319,-1.1316,21.9
2.8224,-0.9171,21.9
2.9199,-0.701,21.9
2.9422,-0.466,21.9
2.97,-0.2337,21.9
3.0452,0.0,22.05
3.0117,0.237,22.05
2.9787,0.4718,22.05
2.9645,0.7117,22.05
2.9206,0.9489,22.05
2.7959,1.1581,22.05
2.7312,1.3916,22.05
2.6002,1.5934,22.05
2.4472,1.778,22.05
2.2942,1.9594,22.05
2.1674,2.1674,22.05
1.9926,2.333,22.05
1.7878,2.4608,22.05
1.5876,2.5907,22.05
1.3859,2.7201,22.05
1.1683,2.8205,22.05
0.9474,2.9157,22.05
0.7046,2.9349,22.05
0.4749,2.9982,22.05
0.2369,3.0105,22.05
0.0,3.0195,22.05
-0.2399,3.0477,22.05
-0.4781,3.0184,22.05
-0.7121,2.9662,22.05
-0.9369,2.8833,22.05
-1.1754,2.8377,22.05
-1.3703,2.6894,22.05
-1.5946,2.6021,22.05
-1.7946,2.4701,22.05
-1.9659,2.3018,22.05
-2.1614,2.1614,22.05
-2.3263,1.9868,22.05
-2.4461,1.7772,22.05
-2.5827,1.5827,22.05
-2.7333,1.3927,22.05
-2.8358,-2.9674,22.05
-2.9052,-2.9989,22.05
-2.9695,-2.9632,22.05
-3.0066,-2.9441,22.05
-3.0122,-2.9714,22.05
-3.0428,-2.9524,22.05
-3.0592,-2.9695,22.05
-3.0011,-2.9454,22.05
-2.9574,-2.9878,22.05
-2.8736,-2.9939,22.05
-2.7976,-2.981,22.05
-2.7339,-1.393,22.05
-2.5915,-1.5881,22.05
-2.4752,-1.7983,22.05
-2.3164,-1.9784,22.05
-2.1449,-2.1449,22.05
-1.9798,-2.3181,22.05
-1.7908,-2.4648,22.05
-1.5827,-2.5827,22.05
-1.3785,-2.7055,22.05
-1.1531,-2.7838,22.05
-0.9427,-2.9014,22.05
-0.7116,-2.9642,22.05
-0.4774,-3.0145,22.05
-0.2364,-3.0038,22.05
-0.0,-3.0134,22.05
0.24,-3.0494,22.05
0.4741,-2.9934,22.05
0.7169,-2.9859,22.05
0.942,-2.8993,22.05
1.1698,-2.8241,22.05
1.3692,-2.6871,22.05
1.6053,-2.6196,22.05
1.8015,-2.4796,22.05
1.9643,-2.2999,22.05
2.1642,-2.1642,22.05
2.3249,-1.9856,22.05
2.4502,-1.7802,22.05
2.569,-1.5743,22.05
2.7186,-1.3852,22.05
2.7998,-1.1597,22.05
2.8879,-0.9383,22.05
2.9836,-0.7163,22.05
2.9849,-0.4728,22.05
3.0574,-0.2406,22.05
3.0081,0.0,22.2
3.0044,0.2365,22.2
2.9847,0.4727,22.2
2.9326,0.704,22.2
2.858,0.9286,22.2
2.7807,1.1518,22.2
2.691,1.3711,22.2
2.5652,1.572,22.2
2.4059,1.748,22.2
2.2892,1.9551,22.2
2.0983,2.0983,22.2
1.931,2.261,22.2
1.7503,2.4091,22.2
1.5727,2.5664,22.2
1.3458,2.6413,22.2
1.137,2.7449,22.2
0.9219,2.8372,22.2
0.7041,2.9327,22.2
0.4692,2.9626,22.2
0.2345,2.9793,22.2
0.0,2.9945,22.2
-0.2357,2.9951,22.2
-0.4685,2.9578,22.2
-0.6983,2.9087,22.2
-0.9172,2.8228,22.2
-1.1456,2.7658,22.2
-1.3617,2.6725,22.2
-1.5618,2.5486,22.2
-1.7518,2.4111,22.2
-1.9572,2.2916,22.2
-2.1113,2.1113,22.2
-2.261,1.9311,22.2
-2.4463,1.7774,22.2
-2.529,1.5498,22.2
-2.6885,1.3699,22.2
-2.7435,-2.9767,22.2
-2.8703,-2.9938,22.2
-2.9257,-2.9638,22.2
-2.9638,-2.9408,22.2
-2.9795,-2.9612,22.2
-3.016,-2.9827,22.2
-2.9935,-2.941,22.2
-2.9547,-2.9462,22.2
-2.9066,-2.9801,22.2
-2.8635,-2.9671,22.2
-2.7806,-2.9789,22.2
-2.6477,-1.3491,22.2
-2.5281,-1.5492,22.2
-2.3984,-1.7425,22.2
-2.2599,-1.9301,22.2
-2.132,-2.132,22.2
-1.932,-2.2621,22.2
-1.7597,-2.422,22.2
-1.5561,-2.5394,22.2
-1.3617,-2.6724,22.2
-1.135,-2.74,22.2
-0.917,-2.8223,22.2
-0.703,-2.9282,22.2
-0.4675,-2.9517,22.2
-0.2367,-3.007,22.2
-0.0,-3.0138,22.2
0.2371,-3.0126,22.2
0.47,-2.9672,22.2
0.7033,-2.9294,22.2
0.9333,-2.8725,22.2
1.1445,-2.7631,22.2
1.3564,-2.6622,22.2
1.5756,-2.5712,22.2
1.7569,-2.4182,22.2
1.9392,-2.2705,22.2
2.1313,-2.1313,22.2
2.2963,-1.9612,22.2
2.4023,-1.7454,22.2
2.5508,-1.5631,22.2
2.6677,-1.3593,22.2
2.7412,-1.1355,22.2
2.8659,-0.9312,22.2
2.9,-0.6962,22.2
2.9394,-0.4656,22.2
2.9588,-0.2329,22.2
2.9754,0.0,22.35
3.0005,0.2361,22.35
2.961,0.469,22.35
2.9076,0.6981,22.35
2.8491,0.9257,22.35
2.7523,1.14,22.35
2.7019,1.3767,22.35
2.5391,1.556,22.35
2.4521,1.7816,22.35
2.2814,1.9485,22.35
2.1276,2.1276,22.35
1.9489,2.2819,22.35
1.7686,2.4343,22.35
1.5842,2.5852,22.35
1.3531,2.6555,22.35
1.1511,2.7789,22.35
0.9193,2.8294,22.35
0.6984,2.9089,22.35
0.4701,2.9684,22.35
0.2373,3.0154,22.35
0.0,3.0018,22.35
-0.2343,2.9765,22.35
-0.4663,2.9442,22.35
-0.6989,2.9113,22.35
-0.926,2.85,22.35
-1.143,2.7594,22.35
-1.3631,2.6753,22.35
-1.564,2.5522,22.35
-1.7758,2.4442,22.35
-1.9571,2.2914,22.35
-2.1365,2.1365,22.35
-2.3043,1.9681,22.35
-2.4163,1.7555,22.35
-2.5351,1.5535,22.35
-2.6687,1.3598,22.35
-2.754,-2.9869,22.35
-2.8463,-2.989,22.35
-2.8927,-2.9793,22.35
-2.9864,-2.9928,22.35
-2.995,-2.9955,22.35
-2.9853,-2.9924,22.35
-2.981,-2.9418,22.35
-2.9532,-2.9981,22.35
-2.9202,-2.9667,22.35
-2.8551,-2.9823,22.35
-2.7981,-2.9884,22.35
-2.6888,-1.37,22.35
-2.5818,-1.5821,22.35
-2.4431,-1.775,22.35
-2.2646,-1.9342,22.35
-2.144,-2.144,22.35
-1.9416,-2.2734,22.35
-1.7816,-2.4522,22.35
-1.5734,-2.5676,22.35
-1.3499,-2.6493,22.35
-1.1523,-2.7819,22.35
-0.9249,-2.8466,22.35
-0.7075,-2.9469,22.35
-0.4738,-2.9916,22.35
-0.2346,-2.9811,22.35
-0.0,-3.0171,22.35
0.2372,-3.0141,22.35
0.4698,-2.966,22.35
0.7034,-2.93,22.35
0.9211,-2.835,22.35
1.1473,-2.7697,22.35
1.3541,-2.6575,22.35
1.5546,-2.5369,22.35
1.7799,-2.4498,22.35
1.9455,-2.2778,22.35
2.1339,-2.1339,22.35
2.2841,-1.9508,22.35
2.4503,-1.7803,22.35
2.5643,-1.5714,22.35
2.6642,-1.3575,22.35
2.7906,-1.1559,22.35
2.8656,-0.9311,22.35
2.9059,-0.6976,22.35
2.9651,-0.4696,22.35
2.9831,-0.2348,22.35
3.0116,0.0,22.5
2.9873,0.2351,22.5
2.9386,0.4654,22.5
2.9197,0.701,22.5
2.8487,0.9256,22.5
2.7498,1.139,22.5
2.6792,1.3651,22.5
2.5707,1.5753,22.5
2.4382,1.7715,22.5
2.2814,1.9485,22.5
2.1174,2.1174,22.5
1.964,2.2995,22.5
1.7715,2.4382,22.5
1.5815,2.5808,22.5
1.3572,2.6636,22.5
1.1394,2.7508,22.5
0.934,2.8744,22.5
0.699,2.9116,22.5
0.4696,2.9649,22.5
0.2365,3.0055,22.5
0.0,2.9776,22.5
-0.2351,2.9875,22.5
-0.4683,2.9565,22.5
-0.6973,2.9046,22.5
-0.9203,2.8324,22.5
-1.1446,2.7633,22.5
-1.3603,2.6696,22.5
-1.5615,2.5481,22.5
-1.7728,2.4401,22.5
-1.9443,2.2765,22.5
-2.1348,2.1348,22.5
-2.2612,1.9312,22.5
-2.4058,1.7479,22.5
-2.5426,1.5581,22.5
-2.6483,1.3494,22.5
-2.7744,-2.9558,22.5
-2.8688,-2.9976,22.5
-2.9105,-2.982,22.5
-2.9862,-2.9834,22.5
-2.9689,-2.9467,22.5
-2.9962,-2.9647,22.5
-2.9997,-2.9762,22.5
-2.9515,-2.9683,22.5
-2.8908,-2.9811,22.5
-2.829,-2.9551,22.5
-2.7922,-2.9781,22.5
-2.6585,-1.3546,22.5
-2.569,-1.5743,22.5
-2.4498,-1.7798,22.5
-2.2762,-1.944,22.5
-2.113,-2.113,22.5
-1.956,-2.2901,22.5
-1.7791,-2.4487,22.5
-1.5635,-2.5514,22.5
-1.3615,-2.6722,22.5
-1.1395,-2.7511,22.5
-0.9343,-2.8754,22.5
-0.7033,-2.9293,22.5
-0.4664,-2.945,22.5
-0.2344,-2.9784,22.5
-0.0,-2.9889,22.5
0.2351,-2.9877,22.5
0.4734,-2.989,22.5
0.7017,-2.9226,22.5
0.9266,-2.8517,22.5
1.1596,-2.7995,22.5
1.3568,-2.6629,22.5
1.5651,-2.554,22.5
1.7555,-2.4162,22.5
1.9569,-2.2913,22.5
2.1329,-2.1329,22.5
2.2734,-1.9417,22.5
2.4354,-1.7695,22.5
2.543,-1.5584,22.5
2.6606,-1.3556,22.5
2.7975,-1.1588,22.5
2.8344,-0.921,22.5
2.8925,-0.6944,22.5
2.9904,-0.4736,22.5
2.9636,-0.2332,22.5
3.0555,0.0,22.65
3.0543,0.2404,22.65
3.0231,0.4788,22.65
2.9688,0.7127,22.65
2.9111,0.9459,22.65
2.8364,1.1749,22.65
2.7229,1.3874,22.65
2.6016,1.5943,22.65
2.4511,1.7808,22.65
2.3243,1.9851,22.65
2.1469,2.1469,22.65
1.9669,2.3029,22.65
1.8004,2.478,22.65
1.5887,2.5926,22.65
1.3851,2.7183,22.65
1.1708,2.8265,22.65
0.9356,2.8793,22.65
0.7159,2.9819,22.65
0.4748,2.9976,22.65
0.2386,3.032,22.65
0.0,3.0507,22.65
-0.2389,3.0352,22.65
-0.4762,3.0065,22.65
-0.708,2.9491,22.65
-0.9364,2.8819,22.65
-1.1685,2.8211,22.65
-1.3914,2.7308,22.65
-1.5741,2.5687,22.65
-1.8026,2.4811,22.65
-1.9631,2.2985,22.65
-2.1597,2.1597,22.65
-2.3069,1.9703,22.65
-2.4412,1.7736,22.65
-2.5833,1.5831,22.65
-2.6893,1.3703,22.65
-2.8122,-2.9514,22.65
-2.9097,-2.9505,22.65
-2.9443,-2.9565,22.65
-3.0226,-2.9494,22.65
-3.0136,-2.9609,22.65
-3.056,-2.9499,22.65
-3.0541,-2.9541,22.65
-2.9947,-2.9464,22.65
-2.9749,-2.9569,22.65
-2.8911,-2.9431,22.65
-2.8286,-2.948,22.65
-2.7215,-1.3867,22.65
-2.6122,-1.6008,22.65
-2.4656,-1.7914,22.65
-2.3164,-1.9784,22.65
-2.1669,-2.1669,22.65
-1.9819,-2.3205,22.65
-1.7727,-2.4399,22.65
-1.5843,-2.5853,22.65
-1.3775,-2.7035,22.65
-1.1566,-2.7922,22.65
-0.9377,-2.8859,22.65
-0.7071,-2.9451,22.65
-0.4762,-3.0066,22.65
-0.2371,-3.0131,22.65
-0.0,-3.0389,22.65
0.2408,-3.0597,22.65
0.4793,-3.0259,22.65
0.7031,-2.9286,22.65
0.9475,-2.916,22.65
1.1711,-2.8273,22.65
1.3819,-2.7121,22.65
1.5863,-2.5886,22.65
1.7965,-2.4726,22.65
1.9832,-2.322,22.65
2.1716,-2.1716,22.65
2.295,-1.9601,22.65
2.4631,-1.7896,22.65
2.5881,-1.586,22.65
2.7264,-1.3892,22.65
2.8332,-1.1736,22.65
2.8999,-0.9423,22.65
2.9754,-0.7143,22.65
3.0202,-0.4783,22.65
3.0169,-0.2374,22.65
3.0607,0.0,22.8
3.054,0.2404,22.8
3.0362,0.4809,22.8
2.9519,0.7087,22.8
2.921,0.9491,22.8
2.8224,1.1691,22.8
2.7093,1.3804,22.8
2.5727,1.5766,22.8
2.4452,1.7766,22.8
2.3239,1.9848,22.8
2.1395,2.1395,22.8
1.9696,2.3061,22.8
1.7795,2.4493,22.8
1.5881,2.5915,22.8
1.3746,2.6979,22.8
1.1772,2.842,22.8
0.9437,2.9044,22.8
0.7087,2.952,22.8
0.476,3.0057,22.8
0.2386,3.0319,22.8
0.0,3.0261,22.8
-0.2373,3.0149,22.8
-0.4794,3.0271,22.8
-0.7063,2.942,22.8
-0.9347,2.8767,22.8
-1.1742,2.8347,22.8
-1.3943,2.7364,22.8
-1.5778,2.5748,22.8
-1.7901,2.4639,22.8
-1.9823,2.321,22.8
-2.1398,2.1398,22.8
-2.3168,1.9787,22.8
-2.4818,1.8032,22.8
-2.6017,1.5943,22.8
-2.7178,1.3848,22.8
-2.8046,-2.9657,22.8
-2.9191,-2.9608,22.8
-2.937,-2.9737,22.8
-3.0107,-2.958,22.8
-3.0136,-2.9547,22.8
-3.0368,-2.9821,22.8
-3.057,-2.9517,22.8
-3.0278,-2.9586,22.8
-2.9362,-2.9891,22.8
-2.8989,-2.9402,22.8
-2.8126,-2.9536,22.8
-2.7262,-1.3891,22.8
-2.6056,-1.5967,22.8
-2.4844,-1.805,22.8
-2.3111,-1.9738,22.8
-2.1659,-2.1659,22.8
-1.9693,-2.3057,22.8
-1.7823,-2.4532,22.8
-1.5834,-2.5839,22.8
-1.3821,-2.7125,22.8
-1.1582,-2.7961,22.8
-0.9467,-2.9137,22.8
-0.7108,-2.9606,22.8
-0.4775,-3.0146,22.8
-0.2413,-3.0663,22.8
-0.0,-3.0279,22.8
0.241,-3.0628,22.8
0.4742,-2.9942,22.8
0.7058,-2.9397,22.8
0.9497,-2.9229,22.8
1.1713,-2.8278,22.8
1.3898,-2.7276,22.8
1.5947,-2.6023,22.8
1.8036,-2.4825,22.8
1.9609,-2.2959,22.8
2.1549,-2.1549,22.8
2.3072,-1.9705,22.8
2.4507,-1.7806,22.8
2.5892,-1.5867,22.8
2.7172,-1.3845,22.8
2.8066,-1.1625,22.8
2.8843,-0.9372,22.8
2.9469,-0.7075,22.8
3.0256,-0.4792,22.8
3.024,-0.238,22.8
3.008,0.0,22.95
2.9975,0.2359,22.95
2.9651,0.4696,22.95
2.9251,0.7022,22.95
2.8634,0.9304,22.95
2.7557,1.1414,22.95
2.6706,1.3608,22.95
2.5267,1.5483,22.95
2.4022,1.7453,22.95
2.2602,1.9304,22.95
2.1159,2.1159,22.95
1.9445,2.2767,22.95
1.7523,2.4119,22.95
1.5521,2.5328,22.95
1.3589,2.6671,22.95
1.1379,2.7472,22.95
0.9319,2.8682,22.95
0.7026,2.9267,22.95
0.4685,2.9577,22.95
0.2353,2.9901,22.95
0.0,2.9727,22.95
-0.2352,2.988,22.95
-0.4659,2.9415,22.95
-0.6942,2.8916,22.95
-0.9178,2.8247,22.95
-1.1353,2.7408,22.95
-1.3541,2.6576,22.95
-1.5611,2.5475,22.95
-1.7422,2.3979,22.95
-1.947,2.2796,22.95
-2.1025,2.1025,22.95
-2.2651,1.9345,22.95
-2.4072,1.7489,22.95
-2.558,1.5676,22.95
-2.6729,1.3619,22.95
-2.7605,-2.9596,22.95
-2.8577,-2.942,22.95
-2.9299,-2.9461,22.95
-2.9607,-2.9949,22.95
-2.9524,-2.9522,22.95
-2.9934,-2.9932,22.95
-2.9583,-2.9477,22.95
-2.98,-2.9471,22.95
-2.9051,-2.9525,22.95
-2.8712,-2.9612,22.95
-2.7398,-2.9577,22.95
-2.683,-1.367,22.95
-2.5641,-1.5713,22.95
-2.4064,-1.7483,22.95
-2.2813,-1.9484,22.95
-2.116,-2.116,22.95
-1.9602,-2.2951,22.95
-1.7606,-2.4233,22.95
-1.5682,-2.559,22.95
-1.3602,-2.6695,22.95
-1.1522,-2.7817,22.95
-0.916,-2.8192,22.95
-0.6963,-2.9003,22.95
-0.4677,-2.953,22.95
-0.235,-2.9863,22.95
-0.0,-2.9684,22.95
0.2359,-2.9979,22.95
0.4688,-2.9597,22.95
0.7039,-2.9318,22.95
0.9235,-2.8423,22.95
1.1413,-2.7554,22.95
1.3505,-2.6506,22.95
1.5474,-2.5252,22.95
1.7709,-2.4375,22.95
1.942,-2.2738,22.95
2.0997,-2.0997,22.95
2.273,-1.9413,22.95
2.427,-1.7633,22.95
2.5664,-1.5727,22.95
2.6708,-1.3608,22.95
2.7552,-1.1413,22.95
2.8661,-0.9313,22.95
2.8977,-0.6957,22.95
2.9403,-0.4657,22.95
2.9832,-0.2348,22.95
2.9826,0.0,23.1
2.9738,0.234,23.1
2.9673,0.47,23.1
2.898,0.6957,23.1
2.8225,0.9171,23.1
2.7867,1.1543,23.1
2.6471,1.3488,23.1
2.5453,1.5597,23.1
2.4281,1.7641,23.1
2.2974,1.9621,23.1
2.1165,2.1165,23.1
1.9416,2.2734,23.1
1.7588,2.4208,23.1
1.5672,2.5575,23.1
1.3591,2.6675,23.1
1.1541,2.7862,23.1
0.9304,2.8634,23.1
0.6964,2.9007,23.1
0.4695,2.9644,23.1
0.2328,2.9575,23.1
0.0,2.9654,23.1
-0.2358,2.9959,23.1
-0.4686,2.9586,23.1
-0.7017,2.9229,23.1
-0.9267,2.852,23.1
-1.1529,2.7833,23.1
-1.3685,2.6858,23.1
-1.5516,2.532,23.1
-1.7425,2.3984,23.1
-1.954,2.2879,23.1
-2.1329,2.1329,23.1
-2.2763,1.9442,23.1
-2.4182,1.7569,23.1
-2.5455,1.5599,23.1
-2.6805,1.3658,23.1
-2.754,-2.9785,23.1
-2.8679,-2.969,23.1
-2.8834,-2.9987,23.1
-2.9634,-2.9668,23.1
-2.9885,-2.9909,23.1
-2.9804,-2.9839,23.1
-2.9755,-2.9896,23.1
-2.9438,-2.9726,23.1
-2.9233,-2.9571,23.1
-2.8219,-2.9403,23.1
-2.774,-2.9887,23.1
-2.685,-1.3681,23.1
-2.5533,-1.5647,23.1
-2.412,-1.7524,23.1
-2.2666,-1.9359,23.1
-2.1071,-2.1071,23.1
-1.9562,-2.2904,23.1
-1.7458,-2.4029,23.1
-1.5743,-2.5691,23.1
-1.3687,-2.6862,23.1
-1.1523,-2.7819,23.1
-0.928,-2.856,23.1
-0.6968,-2.9025,23.1
-0.4663,-2.944,23.1
-0.2329,-2.9592,23.1
-0.0,-2.9956,23.1
0.2338,-2.9706,23.1
0.4726,-2.9838,23.1
0.6962,-2.8997,23.1
0.924,-2.8438,23.1
1.1433,-2.7602,23.1
1.3584,-2.6659,23.1
1.5597,-2.5452,23.1
1.7661,-2.4308,23.1
1.9448,-2.277,23.1
2.1047,-2.1047,23.1
2.2744,-1.9425,23.1
2.4269,-1.7633,23.1
2.544,-1.559,23.1
2.6912,-1.3712,23.1
2.7533,-1.1404,23.1
2.873,-0.9335,23.1
2.9164,-0.7002,23.1
2.9815,-0.4722,23.1
2.9939,-0.2356,23.1
3.0157,0.0,23.25
3.0026,0.2363,23.25
3.0052,0.476,23.25
2.9372,0.7052,23.25
2.8503,0.9261,23.25
2.7879,1.1548,23.25
2.7026,1.377,23.25
2.5931,1.589,23.25
2.4668,1.7922,23.25
2.3023,1.9663,23.25
2.1551,2.1551,23.25
1.9546,2.2885,23.25
1.7783,2.4476,23.25
1.5758,2.5715,23.25
1.3625,2.674,23.25
1.1613,2.8036,23.25
0.9381,2.8871,23.25
0.7115,2.9637,23.25
0.4696,2.9652,23.25
0.2351,2.9873,23.25
0.0,3.005,23.25
-0.2351,2.9871,23.25
-0.4745,2.9959,23.25
-0.7051,2.9368,23.25
-0.9345,2.8761,23.25
-1.165,2.8127,23.25
-1.3761,2.7007,23.25
-1.5841,2.585,23.25
-1.7785,2.4479,23.25
-1.9449,2.2772,23.25
-2.1241,2.1241,23.25
-2.308,1.9712,23.25
-2.4238,1.761,23.25
-2.575,1.578,23.25
-2.7142,1.3829,23.25
-2.7938,-2.9862,23.25
-2.8816,-2.9434,23.25
-2.9434,-2.9686,23.25
-2.9573,-2.9831,23.25
-3.0258,-2.9707,23.25
-3.0228,-2.9975,23.25
-3.0041,-2.9905,23.25
-2.9774,-2.9919,23.25
-2.9456,-2.9604,23.25
-2.8769,-2.9924,23.25
-2.7784,-2.9806,23.25
-2.6711,-1.361,23.25
-2.5875,-1.5856,23.25
-2.4344,-1.7687,23.25
-2.2979,-1.9626,23.25
-2.133,-2.133,23.25
-1.9493,-2.2823,23.25
-1.7826,-2.4536,23.25
-1.5752,-2.5704,23.25
-1.3636,-2.6763,23.25
-1.1618,-2.8048,23.25
-0.9338,-2.8739,23.25
-0.7062,-2.9413,23.25
-0.4718,-2.979,23.25
-0.2378,-3.0214,23.25
-0.0,-3.0453,23.25
0.2358,-2.9966,23.25
0.4776,-3.0158,23.25
0.7084,-2.9507,23.25
0.928,-2.8562,23.25
1.1482,-2.7721,23.25
1.3854,-2.7189,23.25
1.5874,-2.5904,23.25
1.7694,-2.4354,23.25
1.9589,-2.2935,23.25
2.1519,-2.1519,23.25
2.2976,-1.9624,23.25
2.4654,-1.7912,23.25
2.5607,-1.5692,23.25
2.6927,-1.372,23.25
2.7973,-1.1587,23.25
2.8999,-0.9422,23.25
2.9687,-0.7127,23.25
2.9674,-0.47,23.25
3.0393,-0.2392,23.25
2.2911,0.0,23.4
2.282,0.1796,23.4
2.2354,0.3541,23.4
2.1781,0.5229,23.4
2.1486,0.6981,23.4
2.1148,0.876,23.4
2.0418,1.0404,23.4
1.9277,1.1813,23.4
1.8294,1.3291,23.4
1.7112,1.4615,23.4
1.588,1.588,23.4
1.4796,1.7324,23.4
1.3268,1.8261,23.4
1.173,1.9142,23.4
1.0337,2.0287,23.4
0.8556,2.0657,23.4
0.6906,2.1254,23.4
0.5318,2.215,23.4
0.355,2.2412,23.4
0.1782,2.2641,23.4
0.0,2.2893,23.4
-0.1785,2.2687,23.4
-0.3565,2.2511,23.4
-0.5263,2.1922,23.4
-0.6954,2.1401,23.4
-0.8586,2.0729,23.4
-1.038,2.0371,23.4
-1.1968,1.9529,23.4
-1.3333,1.8351,23.4
-1.4656,1.716,23.4
-1.5905,1.5905,23.4
-1.7116,1.4619,23.4
-1.8418,1.3381,23.4
-1.9286,1.1818,23.4
-1.9929,1.0154,23.4
-2.0812,-2.9939,23.4
-2.1597,-2.9466,23.4
-2.2035,-2.9579,23.4
-2.2087,-2.9427,23.4
-2.2753,-2.9464,23.4
-2.2812,-2.9508,23.4
-2.2266,-2.993,23.4
-2.2471,-2.9758,23.4
-2.1743,-2.9424,23.4
-2.1798,-2.9799,23.4
-2.0959,-2.957,23.4
-2.0058,-1.022,23.4
-1.9466,-1.1929,23.4
-1.8428,-1.3389,23.4
-1.7358,-1.4826,23.4
-1.6006,-1.6006,23.4
-1.4605,-1.71,23.4
-1.3317,-1.8329,23.4
-1.1731,-1.9144,23.4
-1.0337,-2.0287,23.4
-0.8663,-2.0914,23.4
-0.691,-2.1267,23.4
-0.5307,-2.2106,23.4
-0.3563,-2.2497,23.4
-0.176,-2.2364,23.4
-0.0,-2.2792,23.4
0.1775,-2.2549,23.4
0.3517,-2.2203,23.4
0.533,-2.2199,23.4
0.6957,-2.1412,23.4
0.8569,-2.0687,23.4
1.024,-2.0097,23.4
1.1753,-1.9179,23.4
1.3447,-1.8508,23.4
1.4588,-1.7081,23.4
1.6167,-1.6167,23.4
1.6988,-1.4509,23.4
1.84,-1.3369,23.4
1.9061,-1.168,23.4
2.0348,-1.0368,23.4
2.1105,-0.8742,23.4
2.1583,-0.7013,23.4
2.1797,-0.5233,23.4
2.2099,-0.35,23.4
2.2356,-0.1759,23.4
2.2195,0.0,23.55
2.2626,0.1781,23.55
2.229,0.353,23.55
2.1898,0.5257,23.55
2.1272,0.6912,23.55
2.0579,0.8524,23.55
1.976,1.0068,23.55
1.9114,1.1713,23.55
1.8353,1.3334,23.55
1.722,1.4707,23.55
1.5864,1.5864,23.55
1.4506,1.6984,23.55
1.3107,1.804,23.55
1.159,1.8913,23.55
1.0237,2.0091,23.55
0.8516,2.056,23.55
0.6943,2.1367,23.55
0.5189,2.1615,23.55
0.3516,2.2202,23.55
0.1739,2.2096,23.55
0.0,2.2468,23.55
-0.1752,2.2265,23.55
-0.3544,2.2375,23.55
-0.5304,2.2095,23.55
-0.6859,2.111,23.55
-0.8498,2.0517,23.55
-1.0302,2.0219,23.55
-1.1579,1.8896,23.55
-1.3041,1.795,23.55
-1.4724,1.7239,23.55
-1.6045,1.6045,23.55
-1.6995,1.4515,23.55
-1.8356,1.3336,23.55
-1.9046,1.1672,23.55
-1.9803,1.009,23.55
-2.0938,-2.983,23.55
-2.1132,-2.9855,23.55
-2.1579,-2.9503,23.55
-2.1969,-2.9899,23.55
-2.2317,-2.9604,23.55
-2.2171,-2.9501,23.55
-2.2381,-2.9796,23.55
-2.2204,-2.991,23.55
-2.1751,-2.9541,23.55
-2.137,-2.9557,23.55
-2.053,-2.9906,23.55
-2.022,-1.0302,23.55
-1.93,-1.1827,23.55
-1.7941,-1.3035,23.55
-1.6885,-1.4422,23.55
-1.5709,-1.5709,23.55
-1.4652,-1.7155,23.55
-1.3244,-1.8229,23.55
-1.1772,-1.921,23.55
-1.0172,-1.9964,23.55
-0.8658,-2.0903,23.55
-0.7008,-2.1567,23.55
-0.523,-2.1786,23.55
-0.3463,-2.1864,23.55
-0.1755,-2.2298,23.55
-0.0,-2.2552,23.55
0.178,-2.2622,23.55
0.3477,-2.1955,23.55
0.5199,-2.1654,23.55
0.7003,-2.1552,23.55
0.8671,-2.0933,23.55
1.0307,-2.0229,23.55
1.1574,-1.8888,23.55
1.3165,-1.812,23.55
1.4661,-1.7165,23.55
1.5889,-1.5889,23.55
1.7017,-1.4534,23.55
1.7968,-1.3054,23.55
1.9109,-1.171,23.55
2.0065,-1.0224,23.55
2.0474,-0.8481,23.55
2.1172,-0.6879,23.55
2.1961,-0.5272,23.55
2.1982,-0.3482,23.55
2.2209,-0.1748,23.55
2.1907,0.0,23.7
2.1866,0.1721,23.7
2.176,0.3446,23.7
2.1677,0.5204,23.7
2.1394,0.6951,23.7
2.0764,0.8601,23.7
1.9769,1.0073,23.7
1.9118,1.1715,23.7
1.7747,1.2894,23.7
1.6987,1.4509,23.7
1.5637,1.5637,23.7
1.452,1.7001,23.7
1.3031,1.7936,23.7
1.1461,1.8703,23.7
1.0093,1.9809,23.7
0.8512,2.055,23.7
0.6922,2.1302,23.7
0.5218,2.1732,23.7
0.3455,2.1813,23.7
0.1734,2.2037,23.7
0.0,2.2038,23.7
-0.1733,2.2025,23.7
-0.3517,2.2206,23.7
-0.5172,2.1542,23.7
-0.6902,2.1241,23.7
-0.861,2.0786,23.7
-1.0149,1.9918,23.7
-1.1666,1.9037,23.7
-1.3081,1.8005,23.7
-1.4258,1.6694,23.7
-1.5762,1.5762,23.7
-1.6842,1.4384,23.7
-1.7834,1.2957,23.7
-1.9125,1.172,23.7
-1.955,0.9961,23.7
-2.0659,-2.9522,23.7
-2.1007,-2.9945,23.7
-2.1358,-2.9626,23.7
-2.165,-2.9425,23.7
-2.2088,-2.9992,23.7
-2.2348,-2.9929,23.7
-2.2365,-2.9782,23.7
-2.1874,-2.9511,23.7
-2.1426,-2.9567,23.7
-2.0926,-2.963,23.7
-2.0539,-2.9851,23.7
-1.9823,-1.01,23.7
-1.8711,-1.1466,23.7
-1.7955,-1.3045,23.7
-1.682,-1.4366,23.7
-1.5821,-1.5821,23.7
-1.44,-1.686,23.7
-1.3051,-1.7963,23.7
-1.1572,-1.8884,23.7
-1.0054,-1.9732,23.7
-0.8404,-2.0289,23.7
-0.6848,-2.1076,23.7
-0.5157,-2.1482,23.7
-0.3502,-2.2114,23.7
-0.1719,-2.1839,23.7
-0.0,-2.2388,23.7
0.1719,-2.1838,23.7
0.3452,-2.1796,23.7
0.5129,-2.1363,23.7
0.6856,-2.1102,23.7
0.8434,-2.0362,23.7
0.995,-1.9529,23.7
1.1598,-1.8927,23.7
1.2935,-1.7803,23.7
1.4233,-1.6664,23.7
1.5813,-1.5813,23.7
1.6756,-1.4311,23.7
1.8088,-1.3142,23.7
1.8881,-1.157,23.7
2.0001,-1.0191,23.7
2.0746,-0.8593,23.7
2.1334,-0.6932,23.7
2.1352,-0.5126,23.7
2.2165,-0.3511,23.7
2.2318,-0.1756,23.7
2.2941,0.0,23.85
2.266,0.1783,23.85
2.2372,0.3543,23.85
2.2326,0.536,23.85
2.1603,0.7019,23.85
2.1282,0.8815,23.85
2.0527,1.0459,23.85
1.9353,1.1859,23.85
1.8538,1.3469,23.85
1.7487,1.4935,23.85
1.6001,1.6001,23.85
1.4792,1.732,23.85
1.3527,1.8618,23.85
1.1988,1.9562,23.85
1.0435,2.0481,23.85
0.8676,2.0945,23.85
0.695,2.1391,23.85
0.5344,2.2258,23.85
0.355,2.2417,23.85
0.1792,2.2772,23.85
0.0,2.2657,23.85
-0.1784,2.2665,23.85
-0.359,2.2669,23.85
-0.5308,2.2108,23.85
-0.7064,2.1741,23.85
-0.8607,2.0779,23.85
-1.0344,2.0302,23.85
-1.2042,1.9651,23.85
-1.3512,1.8598,23.85
-1.4823,1.7356,23.85
-1.6144,1.6144,23.85
-1.7214,1.4702,23.85
-1.8386,1.3358,23.85
-1.9335,1.1848,23.85
-2.0438,1.0414,23.85
-2.1152,-2.9532,23.85
-2.1525,-2.9768,23.85
-2.2251,-2.9442,23.85
-2.2449,-2.9834,23.85
-2.2805,-2.9889,23.85
-2.2627,-2.9773,23.85
-2.2979,-2.9411,23.85
-2.2367,-2.9882,23.85
-2.2104,-2.9838,23.85
-2.1816,-2.9872,23.85
-2.0907,-2.9651,23.85
-2.0472,-1.0431,23.85
-1.9304,-1.1829,23.85
-1.8498,-1.344,23.85
-1.7382,-1.4845,23.85
-1.6186,-1.6186,23.85
-1.4883,-1.7426,23.85
-1.3231,-1.8211,23.85
-1.1913,-1.944,23.85
-1.0468,-2.0544,23.85
-0.8645,-2.0872,23.85
-0.6997,-2.1536,23.85
-0.5276,-2.1976,23.85
-0.3591,-2.2672,23.85
-0.1769,-2.248,23.85
-0.0,-2.3073,23.85
0.1781,-2.2633,23.85
0.3569,-2.2531,23.85
0.5314,-2.2133,23.85
0.696,-2.1421,23.85
0.8653,-2.0891,23.85
1.0313,-2.024,23.85
1.1915,-1.9444,23.85
1.3532,-1.8625,23.85
1.4823,-1.7356,23.85
1.6275,-1.6275,23.85
1.7531,-1.4973,23.85
1.824,-1.3252,23.85
1.966,-1.2048,23.85
2.0046,-1.0214,23.85
2.1127,-0.8751,23.85
2.1901,-0.7116,23.85
2.1918,-0.5262,23.85
2.2454,-0.3556,23.85
2.25,-0.1771,23.85
2.2325,0.0,24.0
2.2548,0.1775,24.0
2.2213,0.3518,24.0
2.1626,0.5192,24.0
2.1607,0.702,24.0
2.0645,0.8551,24.0
1.9772,1.0074,24.0
1.926,1.1802,24.0
1.8125,1.3169,24.0
1.6875,1.4412,24.0
1.5915,1.5915,24.0
1.4529,1.7012,24.0
1.3165,1.812,24.0
1.1773,1.9212,24.0
1.0194,2.0007,24.0
0.8577,2.0707,24.0
0.6917,2.1288,24.0
0.5281,2.1998,24.0
0.353,2.2289,24.0
0.1766,2.244,24.0
0.0,2.23,24.0
-0.1746,2.2185,24.0
-0.3497,2.208,24.0
-0.5223,2.1755,24.0
-0.7032,2.1644,24.0
-0.8507,2.0538,24.0
-1.024,2.0096,24.0
-1.1881,1.9389,24.0
-1.3153,1.8103,24.0
-1.4583,1.7075,24.0
-1.5852,1.5852,24.0
-1.721,1.4699,24.0
-1.8268,1.3272,24.0
-1.908,1.1693,24.0
-2.0023,1.0202,24.0
-2.0589,-2.962,24.0
-2.1382,-2.9581,24.0
-2.1942,-2.9415,24.0
-2.2149,-2.9458,24.0
-2.2669,-2.9608,24.0
-2.2603,-2.9628,24.0
-2.2326,-2.9654,24.0
-2.213,-2.982,24.0
-2.209,-2.988,24.0
-2.1387,-2.9565,24.0
-2.091,-2.972,24.0
-1.9895,-1.0137,24.0
-1.9093,-1.17,24.0
-1.8249,-1.3259,24.0
-1.716,-1.4656,24.0
-1.6073,-1.6073,24.0
-1.457,-1.706,24.0
-1.3081,-1.8004,24.0
-1.1588,-1.8911,24.0
-1.0099,-1.9821,24.0
-0.869,-2.0979,24.0
-0.6945,-2.1376,24.0
-0.5198,-2.165,24.0
-0.3562,-2.2487,24.0
-0.1777,-2.2579,24.0
-0.0,-2.2716,24.0
0.1767,-2.2453,24.0
0.3541,-2.2356,24.0
0.5184,-2.1594,24.0
0.7004,-2.1556,24.0
0.868,-2.0956,24.0
1.0235,-2.0087,24.0
1.1629,-1.8977,24.0
1.3341,-1.8362,24.0
1.4439,-1.6906,24.0
1.6018,-1.6018,24.0
1.7002,-1.4521,24.0
1.8416,-1.338,24.0
1.935,-1.1858,24.0
1.9969,-1.0175,24.0
2.0767,-0.8602,24.0
2.1151,-0.6872,24.0
2.1711,-0.5212,24.0
2.2286,-0.353,24.0
2.2323,-0.1757,24.0
2.2584,0.0,24.15
2.2527,0.1773,24.15
2.1883,0.3466,24.15
2.2063,0.5297,24.15
2.1072,0.6847,24.15
2.0762,0.86,24.15
1.9933,1.0156,24.15
1.8864,1.156,24.15
1.7901,1.3006,24.15
1.6906,1.4439,24.15
1.6027,1.6027,24.15
1.4443,1.691,24.15
1.3005,1.79,24.15
1.1675,1.9051,24.15
1.0184,1.9988,24.15
0.8641,2.0862,24.15
0.7011,2.1578,24.15
0.5284,2.2009,24.15
0.3494,2.206,24.15
0.1774,2.2535,24.15
0.0,2.2287,24.15
-0.1749,2.2227,24.15
-0.3481,2.198,24.15
-0.5179,2.1571,24.15
-0.6859,2.111,24.15
-0.8615,2.0797,24.15
-1.0051,1.9727,24.15
-1.1618,1.8958,24.15
-1.3173,1.8131,24.15
-1.441,1.6872,24.15
-1.5825,1.5825,24.15
-1.6942,1.447,24.15
-1.8284,1.3284,24.15
-1.8924,1.1597,24.15
-1.971,1.0043,24.15
-2.0492,-2.9633,24.15
-2.1093,-2.9808,24.15
-2.1606,-2.9962,24.15
-2.1856,-2.9676,24.15
-2.217,-2.9703,24.15
-2.2308,-2.9468,24.15
-2.2268,-2.9804,24.15
-2.2307,-2.9474,24.15
-2.1519,-2.9626,24.15
-2.1098,-2.9425,24.15
-2.0773,-2.9787,24.15
-1.986,-1.0119,24.15
-1.8876,-1.1567,24.15
-1.7943,-1.3037,24.15
-1.716,-1.4656,24.15
-1.5875,-1.5875,24.15
-1.4519,-1.7,24.15
-1.3157,-1.8109,24.15
-1.184,-1.932,24.15
-1.0292,-2.0199,24.15
-0.8681,-2.0958,24.15
-0.6887,-2.1196,24.15
-0.5251,-2.1872,24.15
-0.3521,-2.2233,24.15
-0.1774,-2.2544,24.15
-0.0,-2.2286,24.15
0.174,-2.2107,24.15
0.3485,-2.2003,24.15
0.5267,-2.194,24.15
0.6845,-2.1066,24.15
0.8476,-2.0463,24.15
1.0225,-2.0067,24.15
1.1769,-1.9205,24.15
1.3186,-1.8149,24.15
1.4717,-1.7231,24.15
1.602,-1.602,24.15
1.7117,-1.4619,24.15
1.8228,-1.3244,24.15
1.9107,-1.1709,24.15
1.9811,-1.0094,24.15
2.0696,-0.8573,24.15
2.1101,-0.6856,24.15
2.2023,-0.5287,24.15
2.2251,-0.3524,24.15
2.2323,-0.1757,24.15
2.2338,0.0,24.3
2.1735,0.1711,24.3
2.155,0.3413,24.3
2.1453,0.515,24.3
2.094,0.6804,24.3
2.0324,0.8418,24.3
1.9815,1.0096,24.3
1.8796,1.1518,24.3
1.7628,1.2807,24.3
1.6758,1.4313,24.3
1.5482,1.5482,24.3
1.4224,1.6654,24.3
1.3029,1.7932,24.3
1.1453,1.8689,24.3
1.0122,1.9866,24.3
0.8515,2.0556,24.3
0.6894,2.1218,24.3
0.5148,2.1442,24.3
0.3436,2.1695,24.3
0.1716,2.1809,24.3
0.0,2.2131,24.3
-0.1722,2.1879,24.3
-0.3475,2.194,24.3
-0.5161,2.1499,24.3
-0.6836,2.1038,24.3
-0.8421,2.033,24.3
-0.9901,1.9432,24.3
-1.1432,1.8656,24.3
-1.2829,1.7657,24.3
-1.428,1.672,24.3
-1.5754,1.5754,24.3
-1.6547,1.4132,24.3
-1.7812,1.2941,24.3
-1.8601,1.1399,24.3
-1.9897,1.0138,24.3
-2.0253,-2.9565,24.3
-2.0977,-2.9938,24.3
-2.1259,-2.9436,24.3
-2.1741,-2.9451,24.3
-2.2197,-2.9916,24.3
-2.2322,-2.9488,24.3
-2.1778,-2.9776,24.3
-2.1908,-2.9663,24.3
-2.1165,-2.9901,24.3
-2.0947,-2.9537,24.3
-2.0276,-2.982,24.3
-1.9769,-1.0073,24.3
-1.8756,-1.1493,24.3
-1.7853,-1.2971,24.3
-1.6985,-1.4507,24.3
-1.5742,-1.5742,24.3
-1.4517,-1.6997,24.3
-1.2961,-1.7839,24.3
-1.1452,-1.8687,24.3
-0.9894,-1.9418,24.3
-0.851,-2.0545,24.3
-0.6885,-2.119,24.3
-0.5132,-2.1377,24.3
-0.349,-2.2034,24.3
-0.1727,-2.1945,24.3
-0.0,-2.1812,24.3
0.1713,-2.1764,24.3
0.3458,-2.1835,24.3
0.5195,-2.1639,24.3
0.6834,-2.1032,24.3
0.8374,-2.0218,24.3
0.9891,-1.9413,24.3
1.1668,-1.9041,24.3
1.3,-1.7893,24.3
1.4491,-1.6967,24.3
1.5607,-1.5607,24.3
1.6796,-1.4345,24.3
1.7747,-1.2894,24.3
1.9046,-1.1672,24.3
1.9819,-1.0098,24.3
2.043,-0.8462,24.3
2.1228,-0.6897,24.3
2.1418,-0.5142,24.3
2.1845,-0.346,24.3
2.183,-0.1718,24.3
2.1982,0.0,24.45
2.2067,0.1737,24.45
2.184,0.3459,24.45
2.1464,0.5153,24.45
2.0967,0.6812,24.45
2.0408,0.8453,24.45
1.9606,0.999,24.45
1.8727,1.1476,24.45
1.797,1.3056,24.45
1.7083,1.459,24.45
1.568,1.568,24.45
1.4415,1.6877,24.45
1.3057,1.7971,24.45
1.1688,1.9073,24.45
1.01,1.9822,24.45
0.8513,2.0553,24.45
0.6941,2.1363,24.45
0.5154,2.1469,24.45
0.3454,2.181,24.45
0.1747,2.2202,24.45
0.0,2.2119,24.45
-0.1752,2.2255,24.45
-0.3524,2.2252,24.45
-0.513,2.1369,24.45
-0.6834,2.1034,24.45
-0.8436,2.0367,24.45
-1.0036,1.9697,24.45
-1.1573,1.8885,24.45
-1.2935,1.7803,24.45
-1.4485,1.6959,24.45
-1.595,1.595,24.45
-1.7059,1.4569,24.45
-1.8035,1.3103,24.45
-1.8923,1.1596,24.45
-2.0085,1.0234,24.45
-2.0551,-2.9925,24.45
-2.1139,-2.982,24.45
-2.1821,-2.9654,24.45
-2.1821,-2.9752,24.45
-2.195,-2.9732,24.45
-2.2201,-2.9908,24.45
-2.1975,-2.984,24.45
-2.2063,-2.99,24.45
-2.1845,-2.9688,24.45
-2.1035,-2.9897,24.45
-2.0383,-2.9402,24.45
-1.9627,-1.0,24.45
-1.9173,-1.1749,24.45
-1.7951,-1.3042,24.45
-1.6909,-1.4441,24.45
-1.5781,-1.5781,24.45
-1.4496,-1.6972,24.45
-1.3214,-1.8188,24.45
-1.1705,-1.9101,24.45
-1.0088,-1.9798,24.45
-0.8448,-2.0394,24.45
-0.6921,-2.13,24.45
-0.515,-2.145,24.45
-0.3528,-2.2275,24.45
-0.1755,-2.2294,24.45
-0.0,-2.2337,24.45
0.1726,-2.1937,24.45
0.3519,-2.2218,24.45
0.5167,-2.1521,24.45
0.691,-2.1268,24.45
0.8415,-2.0316,24.45
1.0237,-2.009,24.45
1.1677,-1.9055,24.45
1.2981,-1.7867,24.45
1.4542,-1.7026,24.45
1.5646,-1.5646,24.45
1.6792,-1.4342,24.45
1.805,-1.3114,24.45
1.9235,-1.1787,24.45
2.0031,-1.0206,24.45
2.0651,-0.8554,24.45
2.1279,-0.6914,24.45
2.1477,-0.5156,24.45
2.2084,-0.3498,24.45
2.2294,-0.1755,24.45
2.2802,0.0,24.6
2.2814,0.1796,24.6
2.2519,0.3567,24.6
2.2124,0.5312,24.6
2.1688,0.7047,24.6
2.1273,0.8812,24.6
2.054,1.0465,24.6
1.9811,1.214,24.6
1.8526,1.346,24.6
1.7598,1.503,24.6
1.6076,1.6076,24.6
1.4814,1.7344,24.6
1.3495,1.8575,24.6
1.2056,1.9673,24.6
1.0428,2.0466,24.6
0.8905,2.1498,24.6
0.7157,2.2026,24.6
0.5329,2.2196,24.6
0.3571,2.2545,24.6
0.1786,2.2693,24.6
0.0,2.3165,24.6
-0.1805,2.2938,24.6
-0.36,2.2727,24.6
-0.5307,2.2106,24.6
-0.703,2.1637,24.6
-0.8852,2.137,24.6
-1.0367,2.0347,24.6
-1.19,1.9419,24.6
-1.3367,1.8398,24.6
-1.4742,1.726,24.6
-1.6168,1.6168,24.6
-1.7407,1.4867,24.6
-1.86,1.3514,24.6
-1.9387,1.188,24.6
-2.0667,1.053,24.6
-2.1205,-2.9842,24.6
-2.1853,-2.963,24.6
-2.2139,-2.9676,24.6
-2.2457,-2.9438,24.6
-2.2631,-2.997,24.6
-2.3142,-2.9651,24.6
-2.2777,-2.9732,24.6
-2.2891,-2.9539,24.6
-2.2467,-2.9985,24.6
-2.2116,-2.9631,24.6
-2.1333,-2.9505,24.6
-2.0237,-1.0311,24.6
-1.9381,-1.1877,24.6
-1.8787,-1.365,24.6
-1.7592,-1.5025,24.6
-1.6201,-1.6201,24.6
-1.4846,-1.7382,24.6
-1.3591,-1.8706,24.6
-1.2018,-1.9612,24.6
-1.0419,-2.0448,24.6
-0.8889,-2.1461,24.6
-0.7125,-2.1928,24.6
-0.5338,-2.2234,24.6
-0.3585,-2.2637,24.6
-0.1811,-2.3012,24.6
-0.0,-2.324,24.6
0.1788,-2.272,24.6
0.3551,-2.2422,24.6
0.5313,-2.2129,24.6
0.7145,-2.199,24.6
0.8807,-2.1262,24.6
1.0503,-2.0614,24.6
1.1889,-1.9401,24.6
1.3619,-1.8744,24.6
1.4976,-1.7535,24.6
1.6323,-1.6323,24.6
1.7428,-1.4885,24.6
1.8833,-1.3683,24.6
1.9645,-1.2038,24.6
2.0661,-1.0527,24.6
2.1229,-0.8793,24.6
2.158,-0.7012,24.6
2.2633,-0.5434,24.6
2.2745,-0.3602,24.6
2.3169,-0.1823,24.6
2.235,0.0,24.75
2.219,0.1746,24.75
2.1823,0.3456,24.75
2.1686,0.5206,24.75
2.1209,0.6891,24.75
2.0403,0.8451,24.75
1.948,0.9926,24.75
1.8845,1.1548,24.75
1.8034,1.3102,24.75
1.6728,1.4287,24.75
1.5844,1.5844,24.75
1.4583,1.7074,24.75
1.3097,1.8026,24.75
1.1645,1.9002,24.75
0.9969,1.9565,24.75
0.8371,2.0209,24.75
0.6775,2.0851,24.75
0.5201,2.1664,24.75
0.342,2.1596,24.75
0.1754,2.228,24.75
0.0,2.2116,24.75
-0.1755,2.2306,24.75
-0.3447,2.176,24.75
-0.5164,2.1509,24.75
-0.6789,2.0894,24.75
-0.8377,2.0224,24.75
-1.0008,1.9642,24.75
-1.1677,1.9055,24.75
-1.3046,1.7957,24.75
-1.456,1.7048,24.75
-1.5759,1.5759,24.75
-1.7074,1.4583,24.75
-1.8014,1.3088,24.75
-1.8665,1.1438,24.75
-1.9672,1.0023,24.75
-2.0253,-2.9619,24.75
-2.1262,-2.9912,24.75
-2.1711,-2.9887,24.75
-2.2169,-2.9827,24.75
-2.1882,-2.9509,24.75
-2.1944,-2.9904,24.75
-2.1978,-2.9476,24.75
-2.159,-2.9407,24.75
-2.1552,-2.9714,24.75
-2.1131,-2.952,24.75
-2.0195,-2.9744,24.75
-1.9541,-0.9956,24.75
-1.9063,-1.1682,24.75
-1.789,-1.2998,24.75
-1.6819,-1.4365,24.75
-1.5609,-1.5609,24.75
-1.4267,-1.6705,24.75
-1.2992,-1.7882,24.75
-1.1523,-1.8804,24.75
-1.0118,-1.9858,24.75
-0.8527,-2.0585,24.75
-0.6939,-2.1357,24.75
-0.5208,-2.1692,24.75
-0.3431,-2.166,24.75
-0.1722,-2.1879,24.75
-0.0,-2.221,24.75
0.1718,-2.1828,24.75
0.3434,-2.1681,24.75
0.5112,-2.1295,24.75
0.6861,-2.1115,24.75
0.8521,-2.0571,24.75
1.0177,-1.9974,24.75
1.1595,-1.8921,24.75
1.3106,-1.8039,24.75
1.4236,-1.6668,24.75
1.5497,-1.5497,24.75
1.6994,-1.4514,24.75
1.8091,-1.3144,24.75
1.8689,-1.1453,24.75
1.973,-1.0053,24.75
2.0396,-0.8448,24.75
2.0831,-0.6768,24.75
2.1507,-0.5163,24.75
2.2066,-0.3495,24.75
2.1877,-0.1722,24.75
2.2748,0.0,24.9
2.2731,0.1789,24.9
2.2187,0.3514,24.9
2.2104,0.5307,24.9
2.142,0.696,24.9
2.095,0.8678,24.9
2.0074,1.0228,24.9
1.9056,1.1678,24.9
1.8449,1.3404,24.9
1.6914,1.4446,24.9
1.5831,1.5831,24.9
1.4638,1.7139,24.9
1.3274,1.8271,24.9
1.1926,1.9461,24.9
1.0348,2.0309,24.9
0.8583,2.0721,24.9
0.692,2.1299,24.9
0.5231,2.1788,24.9
0.3568,2.253,24.9
0.1746,2.219,24.9
0.0,2.2356,24.9
-0.1755,2.2298,24.9
-0.3549,2.2407,24.9
-0.5261,2.1913,24.9
-0.7009,2.157,24.9
-0.8577,2.0707,24.9
-1.0197,2.0013,24.9
-1.1928,1.9465,24.9
-1.3122,1.806,24.9
-1.475,1.727,24.9
-1.5815,1.5815,24.9
-1.7162,1.4658,24.9
-1.8271,1.3275,24.9
-1.9347,1.1856,24.9
-1.9917,1.0148,24.9
-2.1009,-2.9651,24.9
-2.1669,-2.9568,24.9
-2.1825,-2.995,24.9
-2.2123,-2.9529,24.9
-2.2578,-2.996,24.9
-2.2394,-2.9978,24.9
-2.2455,-2.9975,24.9
-2.2294,-2.9417,24.9
-2.1663,-2.9734,24.9
-2.1258,-2.9789,24.9
-2.0944,-2.9977,24.9
-2.0255,-1.0321,24.9
-1.9318,-1.1838,24.9
-1.8169,-1.3201,24.9
-1.7183,-1.4676,24.9
-1.5867,-1.5867,24.9
-1.4751,-1.7272,24.9
-1.3306,-1.8315,24.9
-1.1618,-1.8958,24.9
-1.0095,-1.9812,24.9
-0.8621,-2.0813,24.9
-0.693,-2.1327,24.9
-0.5212,-2.171,24.9
-0.349,-2.2036,24.9
-0.1783,-2.2655,24.9
-0.0,-2.2599,24.9
0.1784,-2.2674,24.9
0.3502,-2.2113,24.9
0.5325,-2.2182,24.9
0.705,-2.1697,24.9
0.8514,-2.0555,24.9
1.0178,-1.9976,24.9
1.1862,-1.9356,24.9
1.329,-1.8293,24.9
1.4496,-1.6973,24.9
1.5801,-1.5801,24.9
1.7219,-1.4706,24.9
1.8092,-1.3144,24.9
1.9309,-1.1832,24.9
1.9834,-1.0106,24.9
2.0685,-0.8568,24.9
2.1656,-0.7037,24.9
2.1635,-0.5194,24.9
2.2174,-0.3512,24.9
2.2309,-0.1756,24.9
2.2765,0.0,25.05
2.2775,0.1792,25.05
2.266,0.3589,25.05
2.2367,0.537,25.05
2.1662,0.7039,25.05
2.1346,0.8842,25.05
2.0672,1.0533,25.05
1.9658,1.2046,25.05
1.8811,1.3667,25.05
1.7586,1.502,25.05
1.62,1.62,25.05
1.4826,1.7358,25.05
1.3531,1.8623,25.05
1.2061,1.9682,25.05
1.0324,2.0262,25.05
0.8863,2.1396,25.05
0.7067,2.1749,25.05
0.537,2.2368,25.05
0.363,2.2917,25.05
0.1787,2.2707,25.05
0.0,2.2972,25.05
-0.1806,2.2944,25.05
-0.3578,2.2593,25.05
-0.5423,2.2588,25.05
-0.7037,2.1657,25.05
-0.8743,2.1108,25.05
-1.0333,2.028,25.05
-1.2147,1.9822,25.05
-1.3402,1.8446,25.05
-1.4857,1.7395,25.05
-1.6252,1.6252,25.05
-1.7678,1.5099,25.05
-1.869,1.3579,25.05
-1.9609,1.2016,25.05
-2.037,1.0379,25.05
-2.1255,-2.9614,25.05
-2.1602,-2.944,25.05
-2.2045,-2.9994,25.05
-2.2462,-2.9882,25.05
-2.2889,-2.9461,25.05
-2.2999,-2.9744,25.05
-2.2766,-2.9963,25.05
-2.2885,-2.9632,25.05
-2.2148,-2.9858,25.05
-2.1602,-2.985,25.05
-2.1458,-2.9986,25.05
-2.0409,-1.0399,25.05
-1.9486,-1.1941,25.05
-1.8406,-1.3373,25.05
-1.7639,-1.5065,25.05
-1.6366,-1.6366,25.05
-1.4937,-1.7489,25.05
-1.3435,-1.8491,25.05
-1.2136,-1.9805,25.05
-1.0535,-2.0676,25.05
-0.8788,-2.1215,25.05
-0.7027,-2.1626,25.05
-0.5346,-2.2269,25.05
-0.3569,-2.2535,25.05
-0.1779,-2.2609,25.05
-0.0,-2.2847,25.05
0.1785,-2.2677,25.05
0.3635,-2.2953,25.05
0.5305,-2.2097,25.05
0.7033,-2.1645,25.05
0.882,-2.1294,25.05
1.0411,-2.0432,25.05
1.1953,-1.9506,25.05
1.364,-1.8774,25.05
1.4915,-1.7463,25.05
1.6369,-1.6369,25.05
1.741,-1.4869,25.05
1.8646,-1.3547,25.05
1.9527,-1.1966,25.05
2.039,-1.0389,25.05
2.1099,-0.8739,25.05
2.1811,-0.7087,25.05
2.2389,-0.5375,25.05
2.267,-0.3591,25.05
2.261,-0.1779,25.05
2.2814,0.0,25.2
2.2798,0.1794,25.2
2.234,0.3538,25.2
2.2453,0.5391,25.2
2.1511,0.6989,25.2
2.0974,0.8688,25.2
2.048,1.0435,25.2
1.9388,1.1881,25.2
1.8322,1.3311,25.2
1.7539,1.498,25.2
1.6268,1.6268,25.2
1.4906,1.7452,25.2
1.3399,1.8442,25.2
1.1848,1.9335,25.2
1.0391,2.0394,25.2
0.8817,2.1286,25.2
0.71,2.1853,25.2
0.5316,2.2143,25.2
0.3603,2.2749,25.2
0.1781,2.2629,25.2
0.0,2.3042,25.2
-0.1797,2.2835,25.2
-0.353,2.2287,25.2
-0.5355,2.2306,25.2
-0.7039,2.1663,25.2
-0.8767,2.1165,25.2
-1.0293,2.0202,25.2
-1.1798,1.9252,25.2
-1.344,1.8499,25.2
-1.4921,1.7471,25.2
-1.6263,1.6263,25.2
-1.7529,1.4971,25.2
-1.8299,1.3295,25.2
-1.9223,1.178,25.2
-2.0398,1.0393,25.2
-2.1089,-2.9457,25.2
-2.1849,-2.963,25.2
-2.2291,-2.9573,25.2
-2.2578,-2.9763,25.2
-2.2535,-2.9721,25.2
-2.2941,-2.9415,25.2
-2.2468,-2.9693,25.2
-2.2252,-2.9986,25.2
-2.2055,-2.9908,25.2
-2.143,-2.9981,25.2
-2.0842,-2.9617,25.2
-2.037,-1.0379,25.2
-1.9194,-1.1762,25.2
-1.827,-1.3274,25.2
-1.7331,-1.4802,25.2
-1.6227,-1.6227,25.2
-1.4892,-1.7436,25.2
-1.3417,-1.8467,25.2
-1.1902,-1.9422,25.2
-1.0326,-2.0266,25.2
-0.881,-2.1269,25.2
-0.7125,-2.1928,25.2
-0.5289,-2.203,25.2
-0.3563,-2.2497,25.2
-0.181,-2.2993,25.2
-0.0,-2.2573,25.2
0.1796,-2.2822,25.2
0.3524,-2.2252,25.2
0.529,-2.2036,25.2
0.711,-2.1883,25.2
0.8695,-2.0993,25.2
1.0291,-2.0197,25.2
1.1844,-1.9328,25.2
1.3319,-1.8332,25.2
1.4965,-1.7522,25.2
1.6042,-1.6042,25.2
1.7433,-1.489,25.2
1.8474,-1.3422,25.2
1.9237,-1.1788,25.2
2.0176,-1.028,25.2
2.0862,-0.8641,25.2
2.1704,-0.7052,25.2
2.1925,-0.5264,25.2
2.2802,-0.3611,25.2
2.2913,-0.1803,25.2
2.2283,0.0,25.35
2.1909,0.1724,25.35
2.2079,0.3497,25.35
2.145,0.515,25.35
2.0909,0.6794,25.35
2.0524,0.8501,25.35
1.9865,1.0122,25.35
1.9214,1.1774,25.35
1.7834,1.2957,25.35
1.7078,1.4586,25.35
1.5871,1.5871,25.35
1.4363,1.6817,25.35
1.3231,1.821,25.35
1.1557,1.886,25.35
1.0026,1.9677,25.35
0.8475,2.046,25.35
0.695,2.1391,25.35
0.5137,2.1397,25.35
0.3525,2.2257,25.35
0.1741,2.2116,25.35
0.0,2.223,25.35
-0.1743,2.2149,25.35
-0.3446,2.1754,25.35
-0.52,2.1659,25.35
-0.6797,2.092,25.35
-0.8593,2.0744,25.35
-1.0103,1.9827,25.35
-1.1557,1.8859,25.35
-1.3245,1.823,25.35
-1.4547,1.7032,25.35
-1.5948,1.5948,25.35
-1.7063,1.4573,25.35
-1.7858,1.2974,25.35
-1.9206,1.1769,25.35
-1.9777,1.0077,25.35
-2.0514,-2.9446,25.35
-2.0944,-2.9827,25.35
-2.1791,-2.9414,25.35
-2.2168,-2.949,25.35
-2.2155,-2.9596,25.35
-2.232,-2.9803,25.35
-2.2276,-2.983,25.35
-2.2033,-2.9404,25.35
-2.1709,-2.972,25.35
-2.118,-2.9569,25.35
-2.0649,-2.9749,25.35
-1.9812,-1.0095,25.35
-1.8988,-1.1636,25.35
-1.8208,-1.3229,25.35
-1.712,-1.4622,25.35
-1.5674,-1.5674,25.35
-1.4578,-1.7069,25.35
-1.3229,-1.8208,25.35
-1.1634,-1.8984,25.35
-1.0125,-1.9872,25.35
-0.8592,-2.0744,25.35
-0.6938,-2.1353,25.35
-0.5169,-2.1529,25.35
-0.3515,-2.2192,25.35
-0.1762,-2.2383,25.35
-0.0,-2.2167,25.35
0.1746,-2.2179,25.35
0.3452,-2.1798,25.35
0.517,-2.1533,25.35
0.6807,-2.0949,25.35
0.8574,-2.07,25.35
0.9994,-1.9614,25.35
1.1652,-1.9014,25.35
1.3149,-1.8098,25.35
1.4525,-1.7006,25.35
1.5771,-1.5771,25.35
1.681,-1.4357,25.35
1.7926,-1.3024,25.35
1.8865,-1.1561,25.35
1.99,-1.014,25.35
2.0551,-0.8512,25.35
2.1066,-0.6845,25.35
2.1501,-0.5162,25.35
2.2118,-0.3503,25.35
2.2118,-0.1741,25.35
3.0067,0.0,25.5
3.0279,0.2383,25.5
2.9882,0.4733,25.5
2.9383,0.7054,25.5
2.8625,0.9301,25.5
2.7956,1.158,25.5
2.7079,1.3797,25.5
2.5958,1.5907,25.5
2.449,1.7793,25.5
2.2978,1.9625,25.5
2.138,2.138,25.5
1.973,2.3101,25.5
1.7615,2.4244,25.5
1.5917,2.5974,25.5
1.3796,2.7075,25.5
1.1533,2.7843,25.5
0.9382,2.8874,25.5
0.7014,2.9215,25.5
0.4746,2.9966,25.5
0.2368,3.0085,25.5
0.0,3.0316,25.5
-0.2373,3.0148,25.5
-0.4695,2.9641,25.5
-0.7011,2.9202,25.5
-0.9387,2.889,25.5
-1.152,2.7811,25.5
-1.3816,2.7116,25.5
-1.5664,2.5561,25.5
-1.7819,2.4526,25.5
-1.9448,2.277,25.5
-2.1511,2.1511,25.5
-2.3103,1.9732,25.5
-2.4287,1.7645,25.5
-2.5539,1.565,25.5
-2.6923,1.3718,25.5
-2.7811,-2.9964,25.5
-2.882,-2.9954,25.5
-2.932,-2.9828,25.5
-2.9842,-2.968,25.5
-3.0074,-2.9963,25.5
-3.0054,-2.9793,25.5
-3.0176,-2.9572,25.5
-2.9648,-2.9584,25.5
-2.9554,-2.953,25.5
-2.8787,-2.9482,25.5
-2.7781,-2.9744,25.5
-2.7137,-1.3827,25.5
-2.5736,-1.5771,25.5
-2.4425,-1.7746,25.5
-2.3052,-1.9688,25.5
-2.1327,-2.1327,25.5
-1.953,-2.2866,25.5
-1.7722,-2.4393,25.5
-1.5777,-2.5746,25.5
-1.3616,-2.6723,25.5
-1.1585,-2.7969,25.5
-0.9393,-2.8909,25.5
-0.7056,-2.9391,25.5
-0.4757,-3.0032,25.5
-0.2371,-3.012,25.5
-0.0,-3.0399,25.5
0.2391,-3.0384,25.5
0.4747,-2.9973,25.5
0.7082,-2.9499,25.5
0.9269,-2.8526,25.5
1.1474,-2.7702,25.5
1.3828,-2.7138,25.5
1.5742,-2.5689,25.5
1.7867,-2.4592,25.5
1.9475,-2.2803,25.5
2.1209,-2.1209,25.5
2.2821,-1.9491,25.5
2.4528,-1.782,25.5
2.5705,-1.5752,25.5
2.6905,-1.3709,25.5
2.7827,-1.1526,25.5
2.879,-0.9354,25.5
2.9144,-0.6997,25.5
2.9555,-0.4681,25.5
2.9835,-0.2348,25.5
3.0053,0.0,25.65
3.0322,0.2386,25.65
2.9707,0.4705,25.65
2.9738,0.714,25.65
2.8856,0.9376,25.65
2.8073,1.1628,25.65
2.723,1.3874,25.65
2.5921,1.5885,25.65
2.4643,1.7904,25.65
2.3152,1.9774,25.65
2.1563,2.1563,25.65
1.9691,2.3055,25.65
1.7682,2.4337,25.65
1.5866,2.5891,25.65
1.3895,2.727,25.65
1.1649,2.8122,25.65
0.944,2.9053,25.65
0.7053,2.9378,25.65
0.4737,2.991,25.65
0.2392,3.0396,25.65
0.0,3.0366,25.65
-0.2389,3.0353,25.65
-0.4767,3.0096,25.65
-0.7057,2.9396,25.65
-0.9334,2.8727,25.65
-1.1594,2.799,25.65
-1.3795,2.7075,25.65
-1.5916,2.5973,25.65
-1.7796,2.4494,25.65
-1.9832,2.322,25.65
-2.1276,2.1276,25.65
-2.2996,1.964,25.65
-2.4327,1.7674,25.65
-2.597,1.5914,25.65
-2.7045,1.378,25.65
-2.7874,-2.9687,25.65
-2.8786,-2.9876,25.65
-2.9667,-2.986,25.65
-3.0075,-2.9676,25.65
-3.0492,-2.9621,25.65
-3.0282,-2.9587,25.65
-3.0342,-2.9581,25.65
-2.976,-2.9493,25.65
-2.9493,-2.968,25.65
-2.8949,-2.9584,25.65
-2.7764,-2.9785,25.65
-2.7255,-1.3887,25.65
-2.5875,-1.5856,25.65
-2.4405,-1.7731,25.65
-2.311,-1.9738,25.65
-2.1325,-2.1325,25.65
-1.9562,-2.2905,25.65
-1.788,-2.461,25.65
-1.5974,-2.6068,25.65
-1.3884,-2.725,25.65
-1.1503,-2.777,25.65
-0.9287,-2.8582,25.65
-0.7092,-2.954,25.65
-0.4725,-2.9834,25.65
-0.2401,-3.0512,25.65
-0.0,-3.0562,25.65
0.2385,-3.0299,25.65
0.4761,-3.006,25.65
0.7024,-2.9256,25.65
0.9366,-2.8826,25.65
1.1677,-2.819,25.65
1.3883,-2.7247,25.65
1.5848,-2.5862,25.65
1.7956,-2.4715,25.65
1.953,-2.2867,25.65
2.1369,-2.1369,25.65
2.3156,-1.9777,25.65
2.4575,-1.7855,25.65
2.6025,-1.5948,25.65
2.711,-1.3813,25.65
2.8074,-1.1629,25.65
2.874,-0.9338,25.65
2.9362,-0.7049,25.65
2.9809,-0.4721,25.65
3.03,-0.2385,25.65
2.962,0.0,25.8
2.9612,0.233,25.8
2.9299,0.464,25.8
2.8602,0.6867,25.8
2.8362,0.9215,25.8
2.7263,1.1293,25.8
2.6613,1.356,25.8
2.5438,1.5589,25.8
2.3876,1.7347,25.8
2.26,1.9302,25.8
2.0974,2.0974,25.8
1.9225,2.251,25.8
1.7409,2.3961,25.8
1.556,2.5392,25.8
1.3389,2.6277,25.8
1.1257,2.7177,25.8
0.9187,2.8275,25.8
0.6945,2.8926,25.8
0.4617,2.915,25.8
0.2329,2.9594,25.8
0.0,2.9579,25.8
-0.2304,2.9269,25.8
-0.4644,2.9322,25.8
-0.6979,2.9068,25.8
-0.9102,2.8012,25.8
-1.1428,2.7589,25.8
-1.3562,2.6617,25.8
-1.5464,2.5235,25.8
-1.7492,2.4076,25.8
-1.9412,2.2729,25.8
-2.1006,2.1006,25.8
-2.2591,1.9295,25.8
-2.3844,1.7323,25.8
-2.5214,1.5451,25.8
-2.6645,1.3576,25.8
-2.7497,-2.9536,25.8
-2.7911,-2.9678,25.8
-2.9004,-2.959,25.8
-2.9112,-2.9704,25.8
-2.9633,-2.993,25.8
-2.9743,-2.974,25.8
-2.9591,-2.9579,25.8
-2.9083,-2.9765,25.8
-2.8952,-2.9938,25.8
-2.8401,-2.9689,25.8
-2.7567,-2.945,25.8
-2.6188,-1.3343,25.8
-2.5146,-1.541,25.8
-2.3891,-1.7358,25.8
-2.2572,-1.9278,25.8
-2.0896,-2.0896,25.8
-1.9392,-2.2705,25.8
-1.7323,-2.3844,25.8
-1.5465,-2.5237,25.8
-1.3525,-2.6545,25.8
-1.1329,-2.7351,25.8
-0.9227,-2.8399,25.8
-0.6979,-2.9069,25.8
-0.4677,-2.9531,25.8
-0.2319,-2.947,25.8
-0.0,-2.9884,25.8
0.2322,-2.9505,25.8
0.4663,-2.944,25.8
0.6969,-2.9028,25.8
0.9225,-2.8392,25.8
1.1426,-2.7584,25.8
1.3433,-2.6363,25.8
1.5437,-2.5191,25.8
1.7382,-2.3925,25.8
1.9096,-2.2359,25.8
2.0944,-2.0944,25.8
2.2634,-1.9331,25.8
2.3876,-1.7347,25.8
2.5277,-1.549,25.8
2.6361,-1.3431,25.8
2.714,-1.1242,25.8
2.805,-0.9114,25.8
2.8628,-0.6873,25.8
2.9206,-0.4626,25.8
2.934,-0.2309,25.8
3.0451,0.0,25.95
3.0039,0.2364,25.95
3.0113,0.4769,25.95
2.9634,0.7115,25.95
2.8601,0.9293,25.95
2.7672,1.1462,25.95
2.6788,1.3649,25.95
2.5661,1.5725,25.95
2.4515,1.7811,25.95
2.3197,1.9812,25.95
2.1228,2.1228,25.95
1.9694,2.3059,25.95
1.7761,2.4446,25.95
1.5765,2.5726,25.95
1.3732,2.695,25.95
1.1506,2.7777,25.95
0.9427,2.9013,25.95
0.7099,2.9571,25.95
0.4688,2.9598,25.95
0.2389,3.0353,25.95
0.0,3.0069,25.95
-0.2356,2.9938,25.95
-0.4714,2.9763,25.95
-0.705,2.9364,25.95
-0.9312,2.866,25.95
-1.1671,2.8176,25.95
-1.3836,2.7155,25.95
-1.5895,2.5938,25.95
-1.7802,2.4502,25.95
-1.969,2.3054,25.95
-2.1356,2.1356,25.95
-2.3117,1.9744,25.95
-2.4498,1.7799,25.95
-2.592,1.5884,25.95
-2.6773,1.3641,25.95
-2.7716,-2.9714,25.95
-2.8461,-2.9943,25.95
-2.9439,-2.9638,25.95
-2.9677,-2.9799,25.95
-2.9897,-2.9912,25.95
-3.046,-2.9861,25.95
-2.9858,-2.9478,25.95
-2.9926,-2.9866,25.95
-2.9152,-2.9965,25.95
-2.8683,-2.9439,25.95
-2.8086,-2.9898,25.95
-2.7122,-1.382,25.95
-2.589,-1.5866,25.95
-2.456,-1.7844,25.95
-2.3129,-1.9754,25.95
-2.1285,-2.1285,25.95
-1.9449,-2.2772,25.95
-1.7918,-2.4662,25.95
-1.5874,-2.5903,25.95
-1.3742,-2.697,25.95
-1.147,-2.7692,25.95
-0.9416,-2.8979,25.95
-0.7016,-2.9224,25.95
-0.4692,-2.9626,25.95
-0.2371,-3.0124,25.95
-0.0,-3.0326,25.95
0.2364,-3.0039,25.95
0.4737,-2.991,25.95
0.7094,-2.9547,25.95
0.9319,-2.868,25.95
1.1563,-2.7915,25.95
1.3853,-2.7187,25.95
1.5822,-2.5819,25.95
1.7797,-2.4495,25.95
1.9814,-2.3199,25.95
2.1413,-2.1413,25.95
2.2939,-1.9592,25.95
2.4475,-1.7782,25.95
2.5772,-1.5793,25.95
2.6711,-1.361,25.95
2.7769,-1.1502,25.95
2.867,-0.9315,25.95
2.9531,-0.709,25.95
3.0046,-0.4759,25.95
2.9958,-0.2358,25.95
2.9626,0.0,26.1
2.9649,0.2333,26.1
2.9515,0.4675,26.1
2.9374,0.7052,26.1
2.845,0.9244,26.1
2.7372,1.1338,26.1
2.6434,1.3469,26.1
2.5484,1.5616,26.1
2.4115,1.752,26.1
2.2711,1.9397,26.1
2.1085,2.1085,26.1
1.952,2.2855,26.1
1.7497,2.4083,26.1
1.5485,2.527,26.1
1.3706,2.69,26.1
1.1352,2.7407,26.1
0.9152,2.8167,26.1
0.6978,2.9066,26.1
0.469,2.9614,26.1
0.2329,2.9594,26.1
0.0,3.0159,26.1
-0.2364,3.0044,26.1
-0.4703,2.9696,26.1
-0.6962,2.9,26.1
-0.9247,2.8461,26.1
-1.1345,2.7389,26.1
-1.3571,2.6635,26.1
-1.5547,2.537,26.1
-1.75,2.4087,26.1
-1.9314,2.2614,26.1
-2.0986,2.0986,26.1
-2.2723,1.9407,26.1
-2.4435,1.7753,26.1
-2.5396,1.5563,26.1
-2.6592,1.3549,26.1
-2.7772,-2.9996,26.1
-2.8655,-2.9406,26.1
-2.922,-2.9473,26.1
-2.9402,-2.9542,26.1
-3.0072,-2.9516,26.1
-3.0031,-2.9432,26.1
-2.9766,-2.9973,26.1
-2.9734,-2.9793,26.1
-2.9295,-2.9448,26.1
-2.8303,-2.9986,26.1
-2.7397,-2.9932,26.1
-2.6757,-1.3633,26.1
-2.5741,-1.5774,26.1
-2.4162,-1.7554,26.1
-2.2684,-1.9374,26.1
-2.1217,-2.1217,26.1
-1.9479,-2.2807,26.1
-1.7456,-2.4026,26.1
-1.573,-2.5669,26.1
-1.3701,-2.689,26.1
-1.144,-2.7619,26.1
-0.9281,-2.8565,26.1
-0.7003,-2.917,26.1
-0.4646,-2.9333,26.1
-0.2348,-2.9828,26.1
-0.0,-2.9871,26.1
0.2362,-3.0014,26.1
0.4705,-2.9704,26.1
0.7007,-2.9186,26.1
0.9313,-2.8661,26.1
1.1488,-2.7735,26.1
1.3534,-2.6561,26.1
1.5508,-2.5306,26.1
1.7622,-2.4254,26.1
1.9505,-2.2838,26.1
2.1328,-2.1328,26.1
2.2559,-1.9268,26.1
2.4054,-1.7476,26.1
2.5492,-1.5622,26.1
2.6814,-1.3662,26.1
2.7835,-1.153,26.1
2.8239,-0.9175,26.1
2.9222,-0.7016,26.1
2.979,-0.4718,26.1
2.9964,-0.2358,26.1
2.9851,0.0,26.25
2.9751,0.2341,26.25
2.9573,0.4684,26.25
2.9515,0.7086,26.25
2.8595,0.9291,26.25
2.7799,1.1515,26.25
2.6863,1.3687,26.25
2.5606,1.5691,26.25
2.4283,1.7643,26.25
2.2888,1.9548,26.25
2.1472,2.1472,26.25
1.9572,2.2916,26.25
1.7791,2.4487,26.25
1.5773,2.5739,26.25
1.3727,2.694,26.25
1.1522,2.7818,26.25
0.9277,2.8552,26.25
0.709,2.9531,26.25
0.4671,2.9489,26.25
0.2381,3.0254,26.25
0.0,3.0049,26.25
-0.2356,2.9941,26.25
-0.4724,2.9825,26.25
-0.7036,2.9307,26.25
-0.9284,2.8575,26.25
-1.1586,2.7972,26.25
-1.376,2.7005,26.25
-1.5835,2.5841,26.25
-1.7652,2.4296,26.25
-1.9645,2.3001,26.25
-2.1331,2.1331,26.25
-2.3072,1.9705,26.25
-2.4574,1.7854,26.25
-2.5902,1.5873,26.25
-2.7089,1.3802,26.25
-2.7881,-2.9567,26.25
-2.8486,-2.9954,26.25
-2.9177,-2.9622,26.25
-2.9867,-2.9697,26.25
-2.9772,-2.9663,26.25
-3.0088,-2.9726,26.25
-2.9823,-2.9772,26.25
-2.9945,-2.9948,26.25
-2.9408,-2.9602,26.25
-2.8908,-2.9744,26.25
-2.8,-2.9777,26.25
-2.6817,-1.3664,26.25
-2.5558,-1.5662,26.25
-2.4285,-1.7644,26.25
-2.3031,-1.967,26.25
-2.1453,-2.1453,26.25
-1.9693,-2.3057,26.25
-1.7596,-2.4218,26.25
-1.5758,-2.5715,26.25
-1.3668,-2.6824,26.25
-1.153,-2.7836,26.25
-0.9398,-2.8924,26.25
-0.7075,-2.9468,26.25
-0.4711,-2.9744,26.25
-0.2378,-3.0216,26.25
-0.0,-3.0003,26.25
0.2373,-3.0153,26.25
0.4667,-2.9468,26.25
0.7098,-2.9566,26.25
0.9285,-2.8578,26.25
1.1567,-2.7925,26.25
1.3624,-2.674,26.25
1.579,-2.5768,26.25
1.7621,-2.4254,26.25
1.966,-2.3019,26.25
2.1198,-2.1198,26.25
2.2961,-1.9611,26.25
2.4361,-1.7699,26.25
2.5718,-1.576,26.25
2.6622,-1.3564,26.25
2.8003,-1.1599,26.25
2.8424,-0.9236,26.25
2.9041,-0.6972,26.25
2.9936,-0.4741,26.25
3.0233,-0.2379,26.25
3.0581,0.0,26.4
3.0,0.2361,26.4
2.9948,0.4743,26.4
2.9779,0.7149,26.4
2.8962,0.941,26.4
2.8326,1.1733,26.4
2.7305,1.3913,26.4
2.5757,1.5784,26.4
2.4793,1.8013,26.4
2.3299,1.9899,26.4
2.1312,2.1312,26.4
1.9623,2.2976,26.4
1.7727,2.4399,26.4
1.5789,2.5765,26.4
1.3712,2.6911,26.4
1.1549,2.7881,26.4
0.9396,2.8918,26.4
0.7147,2.9769,26.4
0.4766,3.0094,26.4
0.2408,3.0592,26.4
0.0,3.0124,26.4
-0.2386,3.032,26.4
-0.4799,3.0297,26.4
-0.7025,2.9263,26.4
-0.9464,2.9126,26.4
-1.1716,2.8286,26.4
-1.3832,2.7147,26.4
-1.5865,2.589,26.4
-1.7935,2.4685,26.4
-1.9686,2.3049,26.4
-2.1479,2.1479,26.4
-2.3301,1.9901,26.4
-2.4673,1.7926,26.4
-2.59,1.5872,26.4
-2.7327,1.3924,26.4
-2.8314,-2.9797,26.4
-2.8663,-2.99,26.4
-2.9656,-2.9527,26.4
-3.0154,-2.9435,26.4
-3.0366,-2.9886,26.4
-3.0609,-2.9955,26.4
-3.0277,-2.9733,26.4
-2.9953,-2.9765,26.4
-2.9475,-2.9754,26.4
-2.9117,-2.9493,26.4
-2.8276,-2.97,26.4
-2.7189,-1.3853,26.4
-2.5994,-1.5929,26.4
-2.4449,-1.7763,26.4
-2.2912,-1.9569,26.4
-2.1363,-2.1363,26.4
-1.976,-2.3136,26.4
-1.7702,-2.4364,26.4
-1.5853,-2.587,26.4
-1.3842,-2.7166,26.4
-1.1535,-2.7849,26.4
-0.9309,-2.8649,26.4
-0.7058,-2.9397,26.4
-0.4779,-3.0174,26.4
-0.2373,-3.0154,26.4
-0.0,-3.0679,26.4
0.2394,-3.0421,26.4
0.476,-3.0056,26.4
0.7054,-2.9383,26.4
0.9477,-2.9168,26.4
1.1716,-2.8285,26.4
1.3681,-2.685,26.4
1.5832,-2.5836,26.4
1.7724,-2.4396,26.4
1.9794,-2.3176,26.4
2.1302,-2.1302,26.4
2.3123,-1.9749,26.4
2.4544,-1.7833,26.4
2.579,-1.5804,26.4
2.6935,-1.3724,26.4
2.806,-1.1623,26.4
2.8846,-0.9372,26.4
2.9564,-0.7098,26.4
3.0187,-0.4781,26.4
3.0157,-0.2373,26.4
3.0132,0.0,26.55
3.0215,0.2378,26.55
2.9744,0.4711,26.55
2.947,0.7075,26.55
2.8626,0.9301,26.55
2.7798,1.1514,26.55
2.699,1.3752,26.55
2.596,1.5908,26.55
2.4553,1.7838,26.55
2.2969,1.9617,26.55
2.1195,2.1195,26.55
1.9424,2.2743,26.55
1.7573,2.4187,26.55
1.5808,2.5796,26.55
1.3707,2.6902,26.55
1.1474,2.77,26.55
0.9379,2.8864,26.55
0.707,2.9447,26.55
0.4675,2.9517,26.55
0.2367,3.0079,26.55
0.0,3.0277,26.55
-0.2346,2.9803,26.55
-0.4708,2.9724,26.55
-0.701,2.92,26.55
-0.925,2.847,26.55
-1.1555,2.7896,26.55
-1.376,2.7006,26.55
-1.5863,2.5885,26.55
-1.7828,2.4538,26.55
-1.9758,2.3134,26.55
-2.1407,2.1407,26.55
-2.2879,1.954,26.55
-2.4319,1.7668,26.55
-2.5807,1.5815,26.55
-2.7087,1.3801,26.55
-2.7778,-2.9498,26.55
-2.8811,-2.9954,26.55
-2.9372,-2.959,26.55
-2.9729,-2.9867,26.55
-3.0315,-2.9854,26.55
-3.0106,-2.9797,26.55
-2.9872,-2.9954,26.55
-2.9804,-2.9768,26.55
-2.9557,-2.9639,26.55
-2.8895,-2.9875,26.55
-2.7617,-2.9413,26.55
-2.6967,-1.374,26.55
-2.5876,-1.5857,26.55
-2.4648,-1.7908,26.55
-2.3093,-1.9724,26.55
-2.1517,-2.1517,26.55
-1.9608,-2.2958,26.55
-1.7902,-2.4639,26.55
-1.5741,-2.5688,26.55
-1.3629,-2.6749,26.55
-1.1454,-2.7653,26.55
-0.9263,-2.8508,26.55
-0.7113,-2.9629,26.55
-0.4734,-2.989,26.55
-0.2361,-2.9997,26.55
-0.0,-3.0483,26.55
0.2348,-2.9834,26.55
0.4769,-3.0108,26.55
0.698,-2.9074,26.55
0.9415,-2.8976,26.55
1.1593,-2.7988,26.55
1.3687,-2.6863,26.55
1.5823,-2.5821,26.55
1.7904,-2.4643,26.55
1.9797,-2.318,26.55
2.1232,-2.1232,26.55
2.2977,-1.9624,26.55
2.4329,-1.7676,26.55
2.5816,-1.582,26.55
2.6665,-1.3586,26.55
2.8028,-1.161,26.55
2.8764,-0.9346,26.55
2.963,-0.7114,26.55
2.9616,-0.4691,26.55
2.9952,-0.2357,26.55
2.9486,0.0,26.7
2.9145,0.2294,26.7
2.9414,0.4659,26.7
2.8845,0.6925,26.7
2.7958,0.9084,26.7
2.7322,1.1317,26.7
2.6244,1.3372,26.7
2.5206,1.5446,26.7
2.364,1.7176,26.7
2.2485,1.9204,26.7
2.1044,2.1044,26.7
1.9281,2.2575,26.7
1.7426,2.3984,26.7
1.5452,2.5216,26.7
1.3373,2.6245,26.7
1.1319,2.7328,26.7
0.9151,2.8165,26.7
0.6882,2.8664,26.7
0.4602,2.9058,26.7
0.2301,2.9242,26.7
0.0,2.9366,26.7
-0.232,2.9484,26.7
-0.4619,2.9162,26.7
-0.6938,2.8897,26.7
-0.9192,2.8289,26.7
-1.1379,2.747,26.7
-1.3482,2.6461,26.7
-1.5513,2.5315,26.7
-1.7468,2.4042,26.7
-1.9276,2.2569,26.7
-2.1033,2.1033,26.7
-2.2429,1.9157,26.7
-2.3778,1.7276,26.7
-2.5302,1.5505,26.7
-2.6309,1.3405,26.7
-2.7437,-2.983,26.7
-2.7893,-2.9801,26.7
-2.8445,-2.9592,26.7
-2.8963,-2.9689,26.7
-2.9295,-2.9648,26.7
-2.9621,-2.9941,26.7
-2.9174,-2.9721,26.7
-2.9181,-2.9411,26.7
-2.8696,-2.9684,26.7
-2.8334,-2.9621,26.7
-2.7417,-2.967,26.7
-2.6217,-1.3358,26.7
-2.5066,-1.5361,26.7
-2.3733,-1.7243,26.7
-2.2363,-1.91,26.7
-2.0947,-2.0947,26.7
-1.9008,-2.2255,26.7
-1.7406,-2.3957,26.7
-1.5488,-2.5274,26.7
-1.3393,-2.6284,26.7
-1.1352,-2.7405,26.7
-0.9109,-2.8033,26.7
-0.6944,-2.8925,26.7
-0.4598,-2.9029,26.7
-0.2327,-2.9565,26.7
-0.0,-2.95,26.7
0.2297,-2.919,26.7
0.4604,-2.9067,26.7
0.6936,-2.8889,26.7
0.906,-2.7884,26.7
1.1317,-2.7323,26.7
1.3447,-2.6391,26.7
1.5417,-2.5158,26.7
1.7336,-2.3862,26.7
1.9065,-2.2322,26.7
2.0827,-2.0827,26.7
2.2392,-1.9125,26.7
2.3894,-1.736,26.7
2.5405,-1.5568,26.7
2.6214,-1.3357,26.7
2.7085,-1.1219,26.7
2.8208,-0.9165,26.7
2.8569,-0.6859,26.7
2.9262,-0.4635,26.7
2.9518,-0.2323,26.7
2.9534,0.0,26.85
2.9589,0.2329,26.85
2.9053,0.4602,26.85
2.8522,0.6848,26.85
2.8198,0.9162,26.85
2.7166,1.1252,26.85
2.649,1.3497,26.85
2.5108,1.5386,26.85
2.3709,1.7225,26.85
2.2564,1.9272,26.85
2.0769,2.0769,26.85
1.9106,2.237,26.85
1.753,2.4128,26.85
1.5322,2.5003,26.85
1.3443,2.6384,26.85
1.1273,2.7216,26.85
0.9067,2.7904,26.85
0.6857,2.856,26.85
0.4671,2.9493,26.85
0.2316,2.9432,26.85
0.0,2.93,26.85
-0.2333,2.9639,26.85
-0.4617,2.9153,26.85
-0.6965,2.901,26.85
-0.9216,2.8365,26.85
-1.143,2.7594,26.85
-1.3525,2.6545,26.85
-1.5394,2.5121,26.85
-1.729,2.3798,26.85
-1.9033,2.2285,26.85
-2.0854,2.0854,26.85
-2.2297,1.9044,26.85
-2.401,1.7444,26.85
-2.5292,1.5499,26.85
-2.6211,1.3355,26.85
-2.7419,-2.9909,26.85
-2.8165,-2.9572,26.85
-2.8504,-2.9722,26.85
-2.9261,-2.9679,26.85
-2.9587,-2.999,26.85
-2.983,-2.9805,26.85
-2.9334,-2.9618,26.85
-2.9181,-2.9817,26.85
-2.9024,-2.9893,26.85
-2.7868,-2.9561,26.85
-2.7204,-2.9493,26.85
-2.6406,-1.3455,26.85
-2.5292,-1.5499,26.85
-2.3832,-1.7315,26.85
-2.2365,-1.9102,26.85
-2.1128,-2.1128,26.85
-1.9081,-2.234,26.85
-1.7343,-2.387,26.85
-1.5553,-2.5381,26.85
-1.3301,-2.6104,26.85
-1.1418,-2.7565,26.85
-0.91,-2.8008,26.85
-0.6897,-2.8727,26.85
-0.4593,-2.9001,26.85
-0.2314,-2.9397,26.85
-0.0,-2.9589,26.85
0.2343,-2.9773,26.85
0.4656,-2.9396,26.85
0.693,-2.8864,26.85
0.9114,-2.8049,26.85
1.1421,-2.7574,26.85
1.3415,-2.6329,26.85
1.5323,-2.5005,26.85
1.7226,-2.3709,26.85
1.9226,-2.251,26.85
2.0771,-2.0771,26.85
2.2655,-1.9349,26.85
2.4142,-1.754,26.85
2.5041,-1.5345,26.85
2.6568,-1.3537,26.85
2.7598,-1.1432,26.85
2.7891,-0.9062,26.85
2.8819,-0.6919,26.85
2.9384,-0.4654,26.85
2.932,-0.2308,26.85
3.0061,0.0,27.0
3.01,0.2369,27.0
2.9415,0.4659,27.0
2.8945,0.6949,27.0
2.8219,0.9169,27.0
2.7734,1.1488,27.0
2.6486,1.3495,27.0
2.5726,1.5765,27.0
2.4352,1.7693,27.0
2.2776,1.9453,27.0
2.1008,2.1008,27.0
1.9535,2.2873,27.0
1.7683,2.4338,27.0
1.5484,2.5268,27.0
1.3463,2.6422,27.0
1.1356,2.7417,27.0
0.9263,2.8507,27.0
0.7027,2.9268,27.0
0.4687,2.959,27.0
0.2344,2.9783,27.0
0.0,2.9968,27.0
-0.2339,2.9715,27.0
-0.4683,2.9566,27.0
-0.7009,2.9195,27.0
-0.9287,2.8581,27.0
-1.1524,2.7822,27.0
-1.3549,2.6591,27.0
-1.5521,2.5328,27.0
-1.761,2.4239,27.0
-1.9279,2.2573,27.0
-2.1273,2.1273,27.0
-2.2751,1.9432,27.0
-2.4276,1.7638,27.0
-2.5346,1.5532,27.0
-2.6695,1.3602,27.0
-2.7834,-2.9637,27.0
-2.8386,-2.9935,27.0
-2.9068,-2.984,27.0
-2.9528,-2.946,27.0
-2.9619,-2.9829,27.0
-3.0148,-2.9985,27.0
-2.9595,-2.9759,27.0
-2.954,-2.9568,27.0
-2.8843,-2.955,27.0
-2.8599,-2.9414,27.0
-2.7586,-2.9777,27.0
-2.678,-1.3645,27.0
-2.5432,-1.5585,27.0
-2.4069,-1.7487,27.0
-2.2687,-1.9376,27.0
-2.0997,-2.0997,27.0
-1.9265,-2.2556,27.0
-1.7553,-2.416,27.0
-1.5538,-2.5356,27.0
-1.3506,-2.6508,27.0
-1.148,-2.7716,27.0
-0.9319,-2.8682,27.0
-0.7047,-2.9354,27.0
-0.468,-2.9546,27.0
-0.2356,-2.9931,27.0
-0.0,-2.9704,27.0
0.2344,-2.9787,27.0
0.4676,-2.9524,27.0
0.6992,-2.9124,27.0
0.9287,-2.8581,27.0
1.1525,-2.7824,27.0
1.3641,-2.6771,27.0
1.5781,-2.5753,27.0
1.7436,-2.3999,27.0
1.9512,-2.2846,27.0
2.115,-2.115,27.0
2.2546,-1.9256,27.0
2.4206,-1.7587,27.0
2.5633,-1.5708,27.0
2.6619,-1.3563,27.0
2.7689,-1.1469,27.0
2.8347,-0.921,27.0
2.8848,-0.6926,27.0
2.9533,-0.4678,27.0
2.9633,-0.2332,27.0
2.9979,0.0,27.15
3.0095,0.2369,27.15
2.968,0.4701,27.15
2.8893,0.6936,27.15
2.844,0.9241,27.15
2.7427,1.1361,27.15
2.6601,1.3554,27.15
2.5341,1.5529,27.15
2.4106,1.7514,27.15
2.2599,1.9301,27.15
2.1195,2.1195,27.15
1.9543,2.2881,27.15
1.7647,2.4289,27.15
1.5693,2.5609,27.15
1.3663,2.6814,27.15
1.1558,2.7904,27.15
0.9178,2.8246,27.15
0.701,2.9199,27.15
0.4678,2.9535,27.15
0.2357,2.9942,27.15
0.0,3.0204,27.15
-0.2371,3.0128,27.15
-0.4721,2.9806,27.15
-0.7035,2.9305,27.15
-0.9324,2.8695,27.15
-1.1521,2.7814,27.15
-1.3468,2.6433,27.15
-1.5535,2.535,27.15
-1.7511,2.4101,27.15
-1.9327,2.2629,27.15
-2.1215,2.1215,27.15
-2.2952,1.9603,27.15
-2.4463,1.7773,27.15
-2.5535,1.5648,27.15
-2.6759,1.3634,27.15
-2.745,-2.9971,27.15
-2.8594,-2.9482,27.15
-2.9214,-2.9844,27.15
-2.9816,-2.9998,27.15
-2.9872,-2.9797,27.15
-3.0002,-2.9419,27.15
-2.9783,-2.9449,27.15
-2.9589,-2.9755,27.15
-2.9064,-2.9691,27.15
-2.852,-2.962,27.15
-2.7435,-2.9992,27.15
-2.6808,-1.3659,27.15
-2.5606,-1.5691,27.15
-2.4226,-1.7601,27.15
-2.2951,-1.9602,27.15
-2.118,-2.118,27.15
-1.9634,-2.2988,27.15
-1.7482,-2.4061,27.15
-1.5603,-2.5462,27.15
-1.3672,-2.6833,27.15
-1.1384,-2.7484,27.15
-0.9325,-2.8699,27.15
-0.7037,-2.9313,27.15
-0.4663,-2.944,27.15
-0.2329,-2.9598,27.15
-0.0,-3.0122,27.15
0.2354,-2.9906,27.15
0.4687,-2.9592,27.15
0.6941,-2.8913,27.15
0.9338,-2.874,27.15
1.1379,-2.7471,27.15
1.3542,-2.6577,27.15
1.5767,-2.5729,27.15
1.7473,-2.405,27.15
1.9635,-2.299,27.15
2.119,-2.119,27.15
2.2963,-1.9612,27.15
2.4439,-1.7756,27.15
2.5406,-1.5569,27.15
2.6605,-1.3556,27.15
2.7829,-1.1527,27.15
2.8324,-0.9203,27.15
2.9331,-0.7042,27.15
2.9469,-0.4668,27.15
2.9884,-0.2352,27.15
3.0252,0.0,27.3
3.0487,0.2399,27.3
2.9902,0.4736,27.3
2.9487,0.7079,27.3
2.8699,0.9325,27.3
2.7909,1.156,27.3
2.7268,1.3894,27.3
2.5999,1.5932,27.3
2.4444,1.7759,27.3
2.3043,1.9681,27.3
2.123,2.123,27.3
1.9518,2.2852,27.3
1.7858,2.4579,27.3
1.5864,2.5887,27.3
1.3825,2.7133,27.3
1.1542,2.7865,27.3
0.9408,2.8954,27.3
0.7128,2.9689,27.3
0.4701,2.9679,27.3
0.2357,2.9946,27.3
0.0,3.0395,27.3
-0.2376,3.0194,27.3
-0.4746,2.9967,27.3
-0.7111,2.9617,27.3
-0.9412,2.8968,27.3
-1.1634,2.8088,27.3
-1.3626,2.6742,27.3
-1.5815,2.5808,27.3
-1.7867,2.4592,27.3
-1.9802,2.3186,27.3
-2.1404,2.1404,27.3
-2.2958,1.9608,27.3
-2.4614,1.7883,27.3
-2.6023,1.5947,27.3
-2.7058,1.3787,27.3
-2.8178,-2.9518,27.3
-2.8854,-2.9705,27.3
-2.9662,-2.9992,27.3
-2.9648,-2.9949,27.3
-2.9998,-2.9577,27.3
-3.0273,-2.9429,27.3
-3.0132,-2.9684,27.3
-2.9821,-2.997,27.3
-2.9351,-2.9757,27.3
-2.8875,-2.9666,27.3
-2.7956,-2.9992,27.3
-2.6904,-1.3708,27.3
-2.562,-1.57,27.3
-2.4507,-1.7806,27.3
-2.3076,-1.9709,27.3
-2.1294,-2.1294,27.3
-1.9697,-2.3063,27.3
-1.7692,-2.435,27.3
-1.5852,-2.5868,27.3
-1.3757,-2.7,27.3
-1.1678,-2.8192,27.3
-0.9326,-2.8704,27.3
-0.7141,-2.9743,27.3
-0.4708,-2.9724,27.3
-0.237,-3.0116,27.3
-0.0,-3.0194,27.3
0.2367,-3.0076,27.3
0.4784,-3.0204,27.3
0.7082,-2.95,27.3
0.9375,-2.8854,27.3
1.151,-2.7787,27.3
1.3876,-2.7234,27.3
1.5939,-2.601,27.3
1.7733,-2.4407,27.3
1.9603,-2.2952,27.3
2.156,-2.156,27.3
2.3204,-1.9818,27.3
2.4444,-1.776,27.3
2.5955,-1.5905,27.3
2.7076,-1.3796,27.3
2.8078,-1.163,27.3
2.9054,-0.944,27.3
2.9266,-0.7026,27.3
2.9848,-0.4727,27.3
3.0034,-0.2364,27.3
2.9715,0.0,27.45
2.9783,0.2344,27.45
2.9829,0.4724,27.45
2.8878,0.6933,27.45
2.8635,0.9304,27.45
2.7758,1.1498,27.45
2.6942,1.3728,27.45
2.5421,1.5578,27.45
2.4463,1.7774,27.45
2.301,1.9652,27.45
2.1282,2.1282,27.45
1.9566,2.2908,27.45
1.7749,2.443,27.45
1.5628,2.5503,27.45
1.3739,2.6965,27.45
1.1511,2.779,27.45
0.9201,2.8319,27.45
0.6987,2.9101,27.45
0.4688,2.9598,27.45
0.2348,2.984,27.45
0.0,3.0224,27.45
-0.2334,2.9659,27.45
-0.4691,2.9617,27.45
-0.7017,2.9229,27.45
-0.9288,2.8586,27.45
-1.1455,2.7655,27.45
-1.3646,2.6782,27.45
-1.5592,2.5444,27.45
-1.7729,2.4402,27.45
-1.9493,2.2824,27.45
-2.129,2.129,27.45
-2.2972,1.962,27.45
-2.4145,1.7543,27.45
-2.5585,1.5678,27.45
-2.6457,1.348,27.45
-2.7752,-2.9552,27.45
-2.8626,-2.9916,27.45
-2.9284,-2.9495,27.45
-2.9386,-2.9476,27.45
-3.0167,-2.9958,27.45
-3.0183,-2.9557,27.45
-2.9623,-2.9494,27.45
-2.9827,-2.9919,27.45
-2.9115,-2.9516,27.45
-2.8452,-2.9815,27.45
-2.7937,-2.9533,27.45
-2.6961,-1.3737,27.45
-2.5361,-1.5541,27.45
-2.4251,-1.762,27.45
-2.2967,-1.9616,27.45
-2.1289,-2.1289,27.45
-1.9417,-2.2734,27.45
-1.772,-2.439,27.45
-1.5644,-2.5529,27.45
-1.3538,-2.6571,27.45
-1.1523,-2.7819,27.45
-0.9267,-2.8521,27.45
-0.705,-2.9366,27.45
-0.4715,-2.977,27.45
-0.2354,-2.9916,27.45
-0.0,-2.9801,27.45
0.2361,-2.9997,27.45
0.468,-2.9547,27.45
0.6971,-2.9036,27.45
0.9352,-2.8782,27.45
1.1551,-2.7886,27.45
1.3629,-2.6748,27.45
1.5593,-2.5445,27.45
1.7747,-2.4427,27.45
1.9371,-2.268,27.45
2.1267,-2.1267,27.45
2.2657,-1.9351,27.45
2.4189,-1.7575,27.45
2.5705,-1.5752,27.45
2.6899,-1.3706,27.45
2.7753,-1.1496,27.45
2.866,-0.9312,27.45
2.9328,-0.7041,27.45
2.9664,-0.4698,27.45
2.959,-0.2329,27.45
2.9798,0.0,27.6
2.9741,0.2341,27.6
2.933,0.4645,27.6
2.9233,0.7018,27.6
2.8447,0.9243,27.6
2.7561,1.1416,27.6
2.6795,1.3653,27.6
2.5143,1.5408,27.6
2.3983,1.7424,27.6
2.2724,1.9408,27.6
2.1017,2.1017,27.6
1.9216,2.2499,27.6
1.7361,2.3895,27.6
1.5564,2.5398,27.6
1.3546,2.6586,27.6
1.1322,2.7333,27.6
0.9116,2.8056,27.6
0.6915,2.8805,27.6
0.4682,2.9561,27.6
0.2322,2.9501,27.6
0.0,3.0058,27.6
-0.233,2.9611,27.6
-0.4651,2.9362,27.6
-0.6955,2.8971,27.6
-0.9142,2.8137,27.6
-1.1499,2.776,27.6
-1.3505,2.6506,27.6
-1.5504,2.53,27.6
-1.7461,2.4033,27.6
-1.9253,2.2542,27.6
-2.0901,2.0901,27.6
-2.2474,1.9195,27.6
-2.4132,1.7533,27.6
-2.5306,1.5507,27.6
-2.6279,1.339,27.6
-2.741,-2.9725,27.6
-2.8518,-2.9798,27.6
-2.913,-2.9782,27.6
-2.9243,-2.9523,27.6
-2.98,-2.9557,27.6
-3.0006,-2.9894,27.6
-2.9411,-2.9626,27.6
-2.9185,-2.9581,27.6
-2.8781,-2.9457,27.6
-2.8322,-2.9507,27.6
-2.7336,-2.9556,27.6
-2.6334,-1.3418,27.6
-2.5449,-1.5595,27.6
-2.3887,-1.7355,27.6
-2.2843,-1.951,27.6
-2.1113,-2.1113,27.6
-1.9428,-2.2747,27.6
-1.762,-2.4251,27.6
-1.5704,-2.5626,27.6
-1.3438,-2.6374,27.6
-1.1306,-2.7295,27.6
-0.9114,-2.805,27.6
-0.7004,-2.9176,27.6
-0.4703,-2.9693,27.6
-0.2359,-2.9978,27.6
-0.0,-2.9873,27.6
0.232,-2.9481,27.6
0.4644,-2.9318,27.6
0.6903,-2.8753,27.6
0.916,-2.8191,27.6
1.1334,-2.7361,27.6
1.345,-2.6397,27.6
1.5461,-2.5231,27.6
1.7468,-2.4043,27.6
1.9202,-2.2483,27.6
2.1214,-2.1214,27.6
2.2518,-1.9232,27.6
2.3981,-1.7424,27.6
2.5442,-1.5591,27.6
2.6704,-1.3606,27.6
2.7503,-1.1392,27.6
2.8437,-0.924,27.6
2.8816,-0.6918,27.6
2.9444,-0.4663,27.6
2.954,-0.2325,27.6
3.0113,0.0,27.75
3.0317,0.2386,27.75
2.9954,0.4744,27.75
2.9687,0.7127,27.75
2.8832,0.9368,27.75
2.7904,1.1558,27.75
2.7219,1.3869,27.75
2.5847,1.5839,27.75
2.4454,1.7767,27.75
2.3113,1.974,27.75
2.1336,2.1336,27.75
1.987,2.3265,27.75
1.8001,2.4776,27.75
1.571,2.5636,27.75
1.3846,2.7175,27.75
1.1573,2.7939,27.75
0.9306,2.864,27.75
0.7037,2.9311,27.75
0.4771,3.0125,27.75
0.2384,3.0297,27.75
0.0,3.0568,27.75
-0.2369,3.0104,27.75
-0.4777,3.0161,27.75
-0.7141,2.9746,27.75
-0.9453,2.9094,27.75
-1.1614,2.8039,27.75
-1.3806,2.7097,27.75
-1.5918,2.5976,27.75
-1.7939,2.469,27.75
-1.9864,2.3258,27.75
-2.1552,2.1552,27.75
-2.32,1.9815,27.75
-2.4708,1.7952,27.75
-2.6097,1.5993,27.75
-2.72,1.3859,27.75
-2.7925,-2.9888,27.75
-2.9044,-2.9517,27.75
-2.9415,-2.9428,27.75
-2.9757,-2.9517,27.75
-3.015,-2.9454,27.75
-3.0207,-2.9648,27.75
-3.0471,-2.9735,27.75
-2.9662,-2.9983,27.75
-2.9329,-2.959,27.75
-2.8738,-2.9898,27.75
-2.7881,-2.9729,27.75
-2.687,-1.3691,27.75
-2.5932,-1.5891,27.75
-2.464,-1.7902,27.75
-2.3206,-1.982,27.75
-2.1616,-2.1616,27.75
-1.9733,-2.3105,27.75
-1.786,-2.4583,27.75
-1.5834,-2.5839,27.75
-1.3634,-2.6758,27.75
-1.1701,-2.8248,27.75
-0.9396,-2.8919,27.75
-0.7122,-2.9663,27.75
-0.4708,-2.9725,27.75
-0.2373,-3.0148,27.75
-0.0,-3.0135,27.75
0.2383,-3.0285,27.75
0.479,-3.0243,27.75
0.7032,-2.9289,27.75
0.9343,-2.8755,27.75
1.1532,-2.7841,27.75
1.3762,-2.7009,27.75
1.5947,-2.6023,27.75
1.794,-2.4692,27.75
1.9697,-2.3062,27.75
2.1581,-2.1581,27.75
2.3149,-1.9771,27.75
2.4601,-1.7874,27.75
2.5918,-1.5883,27.75
2.6852,-1.3682,27.75
2.8121,-1.1648,27.75
2.8841,-0.9371,27.75
2.9404,-0.7059,27.75
3.016,-0.4777,27.75
3.0241,-0.238,27.75
3.0142,0.0,27.9
3.0537,0.2403,27.9
3.0119,0.477,27.9
2.9502,0.7083,27.9
2.9146,0.947,27.9
2.8195,1.1679,27.9
2.7235,1.3877,27.9
2.5803,1.5812,27.9
2.4372,1.7707,27.9
2.3209,1.9823,27.9
2.1595,2.1595,27.9
1.9891,2.329,27.9
1.8015,2.4796,27.9
1.5845,2.5856,27.9
1.3785,2.7055,27.9
1.155,2.7885,27.9
0.9391,2.8902,27.9
0.704,2.9322,27.9
0.4763,3.0075,27.9
0.2371,3.013,27.9
0.0,3.0564,27.9
-0.2398,3.0467,27.9
-0.4736,2.9902,27.9
-0.7109,2.9612,27.9
-0.9406,2.8949,27.9
-1.1586,2.7971,27.9
-1.3843,2.7169,27.9
-1.5846,2.5859,27.9
-1.8015,2.4795,27.9
-1.9883,2.328,27.9
-2.1678,2.1678,27.9
-2.292,1.9575,27.9
-2.479,1.8011,27.9
-2.6159,1.603,27.9
-2.7239,1.3879,27.9
-2.7925,-2.9618,27.9
-2.8775,-2.957,27.9
-2.9395,-2.9681,27.9
-3.0186,-2.9695,27.9
-3.0525,-2.9698,27.9
-3.0123,-2.9783,27.9
-3.0543,-2.9929,27.9
-3.0169,-2.9497,27.9
-2.9459,-2.9765,27.9
-2.9034,-2.9665,27.9
-2.8346,-2.9416,27.9
-2.7116,-1.3816,27.9
-2.5715,-1.5758,27.9
-2.4797,-1.8016,27.9
-2.3144,-1.9767,27.9
-2.1712,-2.1712,27.9
-1.9807,-2.3191,27.9
-1.7786,-2.448,27.9
-1.5818,-2.5813,27.9
-1.3685,-2.6858,27.9
-1.1609,-2.8027,27.9
-0.9356,-2.8794,27.9
-0.7135,-2.9719,27.9
-0.4744,-2.9953,27.9
-0.2393,-3.0402,27.9
-0.0,-3.0525,27.9
0.2393,-3.0408,27.9
0.4715,-2.9768,27.9
0.7065,-2.9429,27.9
0.936,-2.8806,27.9
1.1593,-2.7987,27.9
1.3709,-2.6906,27.9
1.5883,-2.5919,27.9
1.7904,-2.4643,27.9
1.9659,-2.3018,27.9
2.1402,-2.1402,27.9
2.2927,-1.9582,27.9
2.4832,-1.8041,27.9
2.5811,-1.5817,27.9
2.7327,-1.3924,27.9
2.7963,-1.1583,27.9
2.8956,-0.9408,27.9
2.9532,-0.709,27.9
3.0147,-0.4775,27.9
3.0394,-0.2392,27.9
3.0568,0.0,28.05
3.0182,0.2375,28.05
3.0006,0.4753,28.05
2.9619,0.7111,28.05
2.8787,0.9354,28.05
2.8271,1.171,28.05
2.7016,1.3765,28.05
2.6016,1.5943,28.05
2.4553,1.7839,28.05
2.3232,1.9842,28.05
2.1426,2.1426,28.05
1.9613,2.2964,28.05
1.7846,2.4563,28.05
1.5965,2.6052,28.05
1.3657,2.6803,28.05
1.1547,2.7877,28.05
0.9339,2.8743,28.05
0.7156,2.9806,28.05
0.4728,2.985,28.05
0.2372,3.0138,28.05
0.0,3.029,28.05
-0.2398,3.0464,28.05
-0.4723,2.9817,28.05
-0.7127,2.9686,28.05
-0.9478,2.917,28.05
-1.1569,2.793,28.05
-1.3835,2.7153,28.05
-1.5908,2.596,28.05
-1.7917,2.4661,28.05
-1.9679,2.3042,28.05
-2.1355,2.1355,28.05
-2.3016,1.9657,28.05
-2.4341,1.7685,28.05
-2.5989,1.5926,28.05
-2.6836,1.3674,28.05
-2.8302,-2.9491,28.05
-2.8761,-2.9822,28.05
-2.9782,-2.9854,28.05
-2.9803,-2.9531,28.05
-3.0569,-2.9471,28.05
-3.0494,-2.9453,28.05
-3.0496,-2.9934,28.05
-3.0161,-2.9463,28.05
-2.9795,-2.9737,28.05
-2.8823,-2.9488,28.05
-2.7868,-2.995,28.05
-2.6959,-1.3736,28.05
-2.5824,-1.5825,28.05
-2.4352,-1.7693,28.05
-2.2926,-1.958,28.05
-2.1345,-2.1345,28.05
-1.9592,-2.294,28.05
-1.8008,-2.4786,28.05
-1.5801,-2.5785,28.05
-1.3671,-2.683,28.05
-1.1518,-2.7807,28.05
-0.9441,-2.9058,28.05
-0.7145,-2.9763,28.05
-0.4776,-3.0155,28.05
-0.2396,-3.0438,28.05
-0.0,-3.0218,28.05
0.2401,-3.051,28.05
0.4795,-3.0271,28.05
0.7037,-2.931,28.05
0.9342,-2.8753,28.05
1.1705,-2.8258,28.05
1.3873,-2.7228,28.05
1.5794,-2.5773,28.05
1.7819,-2.4525,28.05
1.983,-2.3218,28.05
2.1462,-2.1462,28.05
2.2969,-1.9617,28.05
2.4354,-1.7694,28.05
2.6057,-1.5968,28.05
2.716,-1.3839,28.05
2.8312,-1.1727,28.05
2.868,-0.9319,28.05
2.9504,-0.7083,28.05
2.9789,-0.4718,28.05
3.0174,-0.2375,28.05
2.976,0.0,28.2
2.9982,0.236,28.2
2.9632,0.4693,28.2
2.9145,0.6997,28.2
2.826,0.9182,28.2
2.7551,1.1412,28.2
2.6326,1.3414,28.2
2.5515,1.5636,28.2
2.4293,1.765,28.2
2.2536,1.9247,28.2
2.1245,2.1245,28.2
1.933,2.2633,28.2
1.7563,2.4173,28.2
1.5582,2.5427,28.2
1.3634,2.6758,28.2
1.1342,2.7381,28.2
0.9224,2.8389,28.2
0.6948,2.894,28.2
0.4696,2.9649,28.2
0.233,2.9602,28.2
0.0,2.9522,28.2
-0.2329,2.9596,28.2
-0.4695,2.9644,28.2
-0.7018,2.9233,28.2
-0.9135,2.8113,28.2
-1.1328,2.7348,28.2
-1.3574,2.664,28.2
-1.5523,2.5331,28.2
-1.7366,2.3903,28.2
-1.9508,2.2841,28.2
-2.0913,2.0913,28.2
-2.2668,1.936,28.2
-2.4259,1.7625,28.2
-2.5527,1.5643,28.2
-2.6696,1.3602,28.2
-2.7404,-2.947,28.2
-2.852,-2.948,28.2
-2.9028,-2.9963,28.2
-2.9195,-2.9862,28.2
-2.9989,-2.9791,28.2
-3.0066,-2.9966,28.2
-2.9559,-2.9741,28.2
-2.972,-2.9761,28.2
-2.9014,-2.9681,28.2
-2.8472,-2.9478,28.2
-2.728,-2.9772,28.2
-2.6571,-1.3539,28.2
-2.5408,-1.557,28.2
-2.3874,-1.7346,28.2
-2.2547,-1.9257,28.2
-2.1271,-2.1271,28.2
-1.9215,-2.2497,28.2
-1.758,-2.4196,28.2
-1.5654,-2.5546,28.2
-1.3484,-2.6464,28.2
-1.1508,-2.7784,28.2
-0.9132,-2.8105,28.2
-0.6968,-2.9022,28.2
-0.4644,-2.932,28.2
-0.2318,-2.9457,28.2
-0.0,-2.9543,28.2
0.2338,-2.9706,28.2
0.4692,-2.9621,28.2
0.7006,-2.9182,28.2
0.9121,-2.8073,28.2
1.1415,-2.7558,28.2
1.3555,-2.6603,28.2
1.5469,-2.5243,28.2
1.7547,-2.4151,28.2
1.923,-2.2516,28.2
2.1235,-2.1235,28.2
2.2529,-1.9242,28.2
2.3948,-1.7399,28.2
2.5542,-1.5652,28.2
2.6787,-1.3649,28.2
2.7322,-1.1317,28.2
2.8097,-0.9129,28.2
2.9153,-0.6999,28.2
2.9386,-0.4654,28.2
2.9743,-0.2341,28.2
2.9871,0.0,28.35
2.9455,0.2318,28.35
2.9686,0.4702,28.35
2.9132,0.6994,28.35
2.8302,0.9196,28.35
2.7565,1.1418,28.35
2.6266,1.3383,28.35
2.5574,1.5672,28.35
2.3903,1.7367,28.35
2.2533,1.9245,28.35
2.1189,2.1189,28.35
1.9207,2.2488,28.35
1.7388,2.3933,28.35
1.5508,2.5307,28.35
1.3585,2.6662,28.35
1.1469,2.7689,28.35
0.9267,2.8522,28.35
0.6897,2.8727,28.35
0.4679,2.9543,28.35
0.2343,2.9773,28.35
0.0,3.0016,28.35
-0.2321,2.9489,28.35
-0.4613,2.9125,28.35
-0.6951,2.8951,28.35
-0.9236,2.8425,28.35
-1.1292,2.726,28.35
-1.3471,2.6439,28.35
-1.5669,2.5569,28.35
-1.7482,2.4062,28.35
-1.9326,2.2627,28.35
-2.1043,2.1043,28.35
-2.2641,1.9337,28.35
-2.4084,1.7498,28.35
-2.5602,1.5689,28.35
-2.6726,1.3617,28.35
-2.7619,-2.9716,28.35
-2.8345,-2.9852,28.35
-2.9179,-2.952,28.35
-2.9246,-2.9829,28.35
-2.9651,-2.9726,28.35
-2.9578,-2.9844,28.35
-2.9518,-2.9582,28.35
-2.9174,-2.9953,28.35
-2.879,-2.9619,28.35
-2.8456,-2.956,28.35
-2.7722,-2.9689,28.35
-2.6702,-1.3605,28.35
-2.5496,-1.5624,28.35
-2.4194,-1.7578,28.35
-2.2712,-1.9398,28.35
-2.1156,-2.1156,28.35
-1.9264,-2.2556,28.35
-1.7343,-2.387,28.35
-1.5649,-2.5537,28.35
-1.3647,-2.6784,28.35
-1.1291,-2.7258,28.35
-0.9192,-2.8289,28.35
-0.6918,-2.8817,28.35
-0.4681,-2.9553,28.35
-0.2347,-2.9824,28.35
-0.0,-2.9678,28.35
0.2336,-2.9677,28.35
0.4657,-2.9402,28.35
0.7006,-2.9183,28.35
0.9238,-2.8432,28.35
1.1486,-2.7729,28.35
1.3644,-2.6778,28.35
1.5687,-2.5598,28.35
1.7548,-2.4152,28.35
1.9496,-2.2827,28.35
2.1171,-2.1171,28.35
2.2714,-1.94,28.35
2.3842,-1.7322,28.35
2.5308,-1.5509,28.35
2.6294,-1.3398,28.35
2.7547,-1.141,28.35
2.844,-0.9241,28.35
2.8934,-0.6946,28.35
2.933,-0.4645,28.35
2.9781,-0.2344,28.35
3.0535,0.0,28.5
3.0043,0.2364,28.5
2.9868,0.4731,28.5
2.9649,0.7118,28.5
2.8973,0.9414,28.5
2.8174,1.167,28.5
2.6945,1.3729,28.5
2.5661,1.5725,28.5
2.4397,1.7725,28.5
2.3154,1.9775,28.5
2.1309,2.1309,28.5
1.9806,2.319,28.5
1.7741,2.4418,28.5
1.5778,2.5747,28.5
1.3663,2.6814,28.5
1.1517,2.7806,28.5
0.9481,2.9179,28.5
0.7075,2.947,28.5
0.4782,3.0195,28.5
0.2366,3.0057,28.5
0.0,3.0152,28.5
-0.2386,3.0319,28.5
-0.4773,3.0138,28.5
-0.7065,2.9426,28.5
-0.948,2.9176,28.5
-1.1605,2.8018,28.5
-1.3805,2.7094,28.5
-1.5765,2.5726,28.5
-1.7944,2.4698,28.5
-1.9765,2.3142,28.5
-2.1372,2.1372,28.5
-2.2995,1.9639,28.5
-2.4463,1.7773,28.5
-2.5973,1.5916,28.5
-2.6971,1.3742,28.5
-2.8039,-2.9656,28.5
-2.888,-2.9569,28.5
-2.9295,-2.9929,28.5
-2.9799,-2.993,28.5
-3.0463,-2.9937,28.5
-3.0622,-2.9797,28.5
-3.0562,-2.9826,28.5
-3.017,-2.9741,28.5
-2.9812,-2.9814,28.5
-2.9102,-2.9591,28.5
-2.7919,-2.9528,28.5
-2.7136,-1.3826,28.5
-2.5792,-1.5806,28.5
-2.4676,-1.7928,28.5
-2.2983,-1.9629,28.5
-2.1625,-2.1625,28.5
-1.9876,-2.3271,28.5
-1.8011,-2.479,28.5
-1.5798,-2.578,28.5
-1.3859,-2.72,28.5
-1.1636,-2.8091,28.5
-0.9469,-2.9143,28.5
-0.7031,-2.9285,28.5
-0.4732,-2.9878,28.5
-0.2392,-3.0392,28.5
-0.0,-3.0285,28.5
0.2378,-3.0214,28.5
0.4783,-3.0199,28.5
0.706,-2.9405,28.5
0.9412,-2.8966,28.5
1.1703,-2.8254,28.5
1.383,-2.7143,28.5
1.5988,-2.6089,28.5
1.8012,-2.4791,28.5
1.9841,-2.3231,28.5
2.1424,-2.1424,28.5
2.3286,-1.9888,28.5
2.4783,-1.8006,28.5
2.6049,-1.5963,28.5
2.6913,-1.3713,28.5
2.8043,-1.1616,28.5
2.9058,-0.9441,28.5
2.9534,-0.7091,28.5
3.0093,-0.4766,28.5
3.0322,-0.2386,28.5
3.023,0.0,28.65
3.008,0.2367,28.65
3.0033,0.4757,28.65
2.9349,0.7046,28.65
2.8562,0.928,28.65
2.7808,1.1518,28.65
2.6913,1.3713,28.65
2.5673,1.5732,28.65
2.4626,1.7892,28.65
2.3167,1.9787,28.65
2.1535,2.1535,28.65
1.9597,2.2945,28.65
1.7793,2.449,28.65
1.5966,2.6054,28.65
1.366,2.681,28.65
1.1598,2.8,28.65
0.941,2.8961,28.65
0.7071,2.9451,28.65
0.4765,3.0082,28.65
0.2361,3.0,28.65
0.0,3.0033,28.65
-0.2381,3.0256,28.65
-0.4736,2.99,28.65
-0.7027,2.927,28.65
-0.9311,2.8656,28.65
-1.1602,2.8009,28.65
-1.376,2.7006,28.65
-1.5697,2.5615,28.65
-1.7857,2.4578,28.65
-1.9793,2.3174,28.65
-2.1518,2.1518,28.65
-2.3221,1.9833,28.65
-2.4622,1.7889,28.65
-2.5637,1.571,28.65
-2.7131,1.3824,28.65
-2.8198,-2.9641,28.65
-2.9002,-2.9672,28.65
-2.9262,-2.9697,28.65
-2.9803,-2.955,28.65
-3.0123,-2.9899,28.65
-3.0233,-2.9899,28.65
-3.0165,-2.9619,28.65
-2.9759,-2.971,28.65
-2.9349,-2.9541,28.65
-2.8803,-2.9843,28.65
-2.7925,-2.9521,28.65
-2.7188,-1.3853,28.65
-2.5959,-1.5908,28.65
-2.4368,-1.7704,28.65
-2.3068,-1.9702,28.65
-2.1324,-2.1324,28.65
-1.9826,-2.3213,28.65
-1.7811,-2.4514,28.65
-1.5761,-2.5719,28.65
-1.3735,-2.6956,28.65
-1.1681,-2.8201,28.65
-0.9425,-2.9007,28.65
-0.7039,-2.9318,28.65
-0.4729,-2.9858,28.65
-0.2353,-2.9895,28.65
-0.0,-3.0105,28.65
0.2376,-3.0194,28.65
0.4735,-2.9894,28.65
0.7088,-2.9526,28.65
0.9296,-2.861,28.65
1.1509,-2.7786,28.65
1.362,-2.6732,28.65
1.5877,-2.5909,28.65
1.7748,-2.4429,28.65
1.9643,-2.2999,28.65
2.1192,-2.1192,28.65
2.3038,-1.9676,28.65
2.4667,-1.7921,28.65
2.5942,-1.5897,28.65
2.7051,-1.3783,28.65
2.7957,-1.158,28.65
2.8867,-0.938,28.65
2.9423,-0.7064,28.65
2.9935,-0.4741,28.65
3.0376,-0.2391,28.65
3.0273,0.0,28.8
3.0161,0.2374,28.8
2.9565,0.4683,28.8
2.9255,0.7023,28.8
2.8702,0.9326,28.8
2.8065,1.1625,28.8
2.6672,1.359,28.8
2.5426,1.5581,28.8
2.4321,1.767,28.8
2.297,1.9619,28.8
2.1213,2.1213,28.8
1.9537,2.2874,28.8
1.7643,2.4284,28.8
1.5606,2.5467,28.8
1.3622,2.6735,28.8
1.1471,2.7693,28.8
0.9244,2.845,28.8
0.6964,2.9006,28.8
0.4744,2.995,28.8
0.2374,3.017,28.8
0.0,3.0082,28.8
-0.2378,3.0216,28.8
-0.4664,2.9444,28.8
-0.6957,2.8979,28.8
-0.9316,2.8672,28.8
-1.1564,2.7918,28.8
-1.3706,2.6899,28.8
-1.566,2.5555,28.8
-1.7607,2.4234,28.8
-1.9576,2.292,28.8
-2.1468,2.1468,28.8
-2.3063,1.9698,28.8
-2.4252,1.762,28.8
-2.5682,1.5738,28.8
-2.6911,1.3712,28.8
-2.7828,-2.9432,28.8
-2.8736,-2.9779,28.8
-2.9284,-2.9722,28.8
-2.9948,-2.9655,28.8
-2.9885,-2.9526,28.8
-3.0223,-2.9504,28.8
-3.0266,-2.9414,28.8
-2.9992,-2.979,28.8
-2.9482,-2.9968,28.8
-2.8397,-2.9481,28.8
-2.7597,-2.9518,28.8
-2.6742,-1.3626,28.8
-2.5621,-1.5701,28.8
-2.4581,-1.7859,28.8
-2.2745,-1.9426,28.8
-2.1135,-2.1135,28.8
-1.9718,-2.3087,28.8
-1.7787,-2.4482,28.8
-1.5882,-2.5917,28.8
-1.358,-2.6652,28.8
-1.1474,-2.7701,28.8
-0.9349,-2.8773,28.8
-0.7094,-2.9547,28.8
-0.4755,-3.0021,28.8
-0.2373,-3.0158,28.8
-0.0,-3.0361,28.8
0.2385,-3.0305,28.8
0.4739,-2.992,28.8
0.7029,-2.9279,28.8
0.9258,-2.8493,28.8
1.1586,-2.7972,28.8
1.3676,-2.684,28.8
1.5621,-2.5492,28.8
1.786,-2.4582,28.8
1.9484,-2.2813,28.8
2.1325,-2.1325,28.8
2.2727,-1.941,28.8
2.4203,-1.7584,28.8
2.5815,-1.5819,28.8
2.6646,-1.3577,28.8
2.8059,-1.1622,28.8
2.8416,-0.9233,28.8
2.907,-0.6979,28.8
2.9989,-0.475,28.8
3.0185,-0.2376,28.8
3.0287,0.0,28.95
3.0212,0.2378,28.95
2.9587,0.4686,28.95
2.954,0.7092,28.95
2.8555,0.9278,28.95
2.7912,1.1561,28.95
2.6786,1.3648,28.95
2.595,1.5902,28.95
2.4312,1.7664,28.95
2.2969,1.9617,28.95
2.1507,2.1507,28.95
1.9704,2.307,28.95
1.7766,2.4452,28.95
1.5658,2.5552,28.95
1.3813,2.711,28.95
1.1657,2.8143,28.95
0.9243,2.8446,28.95
0.7039,2.9318,28.95
0.4743,2.9944,28.95
0.239,3.0374,28.95
0.0,3.0472,28.95
-0.2385,3.0303,28.95
-0.4717,2.9779,28.95
-0.7088,2.9523,28.95
-0.9414,2.8974,28.95
-1.1601,2.8007,28.95
-1.3808,2.7101,28.95
-1.5863,2.5886,28.95
-1.7663,2.4311,28.95
-1.9636,2.2991,28.95
-2.126,2.126,28.95
-2.2988,1.9634,28.95
-2.4414,1.7738,28.95
-2.5835,1.5832,28.95
-2.6989,1.3752,28.95
-2.8156,-2.9695,28.95
-2.892,-2.9655,28.95
-2.9592,-2.9795,28.95
-2.9701,-2.9423,28.95
-2.9932,-2.9974,28.95
-3.0329,-2.988,28.95
-2.9984,-2.9404,28.95
-2.9701,-2.9539,28.95
-2.9459,-2.9959,28.95
-2.8565,-2.9738,28.95
-2.7847,-2.9939,28.95
-2.6783,-1.3646,28.95
-2.5738,-1.5772,28.95
-2.4471,-1.778,28.95
-2.3131,-1.9756,28.95
-2.1171,-2.1171,28.95
-1.9555,-2.2896,28.95
-1.7641,-2.428,28.95
-1.5633,-2.5511,28.95
-1.3794,-2.7073,28.95
-1.1638,-2.8096,28.95
-0.9385,-2.8885,28.95
-0.7074,-2.9464,28.95
-0.4746,-2.9966,28.95
-0.2392,-3.0388,28.95
-0.0,-3.013,28.95
0.2352,-2.9883,28.95
0.4763,-3.0072,28.95
0.6991,-2.912,28.95
0.941,-2.8962,28.95
1.1567,-2.7926,28.95
1.3687,-2.6861,28.95
1.5674,-2.5577,28.95
1.7787,-2.4482,28.95
1.9684,-2.3047,28.95
2.1206,-2.1206,28.95
2.2843,-1.951,28.95
2.4287,-1.7646,28.95
2.5755,-1.5783,28.95
2.7016,-1.3765,28.95
2.781,-1.1519,28.95
2.8646,-0.9308,28.95
2.9538,-0.7091,28.95
2.9598,-0.4688,28.95
3.0407,-0.2393,28.95
2.9601,0.0,29.1
2.9416,0.2315,29.1
2.9374,0.4652,29.1
2.8853,0.6927,29.1
2.8437,0.924,29.1
2.7521,1.14,29.1
2.6809,1.366,29.1
2.5297,1.5502,29.1
2.43,1.7655,29.1
2.2458,1.9181,29.1
2.0949,2.0949,29.1
1.9243,2.2531,29.1
1.7687,2.4344,29.1
1.5612,2.5477,29.1
1.3568,2.6629,29.1
1.1349,2.7398,29.1
0.9279,2.8559,29.1
0.6918,2.8815,29.1
0.4648,2.9346,29.1
0.232,2.9478,29.1
0.0,3.0042,29.1
-0.2315,2.941,29.1
-0.4639,2.929,29.1
-0.6937,2.8895,29.1
-0.9296,2.8609,29.1
-1.1412,2.7552,29.1
-1.3642,2.6774,29.1
-1.5571,2.5409,29.1
-1.7355,2.3887,29.1
-1.9165,2.244,29.1
-2.0872,2.0872,29.1
-2.282,1.9491,29.1
-2.3921,1.738,29.1
-2.5462,1.5603,29.1
-2.6728,1.3618,29.1
-2.738,-2.999,29.1
-2.8195,-2.9643,29.1
-2.8769,-2.9736,29.1
-2.9679,-2.9926,29.1
-2.9529,-2.9811,29.1
-3.0042,-2.9957,29.1
-2.9619,-2.9893,29.1
-2.9419,-2.9425,29.1
-2.9023,-2.9969,29.1
-2.8529,-2.9828,29.1
-2.7679,-2.9459,29.1
-2.6461,-1.3483,29.1
-2.5354,-1.5537,29.1
-2.4196,-1.758,29.1
-2.2572,-1.9279,29.1
-2.0962,-2.0962,29.1
-1.9178,-2.2455,29.1
-1.7472,-2.4048,29.1
-1.5699,-2.5619,29.1
-1.3526,-2.6547,29.1
-1.1467,-2.7683,29.1
-0.9275,-2.8544,29.1
-0.6916,-2.8807,29.1
-0.4627,-2.9214,29.1
-0.2347,-2.9818,29.1
-0.0,-2.9961,29.1
0.2359,-2.9974,29.1
0.4661,-2.9431,29.1
0.7023,-2.9255,29.1
0.9266,-2.8519,29.1
1.1442,-2.7622,29.1
1.3428,-2.6355,29.1
1.5618,-2.5485,29.1
1.7486,-2.4068,29.1
1.9292,-2.2589,29.1
2.0857,-2.0857,29.1
2.2497,-1.9214,29.1
2.411,-1.7517,29.1
2.5508,-1.5632,29.1
2.6367,-1.3435,29.1
2.7585,-1.1426,29.1
2.8231,-0.9173,29.1
2.9131,-0.6994,29.1
2.9202,-0.4625,29.1
2.9478,-0.232,29.1
2.93,0.0,29.25
2.9425,0.2316,29.25
2.9413,0.4659,29.25
2.8935,0.6947,29.25
2.8075,0.9122,29.25
2.7299,1.1308,29.25
2.6468,1.3486,29.25
2.527,1.5485,29.25
2.4103,1.7512,29.25
2.2708,1.9395,29.25
2.0831,2.0831,29.25
1.9255,2.2545,29.25
1.7371,2.391,29.25
1.5589,2.544,29.25
1.3288,2.608,29.25
1.1405,2.7535,29.25
0.9172,2.8229,29.25
0.6848,2.8524,29.25
0.4617,2.9148,29.25
0.2327,2.9568,29.25
0.0,2.9395,29.25
-0.23,2.9224,29.25
-0.4637,2.9278,29.25
-0.6861,2.8579,29.25
-0.9198,2.831,29.25
-1.1213,2.7071,29.25
-1.3295,2.6094,29.25
-1.5397,2.5125,29.25
-1.74,2.3949,29.25
-1.9332,2.2635,29.25
-2.0887,2.0887,29.25
-2.267,1.9362,29.25
-2.3727,1.7238,29.25
-2.5069,1.5362,29.25
-2.6395,1.3449,29.25
-2.7109,-2.9511,29.25
-2.808,-2.9894,29.25
-2.8552,-2.9756,29.25
-2.9376,-2.9932,29.25
-2.9586,-2.9766,29.25
-2.9826,-2.9853,29.25
-2.9451,-2.9528,29.25
-2.9292,-2.9682,29.25
-2.8783,-2.9995,29.25
-2.794,-2.9875,29.25
-2.7114,-2.9536,29.25
-2.6494,-1.3499,29.25
-2.5315,-1.5513,29.25
-2.4144,-1.7542,29.25
-2.2629,-1.9327,29.25
-2.0984,-2.0984,29.25
-1.9361,-2.2669,29.25
-1.7382,-2.3925,29.25
-1.5359,-2.5064,29.25
-1.332,-2.6143,29.25
-1.121,-2.7063,29.25
-0.9178,-2.8247,29.25
-0.688,-2.8658,29.25
-0.4635,-2.9267,29.25
-0.2307,-2.9316,29.25
-0.0,-2.9282,29.25
0.234,-2.9738,29.25
0.4581,-2.8923,29.25
0.684,-2.8489,29.25
0.9109,-2.8034,29.25
1.1228,-2.7107,29.25
1.3389,-2.6277,29.25
1.5428,-2.5177,29.25
1.7236,-2.3724,29.25
1.9228,-2.2513,29.25
2.0797,-2.0797,29.25
2.2408,-1.9138,29.25
2.3793,-1.7286,29.25
2.5008,-1.5325,29.25
2.6561,-1.3534,29.25
2.7421,-1.1358,29.25
2.8231,-0.9173,29.25
2.8757,-0.6904,29.25
2.9428,-0.4661,29.25
2.9366,-0.2311,29.25
2.9624,0.0,29.4
2.9635,0.2332,29.4
2.9278,0.4637,29.4
2.9159,0.7,29.4
2.8667,0.9314,29.4
2.783,1.1527,29.4
2.6532,1.3519,29.4
2.5234,1.5463,29.4
2.4133,1.7534,29.4
2.2758,1.9437,29.4
2.0996,2.0996,29.4
1.941,2.2726,29.4
1.7412,2.3966,29.4
1.5576,2.5418,29.4
1.3516,2.6527,29.4
1.1504,2.7774,29.4
0.9267,2.8521,29.4
0.6929,2.8863,29.4
0.4702,2.9688,29.4
0.2337,2.9689,29.4
0.0,2.9787,29.4
-0.2336,2.9678,29.4
-0.4654,2.9383,29.4
-0.6958,2.8984,29.4
-0.9173,2.823,29.4
-1.1439,2.7615,29.4
-1.3454,2.6406,29.4
-1.5469,2.5244,29.4
-1.7412,2.3966,29.4
-1.95,2.2832,29.4
-2.1285,2.1285,29.4
-2.2833,1.9501,29.4
-2.4037,1.7464,29.4
-2.5409,1.557,29.4
-2.6859,1.3685,29.4
-2.7591,-2.9688,29.4
-2.8369,-2.9863,29.4
-2.9198,-2.9499,29.4
-2.9388,-2.9671,29.4
-2.9592,-2.9965,29.4
-2.9794,-2.9418,29.4
-2.9571,-2.9411,29.4
-2.9392,-2.9845,29.4
-2.9044,-2.9686,29.4
-2.8441,-2.9568,29.4
-2.7493,-2.9861,29.4
-2.6535,-1.352,29.4
-2.529,-1.5498,29.4
-2.4288,-1.7646,29.4
-2.2889,-1.9549,29.4
-2.0928,-2.0928,29.4
-1.9231,-2.2516,29.4
-1.7452,-2.402,29.4
-1.5651,-2.554,29.4
-1.3513,-2.6521,29.4
-1.1421,-2.7572,29.4
-0.9262,-2.8506,29.4
-0.6921,-2.883,29.4
-0.4674,-2.9508,29.4
-0.2347,-2.9819,29.4
-0.0,-3.0113,29.4
0.2365,-3.0052,29.4
0.4707,-2.972,29.4
0.7017,-2.923,29.4
0.9192,-2.829,29.4
1.1453,-2.7649,29.4
1.3531,-2.6556,29.4
1.5607,-2.5469,29.4
1.7524,-2.4119,29.4
1.9596,-2.2944,29.4
2.1015,-2.1015,29.4
2.2756,-1.9435,29.4
2.4368,-1.7705,29.4
2.5409,-1.5571,29.4
2.6763,-1.3636,29.4
2.7861,-1.154,29.4
2.8521,-0.9267,29.4
2.9246,-0.7021,29.4
2.9316,-0.4643,29.4
3.0071,-0.2367,29.4
2.9762,0.0,29.55
2.9928,0.2355,29.55
2.9453,0.4665,29.55
2.9209,0.7012,29.55
2.8272,0.9186,29.55
2.7744,1.1492,29.55
2.6706,1.3608,29.55
2.5593,1.5684,29.55
2.3936,1.739,29.55
2.2762,1.9441,29.55
2.1102,2.1102,29.55
1.9261,2.2552,29.55
1.7443,2.4008,29.55
1.5609,2.5472,29.55
1.3448,2.6394,29.55
1.1412,2.7551,29.55
0.9285,2.8577,29.55
0.6993,2.9129,29.55
0.4686,2.9589,29.55
0.234,2.9732,29.55
0.0,2.9582,29.55
-0.2323,2.9515,29.55
-0.4625,2.9198,29.55
-0.7023,2.9251,29.55
-0.9149,2.8157,29.55
-1.1433,2.7601,29.55
-1.3625,2.674,29.55
-1.5632,2.551,29.55
-1.7619,2.425,29.55
-1.9359,2.2666,29.55
-2.0941,2.0941,29.55
-2.2561,1.9269,29.55
-2.3936,1.7391,29.55
-2.5538,1.5649,29.55
-2.6629,1.3568,29.55
-2.7752,-2.9751,29.55
-2.8619,-2.9412,29.55
-2.9206,-2.9592,29.55
-2.9197,-2.9829,29.55
-2.9974,-2.9726,29.55
-2.9743,-2.9643,29.55
-2.9755,-2.9792,29.55
-2.9483,-2.9631,29.55
-2.8999,-2.9635,29.55
-2.8546,-2.9611,29.55
-2.7607,-2.9696,29.55
-2.6659,-1.3583,29.55
-2.542,-1.5577,29.55
-2.434,-1.7684,29.55
-2.2737,-1.9419,29.55
-2.1083,-2.1083,29.55
-1.9544,-2.2884,29.55
-1.7422,-2.3979,29.55
-1.5687,-2.5598,29.55
-1.3398,-2.6295,29.55
-1.1449,-2.7641,29.55
-0.9263,-2.8508,29.55
-0.7005,-2.9177,29.55
-0.4707,-2.9716,29.55
-0.2323,-2.9511,29.55
-0.0,-2.994,29.55
0.2337,-2.9692,29.55
0.4631,-2.9239,29.55
0.6996,-2.9141,29.55
0.9235,-2.8422,29.55
1.1505,-2.7776,29.55
1.3446,-2.6389,29.55
1.551,-2.531,29.55
1.7512,-2.4103,29.55
1.9265,-2.2556,29.55
2.1117,-2.1117,29.55
2.2569,-1.9275,29.55
2.4064,-1.7483,29.55
2.5411,-1.5572,29.55
2.6632,-1.357,29.55
2.728,-1.13,29.55
2.8473,-0.9251,29.55
2.8824,-0.692,29.55
2.9233,-0.463,29.55
2.9737,-0.234,29.55
3.0098,0.0,29.7
2.9508,0.2322,29.7
2.9582,0.4685,29.7
2.8974,0.6956,29.7
2.8592,0.929,29.7
2.7454,1.1372,29.7
2.6481,1.3493,29.7
2.5445,1.5593,29.7
2.4349,1.7691,29.7
2.2636,1.9333,29.7
2.1033,2.1033,29.7
1.928,2.2574,29.7
1.7555,2.4163,29.7
1.5519,2.5324,29.7
1.3462,2.642,29.7
1.136,2.7425,29.7
0.9323,2.8693,29.7
0.6936,2.8891,29.7
0.4695,2.9644,29.7
0.2366,3.0065,29.7
0.0,2.9596,29.7
-0.2321,2.9487,29.7
-0.4638,2.9286,29.7
-0.7019,2.9235,29.7
-0.9253,2.8477,29.7
-1.1364,2.7436,29.7
-1.3524,2.6543,29.7
-1.5709,2.5635,29.7
-1.7665,2.4313,29.7
-1.9228,2.2513,29.7
-2.0917,2.0917,29.7
-2.2868,1.9531,29.7
-2.4085,1.7499,29.7
-2.5518,1.5638,29.7
-2.6744,1.3627,29.7
-2.7489,-2.9813,29.7
-2.8294,-2.9507,29.7
-2.9277,-2.994,29.7
-2.9706,-2.9685,29.7
-2.9933,-2.9904,29.7
-2.973,-2.9536,29.7
-2.9948,-2.985,29.7
-2.939,-2.9816,29.7
-2.8807,-2.9418,29.7
-2.8417,-2.9587,29.7
-2.7759,-2.9702,29.7
-2.6767,-1.3638,29.7
-2.5472,-1.5609,29.7
-2.4052,-1.7475,29.7
-2.2763,-1.9441,29.7
-2.0987,-2.0987,29.7
-1.9379,-2.269,29.7
-1.7485,-2.4066,29.7
-1.5455,-2.522,29.7
-1.3666,-2.6821,29.7
-1.1524,-2.7822,29.7
-0.926,-2.8501,29.7
-0.6926,-2.8849,29.7
-0.4658,-2.9411,29.7
-0.2328,-2.958,29.7
-0.0,-3.0124,29.7
0.2362,-3.0018,29.7
0.4711,-2.9743,29.7
0.6952,-2.8958,29.7
0.92,-2.8315,29.7
1.1516,-2.7802,29.7
1.3563,-2.6619,29.7
1.5491,-2.5279,29.7
1.749,-2.4073,29.7
1.9229,-2.2514,29.7
2.1122,-2.1122,29.7
2.2681,-1.9371,29.7
2.4292,-1.7649,29.7
2.5403,-1.5567,29.7
2.646,-1.3482,29.7
2.7856,-1.1538,29.7
2.8423,-0.9235,29.7
2.9283,-0.703,29.7
2.9413,-0.4659,29.7
2.9545,-0.2325,29.7
2.9866,0.0,29.85
2.99,0.2353,29.85
2.9529,0.4677,29.85
2.8675,0.6884,29.85
2.8265,0.9184,29.85
2.7243,1.1284,29.85
2.6385,1.3444,29.85
2.5078,1.5368,29.85
2.424,1.7612,29.85
2.2438,1.9164,29.85
2.0904,2.0904,29.85
1.9226,2.2511,29.85
1.7501,2.4089,29.85
1.5528,2.5339,29.85
1.3378,2.6256,29.85
1.1348,2.7396,29.85
0.9158,2.8184,29.85
0.6925,2.8843,29.85
0.465,2.9361,29.85
0.2333,2.9644,29.85
0.0,2.9743,29.85
-0.2335,2.9673,29.85
-0.4691,2.9618,29.85
-0.6971,2.9037,29.85
-0.9092,2.7981,29.85
-1.1257,2.7177,29.85
-1.358,2.6652,29.85
-1.5491,2.5279,29.85
-1.7509,2.4099,29.85
-1.9204,2.2485,29.85
-2.1113,2.1113,29.85
-2.268,1.9371,29.85
-2.4253,1.7621,29.85
-2.5468,1.5607,29.85
-2.6303,1.3402,29.85
-2.768,-2.9437,29.85
-2.8433,-2.9853,29.85
-2.9116,-2.947,29.85
-2.9519,-2.9602,29.85
-2.96,-2.9583,29.85
-2.9906,-2.9908,29.85
-2.9722,-2.9932,29.85
-2.918,-2.9436,29.85
-2.8701,-2.9454,29.85
-2.7996,-2.9877,29.85
-2.7209,-2.9403,29.85
-2.6205,-1.3352,29.85
-2.5133,-1.5402,29.85
-2.422,-1.7597,29.85
-2.2784,-1.9459,29.85
-2.1139,-2.1139,29.85
-1.9099,-2.2362,29.85
-1.7579,-2.4196,29.85
-1.5624,-2.5496,29.85
-1.3458,-2.6413,29.85
-1.1344,-2.7386,29.85
-0.9096,-2.7996,29.85
-0.6996,-2.914,29.85
-0.4662,-2.9437,29.85
-0.2324,-2.9531,29.85
-0.0,-2.9941,29.85
0.2332,-2.9628,29.85
0.4618,-2.9155,29.85
0.6994,-2.9134,29.85
0.9235,-2.8424,29.85
1.1438,-2.7614,29.85
1.3607,-2.6704,29.85
1.5418,-2.516,29.85
1.7558,-2.4167,29.85
1.9273,-2.2566,29.85
2.0941,-2.0941,29.85
2.2668,-1.936,29.85
2.4037,-1.7464,29.85
2.5089,-1.5375,29.85
2.6216,-1.3357,29.85
2.7294,-1.1306,29.85
2.8079,-0.9123,29.85
2.9131,-0.6994,29.85
2.9106,-0.461,29.85
2.9802,-0.2345,29.85
-0.7942,-2.5665,6.0305
-0.6263,-2.9573,7.2745
-0.0234,-2.5369,8.2205
0.8892,-2.6571,7.0242
0.4389,-2.3919,7.4701
-0.6824,-2.3194,7.6922
1.6234,-2.8815,8.4632
1.3961,-2.5231,6.2979
0.4761,-2.6525,6.8269
-1.3629,-2.9055,8.9908
-0.4037,-2.2744,8.811
1.5693,-2.8969,7.2768
0.9255,-2.2998,7.5347
-0.1418,-2.7534,6.7129
-0.6789,-2.915,8.2497
-0.2622,-2.3938,7.7565
-1.707,-2.9509,8.4225
-0.8945,-2.3078,8.653
1.195,-2.6523,6.8898
1.575,-2.4759,8.7374
0.0376,-2.9239,7.5156
1.0981,-2.6085,8.1968
-0.1233,-2.4559,7.3973
-1.1863,-2.813,8.5651
-1.6826,-2.7168,8.6186
-0.4489,-2.5858,7.0224
1.497,-2.766,7.6106
1.3161,-2.8492,6.9383
1.1037,-2.5332,6.3903
1.2311,-2.2125,6.6474
0.7323,-2.862,7.7134
-0.0844,-2.811,7.4692
0.6028,-2.9625,7.4362
0.0488,-2.3188,6.9488
-1.5571,-2.3611,7.2896
-1.552,-2.613,6.0609
-1.3719,-2.7354,7.5999
1.1988,-2.5423,7.7477
1.6608,-2.415,8.2137
-1.7333,-2.2807,6.167
-0.4046,-2.2532,8.0134
0.9978,-2.7087,8.4417
-0.9076,-2.5827,8.8642
0.1894,-2.5059,8.2779
-0.4945,-2.2009,8.2674
-0.7421,-2.5827,8.9568
0.026,-2.298,7.1004
-1.5003,-2.2598,7.3452
0.5803,-2.9257,6.6896
-1.4349,-2.8524,6.2837
-1.7798,-2.5761,7.2909
0.4323,-2.448,6.3627
-1.6606,-2.6008,7.0921
-0.635,-2.3947,7.2563
0.5786,-2.6554,8.238
0.1699,-2.7649,6.5426
0.5993,-2.2051,6.1229
1.078,-2.8036,7.7015
1.0586,-2.5984,8.5112
1.4997,-2.8627,8.8961
-1.141,-2.9466,7.7272
0.5648,-2.5528,7.824
-1.5232,-2.3159,7.1002
0.1143,-2.9929,6.5553
1.7906,-2.205,8.7879
0.6928,-2.6532,6.9987
0.4732,-2.6586,6.8133
-0.5108,-2.3934,6.9973
0.6486,-2.8372,7.1377
-0.7353,-2.2766,8.8973
0.535,-2.9568,8.0287
0.2172,-2.7594,7.7507
0.0317,-2.4978,6.033
0.9685,-2.4907,6.9722
-0.5168,-2.8622,8.3595
-1.5008,-2.4963,6.6003
0.1327,-2.2779,8.3596
-1.2579,-2.3165,8.1295
0.5715,-2.9082,8.2193
1.4474,-2.8247,7.5253
1.1124,-2.8174,8.7876
0.4858,-2.4688,8.6832
0.16,-2.918,7.4186
-0.732,-2.4688,8.1547
-1.2183,-2.813,6.1055
-1.4907,-2.6655,7.2131
0.918,-2.2372,8.0073
-1.2124,-2.9094,7.6956
1.3613,-2.5863,8.4308
0.6677,-2.9749,8.2434
-0.8906,-2.423,8.3199
0.8334,-2.459,8.2416
-1.4831,-2.7744,8.0933
-0.1273,-2.2721,6.2801
1.4564,-2.856,6.0571
-0.7234,-2.5535,6.7183
-1.382,-2.6155,8.3818
-1.0742,-2.5764,6.1032
1.0862,-2.2132,6.5217
-1.6786,-2.8718,6.3143
-0.182,-2.6877,7.9423
-0.8769,-2.6499,6.7702
-0.6004,-2.6293,8.0111
-0.5159,-2.2002,6.0155
0.2561,-2.6845,6.358
-1.0704,-2.2313,8.1653
-0.9275,-2.5008,6.9775
0.7105,-2.9403,8.2892
-0.4489,-2.2562,7.5391
-1.3945,-2.3366,6.7715
1.0619,-2.5574,8.8521
-1.4008,-2.5344,7.4611
-0.8325,-2.8096,7.1507
-1.5526,-2.8562,7.6413
0.5899,-2.3973,8.4595
-0.3396,-2.5183,7.629
0.3718,-2.6717,7.4897
1.6296,-2.2813,7.6134
0.3477,-2.5078,7.8765
-1.0168,-2.206,7.5652
-0.008,-2.5058,8.9306
-1.45,-2.5088,7.1512
-1.7245,-2.7977,6.2988
1.6236,-2.6032,7.7051
-0.0422,-2.7366,7.7519
-1.1527,-2.826,7.9916
-0.8046,-2.2911,6.2909
0.8594,-2.8859,8.1856
0.1481,-2.4134,6.5174
1.7933,-2.7561,6.8689
-1.3213,-2.4609,7.1491
1.7681,-2.9654,6.1256
0.1802,-2.6756,8.7444
0.8967,-2.6381,6.8725
-1.6252,-2.6546,8.1903
-1.6853,-2.6283,6.143
-1.287,-2.9285,6.076
1.7748,-2.9308,8.554
0.1845,-2.6723,7.4433
1.1762,-2.7671,6.4749
0.7687,-2.4125,6.7854
0.0355,-2.8842,7.0608
-0.2483,-2.7853,7.655
0.7573,-2.8263,8.9632
0.4174,-2.8933,6.546
0.5867,-2.2365,7.1417
1.7361,-2.4447,8.5749
0.2955,-2.2486,7.7088
0.7988,-2.3401,7.3586
1.0109,-2.3764,8.5467
-1.0452,-2.7486,6.2415
-1.4087,-2.4741,7.9188
-0.3304,-2.8756,7.2831
-0.7531,-2.6206,7.1461
0.6713,-2.5547,8.2819
-1.4621,-2.9289,8.3538
-1.4844,-2.7536,8.6829
1.2523,-2.6152,6.4901
0.3438,-2.4983,6.6097
-0.6495,-2.4131,6.505
-0.9396,-2.2783,8.021
0.5082,-2.7394,7.1592
0.6108,-2.4658,6.1974
0.9662,-2.7346,8.5706
0.3648,-2.2384,7.6413
-0.2949,-2.6544,7.0469
-0.69,-2.2888,6.3997
-1.1958,-2.6304,6.4701
0.783,-2.9247,8.5563
0.1121,-2.7701,7.2072
-1.4726,-2.4071,7.9942
0.1189,-2.8796,6.1889
1.1729,-2.6456,8.1964
0.1516,-2.9925,7.8392
-1.332,-2.386,7.9866
-1.273,-2.9756,8.1983
0.4698,-2.2537,6.4254
0.8605,-2.2813,7.5118
-1.7666,-2.9619,8.3532
-0.4194,-2.8303,8.5913
0.6148,-2.3095,8.1245
-0.9893,-2.2035,6.6723
-0.0545,-2.5461,6.488
-1.2207,-2.9762,8.6876
-0.908,-2.7511,8.4214
1.197,-2.225,8.694
-0.2329,-2.6192,7.496
1.3294,-2.7845,6.8839
1.7764,-2.5185,7.1789
-0.1275,-2.9377,6.4901
1.302,-2.6824,6.7485
0.2367,-2.2789,7.5704
-0.2965,-2.2043,6.0542
1.7467,-2.3083,8.6909
1.5738,-2.3685,6.0979
0.2372,-2.5844,7.2634
-0.4706,-2.3744,7.6471
-0.5831,-2.2518,6.2056
-0.6306,-2.4751,7.4391
0.5093,-2.5473,6.5927
-0.6236,-2.4272,7.1224
-1.5559,-2.4833,8.9049
-1.5317,-2.7811,8.4634
-0.2873,-2.5783,7.1121
-0.7651,-2.9339,6.3976
-0.4957,-2.2772,6.2312
-0.6117,-2.4229,7.6082
-0.903,-2.9118,6.0529
-0.7166,-2.7408,8.7761
0.0083,-2.7595,8.2932
1.5302,-2.2662,8.0872
1.0845,-2.9918,8.6778
-1.7289,-2.7268,7.8451
-1.3129,-2.2395,8.5229
-0.3911,-2.2947,6.1854
-0.3015,-2.2127,6.7879
-0.3081,-2.6639,7.381
0.1332,-2.3127,8.5306
0.8128,-2.5157,8.0053
-1.5421,-2.3163,6.9285
0.0021,-2.6686,6.5143
1.5633,-2.2975,8.0496
-0.0545,-2.31,6.6308
-0.1164,-2.4954,6.2586
-0.3476,-2.3145,7.7095
-1.2433,-2.9441,8.9454
0.8234,-2.3391,8.4741
-1.7345,-2.3627,8.9645
0.2375,-2.4886,8.4068
-1.6503,-2.4511,7.2061
-0.8328,-2.5285,6.7299
0.1314,-2.9589,7.8237
0.3037,-2.7394,7.8686
-1.7912,-2.8988,6.4655
-1.7418,-2.4553,6.0591
0.3832,-2.4218,7.4395
-0.5216,-2.7191,7.3617
-0.0473,-2.4307,8.2982
1.3097,-2.5265,8.2612
1.3191,-2.9077,7.9724
1.2706,-2.5113,8.3645
-1.3024,-2.6179,8.5195
-1.1815,-2.4996,7.648
-1.3123,-2.4138,8.3848
0.577,-2.8376,7.6767
-0.1562,-2.4069,6.8389
1.4434,-2.5689,7.7134
-0.4244,-2.636,6.1423
0.8694,-2.2214,7.897
1.1414,-2.9718,7.9844
-1.7763,-2.4408,8.0571
0.2953,-2.8289,8.2872
-1.6757,-2.3928,7.1138
-0.3718,-2.4879,8.3925
0.453,-2.6145,6.2669
0.7217,-2.376,6.5299
-0.7463,-2.8734,6.0022
1.6718,-2.8117,6.7334
-0.3546,-2.9724,7.028
0.633,-2.4778,6.4044
0.0067,-2.6414,8.2318
-1.7443,-2.2691,6.6512
0.6161,-2.8365,6.8305
0.815,-2.3234,6.8999
0.8515,-2.5944,8.6905
0.6949,-2.7995,8.4985
1.6402,-2.7932,8.6737
-0.0596,-2.4501,6.8223
0.341,-2.4489,7.0058
1.5332,-2.3547,8.0627
0.0588,-2.5771,8.9808
-0.8238,-2.4416,8.7009
-1.7293,-2.5294,8.1337
-0.271,-2.5411,6.0856
-1.6606,-2.6935,8.3383
0.4155,-2.495,7.7738
0.3479,-2.2466,7.7863
0.523,-2.7875,7.7772
-0.6539,-2.6976,6.704
1.0089,-2.552,7.09
1.5514,-2.6332,6.1058
0.0171,-2.9548,8.5756
-1.564,-2.8074,7.4705
-1.1776,-2.7512,8.961
1.128,-2.4704,8.3042
-1.7191,-2.5019,6.1979
-1.0195,-2.5573,6.4675
-1.7872,-2.704,8.5572
-1.4604,-2.2934,7.0237
0.1393,-2.7206,6.9818
-0.5129,-2.6249,6.1421
1.2761,-2.2209,8.2292
-1.436,-2.6996,6.612
0.6309,-2.3927,8.2397
-0.0222,-2.7596,8.5046
-0.0301,-2.8332,8.0916
-1.3761,-2.4918,7.7073
-0.4525,-2.9675,8.8845
0.0011,-2.5689,8.6489
1.1325,-2.5228,7.5708
-1.0921,-2.2178,6.9772
0.2606,-2.9748,7.8624
0.9231,-2.5703,6.2377
0.7252,-2.5343,7.1122
1.0251,-2.3728,7.3472
-1.5009,-2.2056,6.3536
-0.2627,-2.2839,7.2034
0.1548,-2.6103,7.0614
-0.44,-2.8043,8.9638
-0.1391,-2.4641,8.6295
0.5569,-2.7362,6.6392
-0.9582,-2.8015,6.4846
0.8249,-2.852,6.6471
-1.5572,-2.6293,7.7224
-1.1558,-2.2346,6.1874
0.7799,-2.8108,8.1514
0.2403,-2.5331,7.8717
1.0846,-2.2815,7.9025
0.8805,-2.4028,6.2672
-1.6685,-2.3927,7.3992
1.2352,-2.6595,6.3119
-0.9977,-2.6713,8.5452
-0.0361,-2.4828,7.1866
-0.9086,-2.5684,8.8678
0.7051,-2.6391,8.0447
0.6626,-2.5343,7.2581
0.9318,-2.7077,6.702
0.6592,-2.436,8.8836
-1.3907,-2.7903,8.3279
-1.6666,-2.9686,8.1141
-0.5509,-2.4547,6.0267
1.5694,-2.8537,8.3964
1.7235,-2.5869,7.2662
0.3538,-2.842,7.678
0.6315,-2.3304,8.9942
-0.0099,-2.4211,8.4596
-1.5978,-2.5649,6.6793
0.0911,-2.7119,7.8634
0.2727,-2.4623,7.617
-0.1604,-2.847,6.3712
-1.5092,-2.3527,8.9333
0.9749,-2.432,8.1298
0.6105,-2.7829,8.6862
0.3514,-2.3295,7.5448
-1.5035,-2.8378,8.9093
1.0328,-2.7215,8.9593
0.7932,-2.5874,7.2931
-0.9073,-2.7407,6.992
0.2046,-2.6463,6.9933
0.4929,-2.4932,6.5847
0.723,-2.6521,7.6262
-0.894,-2.5452,8.2838
-1.646,-2.3976,6.2851
0.7503,-2.4996,6.1481
1.7694,-2.3415,8.8959
0.1518,-2.7002,8.9844
-1.6369,-2.5736,6.1642
-1.2977,-2.4541,6.0946
-0.8732,-2.821,8.0495
-1.4137,-2.2193,8.8174
0.4744,-2.476,6.7835
-0.7207,-2.5547,8.1752
-0.2696,-2.6971,6.0448
-0.0113,-2.7907,8.1794
1.3891,-2.4387,8.7143
-0.7765,-2.9031,7.3201
0.3528,-2.4422,6.3391
0.2793,-2.7035,6.3599
0.3947,-2.5459,8.7294
1.135,-2.7429,8.6293
-0.1741,-2.3238,8.6435
-0.4653,-2.4856,8.4852
-0.5495,-2.31,7.4931
0.4803,-2.8973,7.1446
-0.3906,-2.9166,6.949
0.1817,-2.2499,6.2678
1.234,-2.9505,7.9091
-0.2813,-2.3461,8.3933
-0.1602,-2.8924,6.0024
1.7034,-2.3314,6.8038
-0.111,-2.9476,7.3413
-0.3103,-2.4562,8.9334
1.2739,-2.9674,8.5413
1.2604,-2.8618,8.5152
0.5936,-2.3932,7.0665
-0.7091,-2.4698,7.0535
-1.5289,-2.2294,6.8355
-1.5893,-2.4622,8.7714
-1.4279,-2.3806,7.3215
-0.1438,-2.4776,6.4549
1.4625,-2.715,8.4299
-0.3136,-2.8292,6.7238
-0.9078,-2.4232,8.312
-1.3351,-2.5883,6.4038
0.3351,-2.6537,7.9273
0.9077,-2.6024,8.6641
-1.5576,-2.476,8.3773
-0.4882,-2.8679,8.7335
-1.2339,-2.8049,7.5872
0.6698,-2.3555,7.5832
1.7277,-2.4868,8.3151
-1.2399,-2.7191,8.7988
1.4108,-2.9703,8.0031
-1.3166,-2.2851,6.3373
0.1979,-2.6028,8.5771
1.7553,-2.5008,6.4816
0.3001,-2.5726,7.8593
-1.2521,-2.9828,8.4628
-0.8108,-2.6478,8.7494
1.3244,-2.2666,6.919
0.6665,-2.8111,7.7745
1.5027,-2.3139,7.4888
0.1342,-2.3744,7.029
1.5558,-2.7276,6.0836
-0.8944,-2.8995,6.1502
-1.2087,-2.82,7.4873
-1.706,-2.8707,7.9405
-0.3368,-2.7929,7.1084
1.4745,-2.6747,7.1087
-1.5304,-2.2368,6.2927
1.3223,-2.773,7.9949
-0.1031,-2.8781,7.7735
-0.7891,-2.8469,7.0403
0.2901,-2.4276,7.3832
1.741,-2.2736,8.5387
-0.8821,-2.8538,8.0255
-1.5267,-2.3095,7.8901
0.7506,-2.2174,6.3393
-1.1082,-2.7548,8.7322
-1.2461,-2.3691,6.7694
1.6268,-2.5665,8.5389
0.7411,-2.5794,7.0531
1.1636,-2.2991,8.2863
-0.7929,-2.8943,6.4056
0.3195,-2.5067,6.175
1.1845,-2.3763,6.7379
0.582,-2.2248,7.2438
0.5627,-2.2173,7.3614
-0.4768,-2.2288,7.6004
0.6463,-2.5334,6.1438
-1.6276,-2.8718,7.5716
0.084,-2.7009,8.4299
1.2276,-2.2038,7.4737
1.4162,-2.4429,7.6687
-1.4704,-2.7776,6.4681
-1.5557,-2.3707,8.5218
-1.4784,-2.529,7.8455
-0.6258,-2.3902,6.5582
1.3432,-2.6612,6.1988
0.2415,-2.5697,8.4614
0.1549,-2.4196,7.7205
-0.4031,-2.5714,6.972
-0.9193,-2.7841,6.2754
-1.318,-2.8832,6.1526
-0.1049,-2.6764,8.0888
1.4984,-2.9766,6.9373
0.1456,-2.4668,8.6448
-1.7832,-2.3134,7.7635
-0.3087,-2.9787,7.5366
1.5464,-2.5768,6.949
-1.6747,-2.4794,6.363
0.6174,-2.751,6.7915
-0.4233,-2.9733,8.814
-0.065,-2.3858,7.5413
-1.3874,-2.5073,8.9864
-1.4709,-2.7048,6.3978
-0.6464,-2.7326,8.726
0.7243,-2.985,8.0451
-1.0587,-2.5017,6.7401
1.2806,-2.4867,7.6139
-0.3396,-2.8237,6.1296
-0.1462,-2.7468,6.5744
-0.8233,-2.9055,6.2024
0.7621,-2.9804,6.2149
-0.8573,-2.648,7.3544
-1.3763,-2.9161,6.1141
-1.6264,-2.72,6.8265
-1.1949,-2.4534,8.7167
1.7292,-2.9371,8.6708
0.4445,-2.8005,8.077
0.3549,-2.6469,6.3278
0.882,-2.6597,8.7902
0.9192,-2.8912,7.29
0.3183,-2.4034,8.4402
1.1449,-2.5677,6.7324
0.1957,-2.8167,7.8964
-0.0747,-2.6059,7.5566
0.4188,-2.9354,7.3534
0.4573,-2.751,6.617
-0.898,-2.3606,8.5169
-0.5536,-2.9787,8.5422
-1.2439,-2.9161,7.2991
-1.0445,-2.9754,7.1369
-1.0788,-2.5734,6.5281
1.2037,-2.8921,7.5793
-0.8376,-2.9489,6.4854
0.7903,-2.7411,7.5192
-1.3569,-2.292,7.3408
0.8424,-2.7572,6.582
-0.4379,-2.2446,7.1052
0.7979,-2.3282,7.2082
-1.7443,-2.3951,8.0768
-1.4509,-2.786,6.2506
0.5981,-2.6604,8.5232
-0.614,-2.3072,7.8004
0.4453,-2.5987,8.8401
1.7507,-2.7613,6.6056
-0.4943,-2.8103,6.2314
0.7345,-2.884,7.9256
-0.9501,-2.8969,6.7153
1.0868,-2.6165,6.2332
1.6994,-2.9426,6.7675
1.0382,-2.9923,8.4456
-1.6844,-2.29,7.5843
-1.0954,-2.3083,6.185
-0.9367,-2.5547,7.0028
-1.5913,-2.6563,7.2639
-1.2644,-2.7678,6.764
0.7649,-2.3937,7.8521
-0.2326,-2.4356,7.0845
-0.5282,-2.4368,7.022
-0.0891,-2.6318,6.7516
-0.5134,-2.6918,7.6344
-1.1242,-2.4003,6.0839
0.5062,-2.4773,6.9609
-1.6271,-2.8731,8.9726
0.6186,-2.4523,7.2311
0.5975,-2.9758,7.6378
1.2682,-2.9612,8.6313
1.2122,-2.9595,6.7981
1.7893,-2.5162,6.5422
-1.0517,-2.3782,8.3703
-0.3791,-2.6161,7.9485
-1.0547,-2.3966,7.0531
-1.4656,-2.39,8.233
-0.6712,-2.2605,8.6762
1.4726,-2.8458,7.7326
0.8458,-2.3246,8.001
-1.4636,-2.4773,6.626
-1.626,-2.4092,8.7384
1.2381,-2.6846,6.4434
-0.6035,-2.2259,7.2892
1.5597,-2.9329,8.8574
-0.2611,-2.8864,6.8863
1.0381,-2.411,7.004
0.4854,-2.5065,6.6448
0.2982,-2.5338,8.598
1.3859,-2.7887,7.6804
1.4872,-2.9801,6.0475
-0.5116,-2.3515,7.7513
-1.1225,-2.4699,6.8177
-1.1361,-2.8834,7.5033
-0.2477,-2.879,8.4485
0.09,-2.7978,7.3517
-1.0864,-2.7011,6.7782
1.709,-2.3121,7.3156
1.0421,-2.2699,7.0097
-1.0957,-2.5472,8.9164
-0.9112,-2.7086,8.9051
1.7165,-2.5232,8.967
1.4636,-2.4123,8.8189
-0.3788,-2.7347,6.0382
0.8555,-2.7798,8.4449
0.9372,-2.6079,7.9497
-0.742,-2.3534,6.9987
0.0656,-2.6139,6.7836
0.9898,-2.7013,7.6017
-0.9555,-2.8952,6.6904
-1.6654,-2.9008,6.5847
-0.769,-2.8176,6.0624
0.5725,-2.5713,8.6717
0.3964,-2.6534,6.3604
1.0219,-2.327,6.6731
-0.6529,-2.7209,7.3424
1.5609,-2.5818,6.9024
-0.3088,-2.3594,8.211
0.999,-2.6906,8.9473
1.0405,-2.9763,6.95
-0.4063,-2.7065,6.0009
0.2634,-2.799,6.3378
0.4054,-2.6094,8.4151
0.1224,-2.4961,6.281
-1.307,-2.5422,7.3679
-0.1972,-2.3884,6.9693
1.3747,-2.7912,7.9241
0.6991,-2.513,8.6688
-1.5518,-2.4584,7.1454
0.8508,-2.5457,8.5345
0.2068,-2.8511,7.8096
-1.4153,-2.5803,7.0298
0.0134,-2.231,8.6099
1.0252,-2.3794,7.9096
1.4988,-2.5061,6.3902
-1.6132,-2.8792,6.3174
-1.7549,-2.5728,6.3287
-1.6371,-2.4028,7.2
-0.4858,-2.815,8.2134
0.9963,-2.6384,6.8332
0.7703,-2.3809,6.3021
-1.1336,-2.2181,8.2071
1.6486,-2.4772,7.7312
-0.9917,-2.2484,7.4745
-1.71,-2.9906,7.9485
0.9165,-2.923,7.5307
-0.6256,-2.8278,7.9252
0.406,-2.6531,7.6501
-1.6133,-2.6708,8.0348
0.8789,-2.2031,6.8924
-0.5797,-2.2519,7.7571
0.7516,-2.3749,7.1657
0.4145,-2.7923,6.2675
0.5375,-2.3363,6.4489
-1.2871,-2.7625,6.0896
-1.5624,-2.9412,6.3143
-1.4035,-2.7849,6.9239
0.3622,-2.512,6.9472
1.7735,-2.8586,8.0779
0.2219,-2.249,7.5992
0.2811,-2.6137,6.748
-1.3576,-2.6185,7.6262
1.2842,-2.8241,8.5129
-0.0079,-2.6719,6.1598
1.1241,-2.4947,6.862
1.1764,-2.4333,6.1416
-1.6639,-2.9466,8.7258
-0.1341,-2.427,8.0172
-1.3441,-2.8228,8.7275
0.7598,-2.3195,8.1921
1.356,-2.5093,8.0569
-0.7064,-2.4046,6.9324
1.5808,-2.2923,8.739
-1.3043,-2.3115,7.1279
-1.4817,-2.4589,8.2828
-0.5321,-2.3217,6.8674
-0.8088,-2.3965,6.0855
-0.3192,-2.3379,6.6785
1.6238,-2.5221,8.0208
0.3528,-2.5775,8.5983
1.6699,-2.371,8.6712
0.1027,-2.3389,7.063
0.9557,-2.7971,8.319
-1.6331,-2.8905,8.238
-0.3056,-2.6057,7.3046
-1.3768,-2.4821,6.6525
0.4673,-2.5033,8.9624
0.0921,-2.9929,8.3951
0.9489,-2.7263,6.0489
1.7886,-2.4162,7.6761
-0.3257,-2.5376,6.5008
0.615,-2.9448,8.7631
1.3377,-2.8797,6.7042
-0.9295,-2.3444,6.6046
1.6885,-2.5393,7.9928
0.9064,-2.2229,7.1644
1.7368,-2.2038,6.99
-0.2146,-2.8611,7.5996
-0.751,-2.5956,8.3474
-1.3416,-2.8359,6.1545
1.0147,-2.3052,7.3299
0.0327,-2.5423,8.7238
0.0666,-2.2209,7.0325
-0.1621,-2.3069,8.9933
1.1819,-2.4979,7.326
1.6607,-2.7067,7.4303
0.8852,-2.6488,7.5558
-0.5671,-2.8563,7.6883
-0.6238,-2.8789,6.853
-0.4345,-2.5567,8.0391
-0.4002,-2.9013,8.7148
0.4907,-2.508,6.1772
1.1487,-2.8353,8.9165
1.0242,-2.9068,7.5298
1.1378,-2.5194,6.9062
0.1316,-2.3941,6.791
0.8379,-2.9689,6.8907
-0.3368,-2.6293,7.0966
-0.2273,-2.8452,7.5445
-1.0417,-2.4402,8.1709
0.9985,-2.5236,6.0014
1.3659,-2.5571,7.2586
-0.0514,-2.619,7.5889
-0.6195,-2.4482,7.8025
0.1754,-2.5058,7.1745
0.885,-2.9121,8.8532
-0.3374,-2.3895,6.1972
1.7309,-2.3423,6.5545
-0.5105,-2.7073,8.9992
0.4652,-2.34,7.8106
-0.1627,-2.3781,6.5809
-1.5178,-2.3336,8.8241
-1.0086,-2.3543,6.8613
1.7949,-2.7153,8.2441
0.8735,-2.2903,6.0762
-1.367,-2.4323,6.8431
-1.2774,-2.6886,8.4475
1.4814,-2.7679,8.341
-0.747,-2.3839,8.6206
0.1197,-2.5832,7.4363
-0.3536,-2.5592,6.0307
0.472,-2.2768,8.1164
1.2753,-2.3768,7.3256
0.4481,-2.7992,8.801
-0.5015,-2.3359,8.4886
0.4537,-2.8794,6.3487
-1.2535,-2.91,6.0375
0.9346,-2.5148,7.9179
0.1818,-2.996,7.9909
0.6157,-2.4332,6.8032
1.349,-2.5585,8.1683
0.0303,-2.5686,6.8162
-0.1615,-2.4067,7.8055
-1.687,-2.4163,7.2377
0.7841,-2.5784,8.9281
-1.1296,-2.725,7.6073
-0.0811,-2.6043,8.7745
1.5398,-2.3521,6.5215
0.3233,-2.9965,6.5292
-0.3502,-2.6305,7.5291
1.6925,-2.812,8.1586
-0.0708,-2.2238,6.2813
0.3714,-2.5669,6.1224
0.905,-2.5252,8.8503
1.686,-2.3735,6.2934
0.8217,-2.8444,8.9059
-1.2923,-2.7869,8.9161
1.5784,-2.2285,8.1261
-0.3708,-2.7677,8.3385
-0.6974,-2.5587,7.2761
-0.8616,-2.2122,6.2635
-1.695,-2.5236,8.9105
1.3827,-2.8898,8.5778
-0.3835,-2.2342,7.6976
0.8263,-2.3003,6.5379
0.5083,-2.215,8.3468
-0.4122,-2.2219,8.7156
-0.4605,-2.2035,7.7811
-1.3882,-2.6489,7.8158
1.3385,-2.7655,8.5345
-0.3251,-2.6805,8.021
1.4841,-2.4255,6.6855
-1.6286,-2.4462,6.5751
1.0128,-2.8666,6.2681
-1.2256,-2.5399,8.9633
0.3721,-2.7754,6.5988
0.6275,-2.4434,6.2498
0.3784,-2.3467,8.6488
-1.1738,-2.4598,8.7361
-0.6314,-2.4949,6.4972
-1.4909,-2.7602,8.4252
-0.4664,-2.5458,8.2477
1.4765,-2.3614,8.4659
-0.9285,-2.7189,8.9532
-1.047,-2.4322,7.7886
1.0095,-2.3917,6.4734
1.5319,-2.7418,8.2862
-1.1314,-2.3423,7.3821
-0.4687,-2.8947,7.8048
0.8269,-2.5683,7.337
-0.2629,-2.3769,7.2465
-1.4533,-2.9629,8.1803
-0.2284,-2.7936,8.2252
1.1724,-2.6301,6.0863
-1.0602,-2.9284,6.2016
0.1718,-2.9638,6.3679
1.4602,-2.8676,6.0719
0.8857,-2.3119,6.1459
1.7757,-2.7001,6.833
-0.755,-2.2082,6.3914
-1.1174,-2.8893,6.4195
1.2612,-2.3364,7.7331
0.1287,-2.3964,6.4385
0.15,-2.9027,6.0857
-0.8317,-2.49,7.6713
-1.6431,-2.2473,7.9825
-0.2116,-2.7239,7.3808
-1.3592,-2.3097,7.6101
-0.7086,-2.8851,6.3382
-1.7091,-2.9282,7.2336
-1.2348,-2.8059,6.7901
0.1484,-2.3985,8.2604
0.2039,-2.8926,8.2744
1.124,-2.466,7.5816
1.6936,-2.8953,7.7596
1.329,-2.5955,7.0768
1.2029,-2.2999,7.0352
-1.1993,-2.6699,8.2835
-1.6532,-2.8113,6.3886
0.1451,-2.9382,7.6221
0.842,-2.3682,7.0788
1.652,-2.6507,8.5439
1.1484,-2.6993,7.4087
-1.7227,-2.7,7.1914
1.588,-2.3441,6.5499
-0.439,-2.2567,7.574
0.6978,-2.2766,7.658
1.6482,-2.5209,6.3808
1.7838,-2.6806,6.7645
0.5336,-2.2048,7.6694
1.6693,-2.4132,6.1086
-1.0097,-2.846,7.3392
-0.0087,-2.3022,7.2542
1.5197,-2.3863,8.4376
-0.1788,-2.9943,6.7215
-1.6619,-2.4674,6.301
0.2761,-2.7619,8.4133
-0.1028,-2.3517,8.4424
-0.5313,-2.798,8.3087
-0.9323,-2.467,6.0783
1.6897,-2.6687,6.5063
1.1033,-2.8432,6.3562
1.7609,-2.7947,8.3536
0.7396,-2.9426,8.565
-0.385,-2.6225,6.8461
0.4686,-2.8581,7.5995
0.626,-2.6571,6.5307
-1.5809,-2.2309,7.2041
1.6967,-2.4717,8.4615
1.1949,-2.5607,7.1807
0.085,-2.9538,7.3594
1.3193,-2.6214,8.249
0.7624,-2.7275,7.7314
-1.0205,-2.2931,7.9088
-0.6569,-2.6074,6.9467
-1.3633,-2.5889,7.9106
-0.5648,-2.6773,8.4871
0.5302,-2.5537,7.0824
1.6782,-2.2309,8.2967
1.7474,-2.4563,6.9202
-0.8041,-2.5209,7.8617
1.1297,-2.7718,7.7064
-1.5241,-2.4399,8.2214
-1.6958,-2.9482,8.0242
1.7013,-2.2257,6.5409
-1.3478,-2.3992,7.3702
-1.6392,-2.9631,7.5627
0.0129,-2.8688,7.9585
-1.5711,-2.4699,6.7083
-0.1198,-2.7483,7.0321
-0.5579,-2.9151,6.8658
-0.786,-2.7011,7.9252
-0.8485,-2.5638,7.2152
0.3584,-2.4726,7.5455
-1.2979,-2.2979,7.5896
0.1339,-2.8186,8.3848
0.4669,-2.2699,8.6677
0.214,-2.3967,6.4838
0.8601,-2.2682,7.6786
1.6752,-2.8541,6.113
-1.653,-2.3148,7.6687
-0.1663,-2.424,7.0366
1.7274,-2.3673,6.6034
1.1462,-2.766,6.476
1.0622,-2.9278,7.0892
-1.411,-2.4618,6.7903
-0.4649,-2.4437,6.7636
-1.7997,-2.4471,6.6867
-1.4563,-2.4607,8.5001
-0.6257,-2.8892,6.9106
1.1302,-2.4122,8.397
0.4388,-2.4793,8.8987
-1.7708,-2.742,6.559
-1.0685,-2.3946,6.4151
-0.6414,-2.3546,8.315
-0.1414,-2.4823,7.5567
0.715,-2.2669,6.2845
-0.9511,-2.9059,7.9444
-0.8776,-2.3237,6.9589
-1.2675,-2.5757,6.3589
-0.4656,-2.6022,7.4593
1.5555,-2.3794,7.2928
-0.0329,-2.5192,7.289
-1.6179,-2.6175,6.5099
-1.6345,-2.4033,8.433
-1.2445,-2.4388,8.4681
-0.7985,-2.3907,7.0202
0.527,-2.2535,6.2725
1.6243,-2.825,6.3156
0.1739,-2.5692,8.3772
-0.7878,-2.6429,7.3849
0.2751,-2.5658,6.0422
1.5741,-2.7602,6.708
-0.2874,-2.9015,8.6383
-0.165,-2.788,6.4902
-1.7658,-2.6224,7.5173
0.5173,-2.6328,7.531
-0.0286,-2.8944,7.8053
1.6424,-2.3641,7.9579
0.4233,-2.6402,7.4018
1.6181,-2.9667,7.0289
0.549,-2.5471,6.4298
1.2578,-2.9891,6.2424
1.0288,-2.2913,7.7903
0.5796,-2.2445,6.887
0.4604,-2.6661,6.3383
0.0054,-2.9578,7.9099
-1.3831,-2.3886,7.3138
0.2874,-2.3509,6.5046
-1.7491,-2.4251,7.7764
-0.9794,-2.4516,7.257
0.3939,-2.9937,8.0186
-0.5214,-2.2011,8.4697
-0.6011,-2.3747,7.5056
-0.2772,-2.6955,6.6861
-1.5802,-2.7121,8.3028
0.2814,-2.8171,6.7918
-0.7249,-2.3697,7.1569
-1.3108,-2.9151,6.0231
0.3681,-2.2717,8.3106
1.1783,-2.654,6.78
-1.1666,-2.7241,7.8073
-0.9326,-2.331,8.9341
1.171,-2.9734,7.865
-1.6529,-2.9899,8.0721
-0.0667,-2.95,6.1655
-0.8031,-2.3962,7.9041
-0.9846,-2.8743,8.4993
-0.1468,-2.641,6.5549
-1.3666,-2.3815,7.6193
-1.6741,-2.2733,7.5566
0.8206,-2.2582,8.4995
1.139,-2.7388,6.5572
1.3708,-2.706,7.1112
1.3738,-2.5442,8.0344
-0.8683,-2.8944,7.6383
-1.2988,-2.4503,6.8432
-0.4838,-2.3715,8.9857
-0.7457,-2.9718,8.0959
-1.7981,-2.8124,7.5666
1.0155,-2.5977,8.5072
0.5317,-2.9132,7.7867
1.391,-2.6477,7.299
1.4668,-2.5749,6.6511
-1.1037,-2.7566,8.8452
-0.4674,-2.75,8.7042
1.2833,-2.7732,8.8483
-1.1801,-2.9558,8.0824
1.3374,-2.3509,6.481
-0.4603,-2.4322,7.579
1.0892,-2.885,6.4724
-0.5162,-2.6777,8.4855
-1.6666,-2.6629,8.789
-0.9356,-2.3559,8.1005
-0.4539,-2.2729,8.3979
1.5287,-2.7508,6.3904
0.4955,-2.7666,7.9662
-0.7472,-2.3208,7.5614
-0.1975,-2.6853,8.4565
-1.2561,-2.4783,8.0138
-0.7041,-2.6912,6.5621
0.4435,-2.3001,6.7551
-0.914,-2.5432,7.423
0.9348,-2.9947,8.4148
-0.0257,-2.8028,7.6561
-1.7808,-2.2098,7.7245
-0.4472,-2.8259,6.2621
-0.9465,-2.8766,6.5811
1.4628,-2.6425,7.6299
-0.5307,-2.7225,7.7993
0.6064,-2.225,7.291
0.3937,-2.8895,7.01
0.3547,-2.6232,6.0166
-1.1497,-2.8582,7.1055
0.5719,-2.7022,6.1608
0.9212,-2.3223,8.4421
-0.3097,-2.6267,7.3556
0.7681,-2.3376,7.4461
-0.1371,-2.9249,6.8999
1.6283,-2.4423,6.1801
-0.711,-2.3526,8.5614
-1.3595,-2.219,6.0984
0.1688,-2.7286,6.9291
-0.3858,-2.2233,6.4401
0.3976,-2.5215,7.6822
-1.2106,-2.205,6.5318
1.3668,-2.6883,8.0994
0.9592,-2.4269,8.2257
-0.6355,-2.4564,8.669
-0.0999,-2.5305,7.0008
0.7471,-2.3427,7.2475
0.6963,-2.6521,6.3068
-1.2247,-2.4141,8.1835
0.8519,-2.403,6.9972
0.8535,-2.5993,6.6812
1.4559,-2.7379,7.3804
-1.2933,-2.8346,6.1529
-0.9911,-2.5669,7.0523
0.5278,-2.3172,7.8729
-1.277,-2.3904,8.9405
1.4219,-2.4782,6.5687
0.9343,-2.9496,8.1458
0.8479,-2.3637,6.4819
-1.7261,-2.7114,6.1696
0.8941,-2.2749,6.1399
1.409,-2.289,6.946
0.2248,-2.3665,8.9381
0.2039,-2.3463,7.4054
0.8367,-2.2727,6.7419
1.5898,-2.6737,8.453
-0.096,-2.2979,7.3262
-1.0263,-2.371,7.0096
0.0956,-2.662,8.7129
-0.4313,-2.6422,6.1925
1.5441,-2.2507,7.5104
-1.6452,-2.5949,7.4741
1.1528,-2.8368,7.2057
0.2767,-2.4941,8.1373
-0.3843,-2.5999,7.4641
-1.7777,-2.6632,7.6332
0.8797,-2.6448,8.447
-0.2035,-2.4496,7.1955
0.6578,-2.7444,8.22
-1.4685,-2.2107,8.4551
-0.5572,-2.8984,8.5573
-1.7743,-2.4181,7.4609
-0.0405,-2.2358,7.5762
0.6231,-2.262,7.7147
0.3234,-2.6231,6.6986
-0.5529,-2.7514,6.0083
-1.1909,-2.8864,7.3735
0.3784,-2.7728,8.1087
-1.6888,-2.8519,6.522
0.7027,-2.3996,6.0508
1.7711,-2.8195,7.1721
1.2765,-2.3258,7.9046
-0.9552,-2.4293,6.4581
-0.9999,-2.3927,7.2503
1.3372,-2.464,8.475
0.9591,-2.3292,6.8101
0.1651,-2.6685,6.4513
1.5976,-2.697,6.9649
0.1696,-2.8453,7.035
1.7292,-2.3026,6.621
1.5673,-2.3681,8.695
0.4724,-2.688,7.2731
-1.5508,-2.7534,8.2578
-0.0633,-2.6727,7.9699
-1.7869,-2.8922,6.4323
1.2883,-2.2267,7.0525
-0.5618,-2.7543,7.6492
-0.5061,-2.6593,6.1302
1.0515,-2.3739,7.8176
-1.5346,-2.7977,6.4622
0.5375,-2.3834,7.9852
0.1497,-2.8307,8.2663
1.7334,-2.7693,7.7292
-0.6424,-2.871,7.6353
0.0713,-2.8879,6.5914
-1.6964,-2.3639,8.9961
1.2542,-2.9498,8.5288
1.0602,-2.411,7.7303
0.0973,-2.481,8.6256
-1.2501,-2.5076,6.7764
-0.2029,-2.566,8.5827
0.1354,-2.7759,6.503
0.5917,-2.9045,7.9298
-1.1963,-2.6755,7.3676
-0.3859,-2.9038,7.196
-0.1921,-2.6356,6.4151
-1.2561,-2.4506,7.1063
-0.2237,-2.902,7.4763
-0.394,-2.3817,7.6912
-0.5408,-2.965,8.8842
-0.2378,-2.5609,8.6585
0.5885,-2.975,6.7111
0.9374,-2.3013,8.5327
0.2842,-2.3817,8.8075
0.406,-2.2449,6.4215
1.1579,-2.8018,8.6016
-0.6431,-2.3464,6.2976
1.7939,-2.4008,6.9614
-0.1808,-2.5577,7.2491
-1.3263,-2.7575,6.2297
0.5323,-2.4942,8.9992
0.1093,-2.6955,6.8631
0.4006,-2.2019,8.554
-0.6152,-2.6269,7.0149
-0.484,-2.2792,7.1473
-1.3904,-2.5339,8.3957
0.7238,-2.331,6.1776
0.5034,-2.4233,8.8423
-0.3616,-2.4152,6.3055
1.6474,-2.5354,6.1315
0.7665,-2.3192,6.2156
0.8754,-2.7753,8.8595
1.7055,-2.7343,7.356
-1.4299,-2.5158,8.7347
1.6469,-2.6332,7.5291
-0.8681,-2.4854,6.1937
0.4278,-2.9773,8.0896
-0.7441,-2.4482,6.4414
-1.7002,-2.8198,8.8074
-1.4983,-2.7598,8.5341
0.1113,-2.4076,7.7891
-1.2574,-2.6404,8.5834
-1.6086,-2.4737,6.6621
-0.2432,-2.2705,6.9885
-1.5471,-2.2344,6.3949
-1.2208,-2.4533,8.5022
-0.3457,-2.7729,7.3846
0.3881,-2.6325,7.218
0.0521,-2.8347,8.0895
-0.4891,-2.2311,7.5183
0.3813,-2.2251,6.8676
-0.9561,-2.4425,6.5168
-0.9396,-2.5892,6.1269
1.7897,-2.4961,7.038
-1.512,-2.6575,8.5988
1.435,-2.6865,6.6652
0.5308,-2.8423,6.6771
-0.3924,-2.4215,7.1181
1.6964,-2.4299,6.4829
1.379,-2.6312,7.7643
-1.1251,-2.3126,6.8344
0.3793,-2.5889,6.635
-1.5947,-2.7159,8.8319
1.6637,-2.7207,7.4763
0.3741,-2.9927,6.1191
-0.1608,-2.4043,7.2585
-0.3983,-2.3558,7.6753
0.8482,-2.803,6.1483
1.2209,-2.9666,6.408
1.0051,-2.3628,7.8889
0.5991,-2.7704,7.8329
1.2429,-2.4857,6.7215
-0.3469,-2.8245,6.6115
-0.5485,-2.4006,7.8236
1.0191,-2.3635,8.1247
-1.2908,-2.6969,6.843
0.0721,-2.6819,6.2618
1.6798,-2.34,8.7692
-0.1673,-2.7984,8.2124
-0.0474,-2.2542,6.1244
-1.7346,-2.649,8.7548
0.4651,-2.9777,7.4796
1.1481,-2.6298,6.6509
-1.045,-2.9503,8.4975
0.2934,-2.287,8.6844
0.5283,-2.5073,7.1101
-0.3443,-2.3081,7.9295
-1.0055,-2.8485,7.9738
-1.4564,-2.3934,6.2378
1.3401,-2.5905,6.4423
-1.5236,-2.2662,8.0269
-0.1753,-2.9885,8.4421
-0.6414,-2.2064,7.8674
1.0063,-2.5819,6.8532
1.6131,-2.7943,7.2275
0.1836,-2.9912,8.8355
-0.2884,-2.8446,6.8932
1.4557,-2.6902,7.6991
-0.7054,-2.4852,7.9151
1.1016,-2.603,7.525
1.3009,-2.4966,6.4455
-0.8406,-2.9815,6.1743
1.3421,-2.2361,7.3552
-0.2758,-2.8772,8.0518
-1.5958,-2.5556,6.3015
1.4594,-2.309,8.0624
0.5513,-2.3,6.8309
1.6268,-2.2777,8.7215
0.1359,-2.4677,6.9734
-1.0265,-2.5548,7.5976
1.5157,-2.2047,7.3018
-1.3045,-2.7739,6.2265
-0.0968,-2.9912,8.6334
-0.5576,-2.7223,8.3763
1.2521,-2.8062,8.9789
-0.9674,-2.8315,7.6102
-0.6512,-2.7792,8.9405
1.256,-2.3973,8.0141
0.9086,-2.4709,6.5452
0.7638,-2.868,8.8098
-1.4597,-2.5072,6.85
0.2513,-2.4402,7.1055
-1.2863,-2.7798,7.7089
-0.7028,-2.9274,6.662
1.598,-2.735,8.5153
1.3588,-2.7257,6.5811
0.0382,-2.3703,8.5017
1.2674,-2.6652,6.8099
-0.9846,-2.3831,7.3489
0.703,-2.8342,7.0975
-0.4614,-2.6079,7.6902
-1.0806,-2.5162,8.3557
-0.312,-2.2094,8.591
0.9994,-2.4641,7.642
1.7743,-2.5403,8.8732
1.7696,-2.7282,8.6364
1.4052,-2.6989,8.7821
1.762,-2.6164,7.4358
0.8232,-2.4806,8.3735
0.417,-2.9958,6.8157
0.5231,-2.5138,8.7696
-1.7668,-2.9612,6.4395
-1.4492,-2.2711,7.0991
0.1767,-2.6521,8.1487
-1.0283,-2.4884,8.775
-1.698,-2.7252,6.4688
1.2744,-2.655,6.3728
0.3309,-2.5936,7.8023
-1.3677,-2.621,6.9165
0.5578,-2.2559,8.7789
-1.4878,-2.9419,7.8207
0.3433,-2.5561,8.4755
-1.6865,-2.7881,7.0758
-0.6937,-2.9551,7.1041
-0.0922,-2.4959,7.7496
-1.419,-2.3877,7.9749
0.6653,-2.9996,8.554
-0.6831,-2.825,7.7045
-1.7763,-2.4827,8.2624
-0.1278,-2.5717,6.8836
-1.691,-2.3726,8.1742
1.1367,-2.8729,8.9334
-1.533,-2.8524,8.1263
0.9801,-2.4445,8.7447
-0.6846,-2.9032,6.9468
-0.5669,-2.9879,8.936
1.4767,-2.7665,6.0178
1.6195,-2.2828,8.1671
1.2936,-2.2844,7.6791
-0.8859,-2.6291,7.2264
-0.1264,-2.5232,8.7979
-1.2128,-2.2196,7.4364
-0.7879,-2.7792,6.0622
1.7023,-2.5531,8.7729
1.62,-2.6028,8.2318
1.5865,-2.8477,6.8648
0.469,-2.8858,6.8028
1.1208,-2.9208,8.5143
-0.8649,-2.4932,7.9314
1.2996,-2.2347,8.0298
-0.8124,-2.5018,6.3169
-1.3201,-2.9978,7.151
1.7032,-2.3496,7.1148
1.2077,-2.6007,8.2812
-1.6614,-2.9117,8.3437
1.3802,-2.5515,8.2646
1.6391,-2.9338,6.6806
-1.4936,-2.295,8.2306
-1.7928,-2.5334,6.6007
-0.4983,-2.2159,7.4755
0.3183,-2.3628,7.7045
1.0318,-2.6585,8.772
-0.4625,-2.3133,7.2836
-0.2662,-2.9477,6.0809
-1.727,-2.9922,8.501
-0.935,-2.4041,7.792
-0.5307,-2.3542,8.4515
0.3956,-2.9911,6.3125
1.4362,-2.4262,8.128
0.2144,-2.8926,8.4422
1.0493,-2.4955,7.947
1.2994,-2.534,8.1725
-0.1704,-2.4159,8.3763
-0.3665,-2.7847,7.4991
-0.7305,-2.5431,6.5647
-0.3674,-2.8418,6.8826
-0.4211,-2.2577,6.038
0.3785,-2.8706,8.8472
-1.646,-2.8617,8.4894
-0.0838,-2.3386,6.0866
0.6854,-2.7047,7.8139
0.0394,-2.3395,8.931
-0.2142,-2.9168,7.9276
1.2633,-2.4882,7.8568
1.5736,-2.954,6.7544
1.3459,-2.8406,6.839
0.9921,-2.9407,6.3899
-0.8879,-2.6334,8.4769
-0.3203,-2.7639,7.9579
-0.7368,-2.9492,8.1247
0.5735,-2.4079,8.1622
1.1779,-2.5746,6.7923
-0.9961,-2.9743,6.7382
-1.6934,-2.5213,8.8024
1.1585,-2.3813,6.4053
-0.5862,-2.9595,8.1444
1.4756,-2.3086,7.4912
-1.5817,-2.566,8.5593
1.6267,-2.2691,8.1613
1.386,-2.8622,6.9069
1.1782,-2.2932,6.8983
1.2506,-2.9482,6.9529
-1.1181,-2.6277,6.4406
-1.4025,-2.4838,8.3869
1.1779,-2.6838,8.0124
1.5326,-2.4278,8.1431
0.2041,-2.9315,8.3782
-0.9795,-2.3646,8.075
-1.6398,-2.7928,6.2539
0.3693,-2.2655,8.5586
-1.5882,-2.8437,8.4934
-0.0318,-2.4544,7.5615
-1.1642,-2.2563,7.5409
0.8936,-2.8697,7.9943
-0.6532,-2.7913,6.5983
1.7559,-2.2448,6.4141
-0.8906,-2.9951,8.6786
0.8185,-2.3996,8.2363
-0.376,-2.5483,8.0927
-0.569,-2.4318,7.5103
1.1387,-2.2975,6.3846
1.5975,-2.6462,7.3363
1.0161,-2.2127,6.6669
-0.4305,-2.2138,8.8515
-1.767,-2.7207,7.3752
1.6255,-2.3286,6.1717
1.4312,-2.9578,6.0253
-0.2083,-2.424,7.4355
-1.1528,-2.3234,8.4954
1.092,-2.8954,6.2682
0.3076,-2.2745,7.7931
0.6054,-2.926,8.4165
1.316,-2.5258,7.0759
-1.4554,-2.405,6.2344
-0.3436,-2.553,6.9543
-1.5121,-2.8388,8.8435
0.0886,-2.7699,8.0743
-0.9984,-2.8884,8.0444
-1.3638,-2.5288,6.6778
-1.273,-2.3431,7.1643
-0.9683,-2.9909,6.8334
-0.9178,-2.5172,7.5239
1.7757,-2.8525,7.1976
0.4873,-2.9249,6.133
-1.2211,-2.2755,6.7611
-1.7838,-2.5618,6.0534
0.614,-2.6918,8.3635
-0.1223,-2.6667,7.8794
-1.3209,-2.8685,6.5217
1.6887,-2.3393,6.1702
0.1088,-2.8326,6.8742
-0.0402,-2.9936,7.4992
0.1943,-2.3622,8.3658
0.1202,-2.5161,7.3672
-0.0318,-2.8723,8.7683
0.3314,-2.2479,6.7577
-1.1176,-2.9131,8.1544
0.4799,-2.8881,6.5125
-0.0237,-2.2573,6.485
0.1375,-2.6817,8.0046
-0.4401,-2.5545,7.3547
-0.9279,-2.7571,8.7284
-1.4129,-2.6483,6.5151
1.7336,-2.3655,7.0799
-0.9179,-2.6613,6.333
0.5429,-2.4435,6.8141
-0.7867,-2.815,7.4704
0.6237,-2.2073,8.7596
0.1481,-2.4496,7.0928
-0.9049,-2.8289,8.0093
-0.2563,-2.3671,8.2104
-0.8144,-2.4835,7.2826
0.264,-2.7565,6.6445
-0.6881,-2.2139,7.7534
-0.2755,-2.6486,8.736
-1.6982,-2.8653,8.0651
-1.7754,-2.6581,6.8069
-0.9346,-2.4439,6.0602
-0.4765,-2.2042,7.1014
-0.9278,-2.9505,8.3123
-0.7287,-2.6322,6.6998
-1.3468,-2.9966,8.6087
0.0915,-2.2527,6.6519
1.7541,-2.2013,6.5581
-0.6503,-2.5764,7.3171
-1.1335,-2.705,6.328
-1.6408,-2.4806,6.7905
0.653,-2.7959,6.687
0.9779,-2.8777,8.7702
1.7847,-2.9643,7.6301
0.7204,-2.8338,8.1417
-1.3815,-2.8284,7.8084
-1.2507,-2.9763,7.131
0.6414,-2.5517,7.9815
-1.2595,-2.3047,8.1096
-0.0713,-2.7077,6.6474
0.6842,-2.2197,7.4429
-1.5118,-2.9086,6.4132
-0.5357,-2.6374,7.6946
0.4534,-2.6146,7.5774
1.0394,-2.4164,8.9714
-0.7427,-2.8546,7.7235
1.2931,-2.624,7.8416
-0.0782,-2.7234,8.1722
1.7251,-2.6829,6.6651
0.2854,-2.2075,6.7264
-0.7827,-2.3874,7.1552
1.5624,-2.3311,7.1409
0.014,-2.4501,6.2894
-1.2848,-2.5488,8.6932
-1.4831,-2.9621,7.1998
-1.4384,-2.9695,7.9759
-0.8745,-2.6804,7.2809
1.0815,-2.3228,7.5658
1.6486,-2.7921,8.8959
-0.8118,-2.4883,6.0489
-0.2736,-2.9276,6.6885
-0.0897,-2.265,6.0541
-1.3526,-2.6696,7.8407
1.0884,-2.795,6.2483
-1.0103,-2.3299,6.6245
1.3843,-2.7398,7.1877
-1.2798,-2.8114,6.5487
0.494,-2.2699,7.3236
-0.9555,-2.3672,7.6913
1.6186,-2.2973,8.2532
0.0254,-2.7208,8.2131
1.5163,-2.5743,7.7921
-0.708,-2.3376,6.2868
1.2064,-2.4079,7.0717
-1.6436,-2.7539,8.7257
0.2138,-2.5508,6.6907
-0.9801,-2.8916,6.2067
1.0779,-2.738,7.8114
-1.3226,-2.2006,6.839
0.3257,-2.6612,6.1934
1.6783,-2.2541,6.5702
-1.0841,-2.8903,8.2698
-1.5652,-2.7726,7.2755
-1.004,-2.2586,7.6492
0.3827,-2.5108,6.7752
-0.0564,-2.8586,8.0112
0.8133,-2.7157,6.1567
-0.7006,-2.4223,7.8387
-0.6956,-2.3049,7.3849
1.3381,-2.9639,7.3073
1.3541,-2.353,8.2726
0.6124,-2.5872,7.8665
-1.5923,-2.5007,6.2603
-0.0179,-2.6379,6.0853
1.5608,-2.4285,7.795
1.5587,-2.8182,7.8956
1.0913,-2.6166,6.6247
1.6213,-2.7392,6.9408
-0.868,-2.7249,6.561
0.3419,-2.2781,7.9079
0.5483,-2.2759,8.483
1.7458,-2.5541,8.0657
0.2232,-2.8598,7.901
-1.1629,-2.345,8.1691
-0.1114,-2.4963,6.72
-0.9149,-2.8617,7.5294
1.3792,-2.9426,6.0609
1.7046,-2.4989,7.9689
0.2241,-2.8627,8.4354
1.5364,-2.6183,7.3594
-1.1839,-2.8049,7.6025
0.502,-2.2724,6.484
0.7526,-2.2106,6.0939
-1.0117,-2.2816,7.2867
1.6291,-2.8842,6.1487
1.5717,-2.4757,7.0391
1.6253,-2.2035,6.6864
0.9758,-2.4428,6.2835
-1.0712,-2.9435,7.8323
-1.2766,-2.5091,7.4603
0.3883,-2.7086,8.0125
-0.7364,-2.6468,6.8339
-0.6776,-2.4418,6.34
0.7129,-2.5858,6.0204
-0.0875,-2.329,8.0516
1.1776,-2.3894,7.6255
1.2189,-2.9647,8.3637
1.5688,-2.461,7.7106
0.5956,-2.8468,7.9115
-1.4505,-2.7971,6.3606
1.4933,-2.5481,7.1826
1.0174,-2.7951,8.5315
-1.4821,-2.8863,7.3846
-1.009,-2.47,6.7071
0.0726,-2.2564,7.4039
0.6585,-2.7501,6.8614
-1.5316,-2.7157,6.7145
1.5848,-2.7343,6.4098
0.4602,-2.6408,8.3048
-1.1584,-2.4231,8.7656
-0.1655,-2.4605,7.6402
-1.7395,-2.3929,7.7466
0.6668,-2.2688,6.4653
1.287,-2.4555,7.7951
1.4297,-2.4179,8.3769
-0.8355,-2.5724,7.3939
1.4629,-2.4533,6.8074
-0.9284,-2.5303,6.1472
-0.4438,-2.9397,7.564
1.3835,-2.9353,8.0502
-1.007,-2.9082,7.6712
1.2133,-2.9908,8.8262
1.7437,-2.5566,6.2587
-1.3425,-2.9869,7.6804
-0.6201,-2.5599,6.2305
0.3828,-2.651,7.6387
0.8477,-2.2163,8.1905
-1.4477,-2.7105,8.3796
-1.3218,-2.414,7.3459
0.6436,-2.6417,7.4105
-0.691,-2.6291,7.0221
0.2708,-2.7846,8.6516
